timestamp,"5,00% NORDEA KREDIT SDRO IO30 2056","4,00% NORDEA KREDIT SDRO IO30 2056","4,00% NORDEA KREDIT SDRO IO 2056","3,50% NORDEA KREDIT SDRO IO 2056","3,50% NORDEA KREDIT SDRO ANN SDRO 2056","5,00% NORDEA KREDIT SDRO 2046","3,00% NORDEA KREDIT SDRO 2046","5,00% NORDEA KREDIT SDRO IO 2056","5,00% NORDEA KREDIT SDRO 2056","4,00% NORDEA KREDIT SDRO 2056","4,00% NORDEA KREDIT SDRO 2046","3,5 NDA 2056"
2025-01-05T11:15:38.662002+01:00,101.72,98.975,99.85,96.442,97.35,101.725,95.375,101.55,101.925,100.425,100.575,
2025-01-05T17:07:02.378717+01:00,101.72,98.975,99.85,96.442,97.35,101.725,95.375,101.55,101.925,100.425,100.575,
2025-01-06T09:00:05.703098+01:00,101.72,98.95,99.825,96.25,97.3,101.725,95.275,101.55,101.925,100.4,100.55,
2025-01-06T09:15:02.316163+01:00,101.72,98.925,99.9,96.25,97.41,101.725,95.3,101.55,101.925,100.375,100.525,
2025-01-06T09:30:01.743950+01:00,101.72,98.95,99.96,96.25,97.45,101.725,95.3,101.55,101.925,100.4,100.55,
2025-01-06T09:45:02.382898+01:00,101.72,98.925,99.96,96.275,97.45,101.725,95.325,101.55,101.925,100.375,100.525,
2025-01-06T10:00:02.068523+01:00,101.72,98.925,99.95,96.25,97.43,101.725,95.3,101.55,101.925,100.375,100.525,
2025-01-06T10:15:02.046738+01:00,101.72,98.9,99.9,96.225,97.275,101.725,95.3,101.55,101.925,100.35,100.5,
2025-01-06T10:30:04.182950+01:00,101.72,98.9,99.9,96.225,97.275,101.725,95.3,101.55,101.925,100.35,100.5,
2025-01-06T10:45:04.464749+01:00,101.72,98.9,99.92,96.24,97.44,101.725,95.3,101.55,101.925,100.35,100.5,
2025-01-06T11:00:04.036443+01:00,101.72,98.9,99.9,96.25,97.3,101.725,95.275,101.55,101.925,100.35,100.5,
2025-01-06T11:15:02.621756+01:00,101.72,98.925,99.92,96.275,97.325,101.725,95.3,101.55,101.925,100.375,100.525,
2025-01-06T11:30:02.833213+01:00,101.72,98.95,99.91,96.275,97.325,101.725,95.3,101.55,101.925,100.4,100.55,
2025-01-06T11:30:03.905923+01:00,101.72,98.95,99.91,96.275,97.325,101.725,95.3,101.55,101.925,100.4,100.55,
2025-01-06T11:45:03.015162+01:00,101.72,98.95,99.93,96.275,97.325,101.725,95.3,101.55,101.925,100.4,100.55,
2025-01-06T11:45:03.933205+01:00,101.72,98.95,99.93,96.275,97.325,101.725,95.3,101.55,101.925,100.4,100.55,
2025-01-06T12:00:02.474314+01:00,101.72,98.975,99.95,96.275,97.325,101.725,95.3,101.55,101.925,100.425,100.575,
2025-01-06T12:00:03.442057+01:00,101.72,98.975,99.95,96.275,97.325,101.725,95.3,101.55,101.925,100.425,100.575,
2025-01-06T12:15:03.031231+01:00,101.72,98.95,99.9,96.275,97.325,101.725,95.3,101.575,101.95,100.4,100.55,
2025-01-06T12:15:04.461436+01:00,101.72,98.95,99.9,96.275,97.325,101.725,95.3,101.575,101.95,100.4,100.55,
2025-01-06T12:30:02.517494+01:00,101.72,98.975,99.96,96.325,97.35,101.725,95.35,101.575,101.95,100.425,100.575,
2025-01-06T12:30:03.129025+01:00,101.72,98.975,99.96,96.325,97.35,101.725,95.35,101.575,101.95,100.425,100.575,
2025-01-06T12:45:01.982823+01:00,101.72,98.975,99.9,96.3,97.35,101.725,95.325,101.575,101.95,100.425,100.575,
2025-01-06T12:45:02.616213+01:00,101.72,98.975,99.9,96.3,97.35,101.725,95.325,101.575,101.95,100.425,100.575,
2025-01-06T13:00:05.177370+01:00,101.72,98.975,99.9,96.3,97.35,101.725,95.325,101.575,101.95,100.425,100.575,
2025-01-06T13:00:05.905583+01:00,101.72,98.975,99.9,96.3,97.35,101.725,95.325,101.575,101.95,100.425,100.575,
2025-01-07T13:01:06.981143+01:00,101.72,98.95,99.92,96.525,97.75,101.725,95.2,101.65,102.025,100.4,100.475,
2025-01-07T13:01:07.600787+01:00,101.72,98.95,99.92,96.525,97.75,101.725,95.2,101.65,102.025,100.4,100.475,
2025-01-07T13:21:27.166069+01:00,101.72,98.925,99.91,96.525,97.74,101.725,95.175,101.65,102.025,100.375,100.45,
2025-01-07T13:21:27.834029+01:00,101.72,98.925,99.91,96.525,97.74,101.725,95.175,101.65,102.025,100.375,100.45,
2025-01-07T13:32:29.020234+01:00,101.72,98.95,99.92,96.525,97.75,101.725,95.2,101.65,102.025,100.4,100.475,
2025-01-07T13:32:30.001860+01:00,101.72,98.95,99.92,96.525,97.75,101.725,95.2,101.65,102.025,100.4,100.475,
2025-01-07T13:55:40.986152+01:00,101.72,98.95,99.85,96.55,97.6,101.725,95.225,101.65,102.025,100.4,100.475,
2025-01-07T13:55:41.647816+01:00,101.72,98.95,99.85,96.55,97.6,101.725,95.225,101.65,102.025,100.4,100.475,
2025-01-07T14:01:35.546298+01:00,101.72,98.95,99.85,96.55,97.6,101.725,95.225,101.65,102.025,100.4,100.475,
2025-01-07T14:01:36.126048+01:00,101.72,98.95,99.85,96.55,97.6,101.725,95.225,101.65,102.025,100.4,100.475,
2025-01-07T14:04:43.420532+01:00,101.72,98.95,99.85,96.55,97.6,101.725,95.225,101.65,102.025,100.4,100.475,
2025-01-07T14:04:43.987087+01:00,101.72,98.95,99.85,96.55,97.6,101.725,95.225,101.65,102.025,100.4,100.475,
2025-01-07T14:06:01.250561+01:00,101.72,98.95,99.85,96.55,97.6,101.725,95.225,101.65,102.025,100.4,100.475,
2025-01-07T14:07:15.073989+01:00,101.72,98.95,99.85,96.55,97.6,101.725,95.225,101.65,102.025,100.4,100.475,
2025-01-07T14:40:51.946871+01:00,101.72,98.95,99.85,96.55,97.6,101.725,95.225,101.65,102.025,100.4,100.475,
2025-01-07T14:45:03.336549+01:00,101.72,98.95,99.85,96.55,97.6,101.725,95.225,101.65,102.025,100.4,100.475,
2025-01-07T14:50:03.117010+01:00,101.72,98.95,99.85,96.55,97.6,101.725,95.225,101.65,102.025,100.4,100.475,
2025-01-07T15:00:06.571466+01:00,101.72,98.95,99.9,96.53,97.78,101.725,95.2,101.65,102.025,100.4,100.475,
2025-01-07T15:15:04.694759+01:00,101.72,98.975,99.95,96.58,97.83,101.725,95.25,101.65,102.025,100.425,100.5,
2025-01-07T15:30:05.817630+01:00,101.72,98.95,99.93,96.56,97.81,101.725,95.225,101.65,102.025,100.4,100.475,
2025-01-07T15:45:17.999352+01:00,101.72,98.95,99.93,96.56,97.81,101.725,95.4,101.65,102.025,100.4,100.475,
2025-01-07T16:00:06.416108+01:00,101.72,98.95,99.92,96.55,97.8,101.725,95.4,101.65,102.025,100.4,100.475,
2025-01-07T16:15:04.950625+01:00,101.72,98.925,99.94,96.57,97.82,101.725,95.35,101.65,102.025,100.375,100.45,
2025-01-07T16:30:02.774314+01:00,101.72,98.925,99.88,96.53,97.78,101.725,95.35,101.65,102.025,100.375,100.45,
2025-01-07T16:45:05.354123+01:00,101.72,98.925,99.87,96.5,97.75,101.725,95.325,101.65,102.025,100.375,100.45,
2025-01-07T17:00:04.840078+01:00,101.72,98.925,99.88,96.53,97.78,101.725,95.35,101.65,102.025,100.375,100.45,
2025-01-07T17:15:02.323159+01:00,101.72,98.925,99.88,96.53,97.78,101.725,95.325,101.65,102.025,100.375,100.45,
2025-01-07T17:38:12.621700+01:00,101.72,98.925,99.8,96.5,97.6,101.725,95.325,101.65,102.025,100.375,100.45,
2025-01-07T17:50:00.777949+01:00,101.72,98.925,99.8,96.5,97.6,101.725,95.325,101.65,102.025,100.375,100.45,
2025-01-07T18:00:02.498273+01:00,101.72,98.925,99.8,96.5,97.6,101.725,95.325,101.65,102.025,100.375,100.45,
2025-01-07T18:15:02.415735+01:00,101.72,98.925,99.8,96.5,97.6,101.725,95.325,101.65,102.025,100.375,100.45,
2025-01-07T18:56:43.205915+01:00,101.72,98.925,99.8,96.5,97.6,101.725,95.325,101.65,102.025,100.375,100.45,
2025-01-07T19:25:38.354387+01:00,101.72,98.925,99.8,96.5,97.6,101.725,95.325,101.65,102.025,100.375,100.45,
2025-01-07T19:33:14.363785+01:00,101.72,98.925,99.8,96.5,97.6,101.725,95.325,101.65,102.025,100.375,100.45,
2025-01-07T19:33:17.670448+01:00,101.72,98.925,99.8,96.5,97.6,101.725,95.325,101.65,102.025,100.375,100.45,
2025-01-07T19:45:03.450967+01:00,101.72,98.925,99.8,96.5,97.6,101.725,95.325,101.65,102.025,100.375,100.45,
2025-01-07T20:00:02.695904+01:00,101.72,98.925,99.8,96.5,97.6,101.725,95.325,101.65,102.025,100.375,100.45,
2025-01-07T20:04:14.293190+01:00,101.72,98.925,99.8,96.5,97.6,101.725,95.325,101.65,102.025,100.375,100.45,
2025-01-07T20:04:35.219149+01:00,101.72,98.925,99.8,96.5,97.6,101.725,95.325,101.65,102.025,100.375,100.45,
2025-01-07T20:05:31.249328+01:00,101.72,98.925,99.8,96.5,97.6,101.725,95.325,101.65,102.025,100.375,100.45,
2025-01-07T20:05:50.419956+01:00,101.72,98.925,99.8,96.5,97.6,101.725,95.325,101.65,102.025,100.375,100.45,
2025-01-07T20:06:02.106271+01:00,101.72,98.925,99.8,96.5,97.6,101.725,95.325,101.65,102.025,100.375,100.45,
2025-01-07T20:08:51.237476+01:00,101.72,98.925,99.8,96.5,97.6,101.725,95.325,101.65,102.025,100.375,100.45,
2025-01-07T20:10:33.614280+01:00,101.72,98.925,99.8,96.5,97.6,101.725,95.325,101.65,102.025,100.375,100.45,
2025-01-07T20:30:02.628520+01:00,101.72,98.925,99.8,96.5,97.6,101.725,95.325,101.65,102.025,100.375,100.45,
2025-01-07T20:35:03.496589+01:00,101.72,98.925,99.8,96.5,97.6,101.725,95.325,101.65,102.025,100.375,100.45,
2025-01-07T20:36:26.832063+01:00,101.72,98.925,99.8,96.5,97.6,101.725,95.325,101.65,102.025,100.375,100.45,
2025-01-07T20:36:33.857917+01:00,101.72,98.925,99.8,96.5,97.6,101.725,95.325,101.65,102.025,100.375,100.45,
2025-01-07T20:40:57.439690+01:00,101.72,98.925,99.8,96.5,97.6,101.725,95.325,101.65,102.025,100.375,100.45,
2025-01-07T20:41:20.827718+01:00,101.72,98.925,99.8,96.5,97.6,101.725,95.325,101.65,102.025,100.375,100.45,
2025-01-07T20:42:10.753622+01:00,101.72,98.925,99.8,96.5,97.6,101.725,95.325,101.65,102.025,100.375,100.45,
2025-01-07T20:45:02.873884+01:00,101.72,98.925,99.8,96.5,97.6,101.725,95.325,101.65,102.025,100.375,100.45,
2025-01-07T22:13:30.253422+01:00,101.72,98.925,99.8,96.5,97.6,101.725,95.325,101.65,102.025,100.375,100.45,
2025-01-07T22:16:24.823185+01:00,101.72,98.925,99.8,96.5,97.6,101.725,95.325,101.65,102.025,100.375,100.45,
2025-01-07T22:36:36.618514+01:00,101.72,98.925,99.8,96.5,97.6,101.725,95.325,101.65,102.025,100.375,100.45,
2025-01-07T22:51:14.277938+01:00,101.72,98.925,99.8,96.5,97.6,101.725,95.325,101.65,102.025,100.375,100.45,
2025-01-07T23:16:06.639248+01:00,101.72,98.925,99.8,96.5,97.6,101.725,95.325,101.65,102.025,100.375,100.45,
2025-01-07T23:39:28.717128+01:00,101.72,98.925,99.8,96.5,97.6,101.725,95.325,101.65,102.025,100.375,100.45,
2025-01-07T23:51:02.715775+01:00,101.72,98.925,99.8,96.5,97.6,101.725,95.325,101.65,102.025,100.375,100.45,
2025-01-08T00:15:53.758420+01:00,101.72,98.925,99.8,96.5,97.6,101.725,95.325,101.65,102.025,100.375,100.45,
2025-01-08T00:36:31.358366+01:00,101.72,98.925,99.8,96.5,97.6,101.725,95.325,101.65,102.025,100.375,100.45,
2025-01-08T00:50:59.209482+01:00,101.72,98.925,99.8,96.5,97.6,101.725,95.325,101.65,102.025,100.375,100.45,
2025-01-08T02:19:16.859351+01:00,101.72,98.925,99.8,96.5,97.6,101.725,95.325,101.65,102.025,100.375,100.45,
2025-01-08T03:36:18.949964+01:00,101.72,98.925,99.8,96.5,97.6,101.725,95.325,101.65,102.025,100.375,100.45,
2025-01-08T04:03:51.308676+01:00,101.72,98.925,99.8,96.5,97.6,101.725,95.325,101.65,102.025,100.375,100.45,
2025-01-08T04:33:13.706649+01:00,101.72,98.925,99.8,96.5,97.6,101.725,95.325,101.65,102.025,100.375,100.45,
2025-01-08T04:51:05.546777+01:00,101.72,98.925,99.8,96.5,97.6,101.725,95.325,101.65,102.025,100.375,100.45,
2025-01-08T05:20:52.106742+01:00,101.72,98.925,99.8,96.5,97.6,101.725,95.325,101.65,102.025,100.375,100.45,
2025-01-08T05:40:50.611773+01:00,101.72,98.925,99.8,96.5,97.6,101.725,95.325,101.65,102.025,100.375,100.45,
2025-01-08T05:51:28.627563+01:00,101.72,98.925,99.8,96.5,97.6,101.725,95.325,101.65,102.025,100.375,100.45,
2025-01-08T06:16:54.332342+01:00,101.72,98.925,99.8,96.5,97.6,101.725,95.325,101.65,102.025,100.375,100.45,
2025-01-08T06:39:01.411629+01:00,101.72,98.925,99.8,96.5,97.6,101.725,95.325,101.65,102.025,100.375,100.45,
2025-01-08T06:51:05.119764+01:00,101.72,98.925,99.8,96.5,97.6,101.725,95.325,101.65,102.025,100.375,100.45,
2025-01-08T07:24:41.084911+01:00,101.72,98.925,99.8,96.5,97.6,101.725,95.325,101.65,102.025,100.375,100.45,
2025-01-08T07:44:39.578755+01:00,101.72,98.925,99.8,96.5,97.6,101.725,95.325,101.65,102.025,100.375,100.45,
2025-01-08T07:55:00.767410+01:00,101.72,98.925,99.8,96.5,97.6,101.725,95.325,101.65,102.025,100.375,100.45,
2025-01-08T08:16:07.660797+01:00,101.72,98.925,99.8,96.5,97.6,101.725,95.325,101.65,102.025,100.375,100.45,
2025-01-08T08:36:09.123482+01:00,101.72,98.925,99.8,96.5,97.6,101.725,95.325,101.65,102.025,100.375,100.45,
2025-01-08T08:50:59.915227+01:00,101.72,98.925,99.8,96.5,97.6,101.725,95.325,101.65,102.025,100.375,100.45,
2025-01-08T09:22:30.915461+01:00,101.72,98.925,99.88,96.53,97.78,101.725,95.325,101.65,102.025,100.375,100.45,
2025-01-08T09:43:17.393850+01:00,101.72,98.925,99.83,96.5,97.73,101.725,95.3,101.65,102.025,100.375,100.45,
2025-01-08T09:53:40.092830+01:00,101.72,98.925,99.9,96.5,97.75,101.725,95.3,101.65,102.025,100.375,100.45,
2025-01-08T10:18:28.802222+01:00,101.72,98.9,99.89,96.49,97.74,101.725,95.275,101.65,102.025,100.35,100.425,
2025-01-08T10:38:08.207076+01:00,101.72,98.9,99.87,96.475,97.72,101.725,95.275,101.65,102.025,100.35,100.425,
2025-01-08T10:51:01.054014+01:00,101.72,98.9,99.86,96.475,97.68,101.725,95.275,101.65,102.025,100.35,100.425,
2025-01-08T11:18:53.197820+01:00,101.72,98.9,99.85,96.475,97.67,101.725,95.275,101.65,102.025,100.35,100.425,
2025-01-08T11:39:45.645233+01:00,101.72,98.9,99.83,96.45,97.65,101.725,95.275,101.65,102.025,100.35,100.425,
2025-01-08T11:51:06.302346+01:00,101.72,98.9,99.82,96.45,97.64,101.725,95.275,101.65,102.025,100.35,100.425,
2025-01-08T12:14:17.177696+01:00,101.72,98.9,99.78,96.425,97.6,101.725,95.25,101.65,102.025,100.35,100.425,
2025-01-08T12:26:26.376441+01:00,101.72,98.875,99.78,96.425,97.6,101.725,95.25,101.65,102.025,100.325,100.4,
2025-01-08T12:37:46.734823+01:00,101.72,98.875,99.77,96.4,97.59,101.725,95.225,101.65,102.025,100.325,100.4,
2025-01-08T12:51:10.751095+01:00,101.72,98.875,99.75,96.425,97.525,101.725,95.225,101.65,102.025,100.325,100.4,
2025-01-08T13:35:12.471712+01:00,101.72,98.8,99.675,96.325,97.425,101.725,95.175,101.65,102.025,100.25,100.325,
2025-01-08T14:05:09.437371+01:00,101.72,98.8,99.72,96.325,97.52,101.725,95.175,101.65,102.025,100.28,100.325,
2025-01-08T14:32:06.762633+01:00,101.72,98.8,99.71,96.325,97.51,101.725,95.175,101.65,102.025,100.27,100.325,
2025-01-08T14:51:03.497802+01:00,101.72,98.775,99.69,96.3,97.52,101.725,95.175,101.65,102.025,100.28,100.3,
2025-01-08T15:16:31.322496+01:00,101.72,98.8,99.72,96.33,97.55,101.725,95.2,101.65,102.025,100.31,100.325,
2025-01-08T15:39:27.007543+01:00,101.72,98.75,99.625,96.3,97.4,101.725,95.15,101.65,102.025,100.2,100.275,
2025-01-08T15:50:48.825490+01:00,101.72,98.75,99.7,96.31,97.53,101.725,95.125,101.65,102.025,100.29,100.275,
2025-01-08T16:18:36.717636+01:00,101.72,98.75,99.64,96.275,97.47,101.725,95.175,101.65,102.025,100.25,100.275,
2025-01-08T16:38:49.329449+01:00,101.72,98.75,99.64,96.275,97.47,101.725,95.175,101.65,102.025,100.25,100.275,
2025-01-08T16:50:59.908254+01:00,101.72,98.775,99.65,96.3,97.4,101.725,95.2,101.65,102.025,100.225,100.3,
2025-01-08T17:21:42.866744+01:00,101.72,98.75,99.625,96.275,97.375,101.725,95.175,101.65,102.025,100.2,100.275,
2025-01-08T17:44:10.311470+01:00,101.72,98.75,99.625,96.275,97.375,101.725,95.175,101.65,102.025,100.2,100.275,
2025-01-08T17:54:46.702183+01:00,101.72,98.75,99.625,96.275,97.375,101.725,95.175,101.65,102.025,100.2,100.275,
2025-01-08T18:14:44.598119+01:00,101.72,98.75,99.625,96.275,97.375,101.725,95.175,101.65,102.025,100.2,100.275,
2025-01-08T18:31:16.889612+01:00,101.72,98.75,99.625,96.275,97.375,101.725,95.175,101.65,102.025,100.2,100.275,
2025-01-08T18:51:10.676867+01:00,101.72,98.75,99.625,96.275,97.375,101.725,95.175,101.65,102.025,100.2,100.275,
2025-01-08T19:24:24.890578+01:00,101.72,98.75,99.625,96.275,97.375,101.725,95.175,101.65,102.025,100.2,100.275,
2025-01-08T19:44:30.739605+01:00,101.72,98.75,99.625,96.275,97.375,101.725,95.175,101.65,102.025,100.2,100.275,
2025-01-08T19:55:02.741600+01:00,101.72,98.75,99.625,96.275,97.375,101.725,95.175,101.65,102.025,100.2,100.275,
2025-01-08T20:13:23.741285+01:00,101.72,98.75,99.625,96.275,97.375,101.725,95.175,101.65,102.025,100.2,100.275,
2025-01-08T20:24:00.706845+01:00,101.72,98.75,99.625,96.275,97.375,101.725,95.175,101.65,102.025,100.2,100.275,
2025-01-08T20:37:08.465395+01:00,101.72,98.75,99.625,96.275,97.375,101.725,95.175,101.65,102.025,100.2,100.275,
2025-01-08T20:51:12.920649+01:00,101.72,98.75,99.625,96.275,97.375,101.725,95.175,101.65,102.025,100.2,100.275,
2025-01-08T21:18:34.928387+01:00,101.72,98.75,99.625,96.275,97.375,101.725,95.175,101.65,102.025,100.2,100.275,
2025-01-08T21:38:16.727439+01:00,101.72,98.75,99.625,96.275,97.375,101.725,95.175,101.65,102.025,100.2,100.275,
2025-01-08T21:51:02.564004+01:00,101.72,98.75,99.625,96.275,97.375,101.725,95.175,101.65,102.025,100.2,100.275,
2025-01-08T22:16:14.100766+01:00,101.72,98.75,99.625,96.275,97.375,101.725,95.175,101.65,102.025,100.2,100.275,
2025-01-08T22:36:45.331930+01:00,101.72,98.75,99.625,96.275,97.375,101.725,95.175,101.65,102.025,100.2,100.275,
2025-01-08T22:50:53.685729+01:00,101.72,98.75,99.625,96.275,97.375,101.725,95.175,101.65,102.025,100.2,100.275,
2025-01-08T23:13:31.303726+01:00,101.72,98.75,99.625,96.275,97.375,101.725,95.175,101.65,102.025,100.2,100.275,
2025-01-09T09:01:06.064540+01:00,101.72,98.7,99.58,96.2,97.38,101.725,95.075,101.65,102.025,100.19,100.225,
2025-01-09T09:32:42.115690+01:00,101.72,98.725,99.6,96.225,97.39,101.725,95.125,101.65,102.025,100.2,100.25,
2025-01-09T09:49:34.527751+01:00,101.72,98.7,99.575,96.2,97.37,101.725,95.1,101.65,102.025,100.19,100.225,
2025-01-09T10:13:55.990516+01:00,101.72,98.7,99.575,96.2,97.35,101.725,95.1,101.65,102.025,100.16,100.225,
2025-01-09T10:30:01.121080+01:00,101.72,98.55,99.43,96.06,97.27,101.725,95.05,101.65,102.025,100.04,100.075,
2025-01-09T10:40:27.500882+01:00,101.72,98.55,99.43,96.06,97.27,101.725,95.05,101.65,102.025,100.04,100.075,
2025-01-09T10:48:57.847530+01:00,101.72,98.55,99.43,96.06,97.27,101.725,95.0,101.65,102.025,100.04,100.075,
2025-01-09T11:14:03.306252+01:00,101.72,98.5,99.41,96.04,97.25,101.725,94.975,101.625,102.0,100.02,100.025,
2025-01-09T11:34:48.335386+01:00,101.72,98.5,99.45,96.03,97.24,101.725,94.975,101.625,102.0,100.06,100.025,
2025-01-09T11:49:00.288371+01:00,101.72,98.5,99.44,96.025,97.23,101.725,94.95,101.625,102.0,100.05,100.025,
2025-01-09T12:10:48.179543+01:00,101.72,98.475,99.45,96.0,97.22,101.725,94.975,101.625,102.0,100.06,100.0,
2025-01-09T12:23:54.634168+01:00,101.72,98.475,99.42,95.975,97.19,101.725,94.95,101.625,102.0,100.03,100.0,
2025-01-09T12:35:37.333699+01:00,101.72,98.475,99.41,95.975,97.18,101.725,94.95,101.625,102.0,100.02,100.0,
2025-01-09T12:48:57.149355+01:00,101.72,98.45,99.46,96.02,97.23,101.725,94.975,101.625,102.0,100.07,99.975,
2025-01-09T13:25:05.382622+01:00,101.72,98.425,99.3,96.0,97.14,101.725,94.975,101.625,102.0,99.875,99.95,
2025-01-09T13:58:02.970323+01:00,101.72,98.35,99.29,95.95,97.14,101.725,95.025,101.625,102.0,99.84,99.875,
2025-01-09T14:24:02.366897+01:00,101.72,98.35,99.29,95.95,97.14,101.725,94.825,101.65,102.025,99.8,99.875,
2025-01-09T14:38:37.800910+01:00,101.72,98.35,99.31,95.95,97.16,101.725,94.825,101.65,102.025,99.8,99.875,
2025-01-09T14:48:59.347632+01:00,101.72,98.35,99.33,95.97,97.18,101.725,94.825,101.65,102.025,99.8,99.875,
2025-01-09T15:12:06.762230+01:00,101.72,98.35,99.31,95.95,97.16,101.725,94.825,101.65,102.025,99.8,99.875,
2025-01-09T15:31:10.138631+01:00,101.72,98.35,99.24,95.95,97.09,101.725,94.7,101.65,102.025,99.8,99.875,
2025-01-09T15:48:45.746903+01:00,101.72,98.325,99.23,95.95,97.11,101.725,94.7,101.65,102.025,99.775,99.85,
2025-01-09T16:13:32.981689+01:00,101.72,98.325,99.2,95.95,97.05,101.725,94.725,101.65,102.025,99.775,99.85,
2025-01-09T16:30:16.969800+01:00,101.72,98.325,99.2,95.925,97.025,101.725,94.675,101.65,102.025,99.775,99.85,
2025-01-09T16:41:02.232516+01:00,101.72,98.325,99.2,95.925,97.025,101.725,94.675,101.65,102.025,99.775,99.85,
2025-01-09T16:49:16.154389+01:00,101.72,98.3,99.175,95.9,97.0,101.725,94.65,101.65,102.025,99.75,99.825,
2025-01-09T17:15:56.214371+01:00,101.72,98.3,99.175,95.9,97.0,101.725,94.65,101.65,102.025,99.75,99.825,
2025-01-09T17:42:40.850520+01:00,101.72,98.3,99.175,95.9,97.0,101.725,94.65,101.65,102.025,99.75,99.825,
2025-01-09T17:52:05.948393+01:00,101.72,98.3,99.175,95.9,97.0,101.725,94.65,101.65,102.025,99.75,99.825,
2025-01-09T18:11:24.290898+01:00,101.72,98.3,99.175,95.9,97.0,101.725,94.65,101.65,102.025,99.75,99.825,
2025-01-09T18:29:07.462247+01:00,101.72,98.3,99.175,95.9,97.0,101.725,94.65,101.65,102.025,99.75,99.825,
2025-01-09T18:39:05.402665+01:00,101.72,98.3,99.175,95.9,97.0,101.725,94.65,101.65,102.025,99.75,99.825,
2025-01-09T18:49:00.950839+01:00,101.72,98.3,99.175,95.9,97.0,101.725,94.65,101.65,102.025,99.75,99.825,
2025-01-10T09:16:53.411164+01:00,101.72,98.2,99.15,95.84,97.01,101.725,94.55,101.65,102.025,99.67,99.725,
2025-01-10T09:41:18.958250+01:00,101.72,98.225,99.17,95.86,97.03,101.725,94.575,101.65,102.025,99.69,99.75,
2025-01-10T09:50:35.064796+01:00,101.72,98.2,99.14,95.8,96.94,101.725,94.55,101.65,102.025,99.65,99.725,
2025-01-10T10:14:15.798584+01:00,101.72,98.3,99.175,95.8,96.93,101.725,94.55,101.55,101.925,99.75,99.825,
2025-01-10T10:30:10.425738+01:00,101.72,98.3,99.175,95.825,96.94,101.725,94.8,101.575,101.95,99.75,99.825,
2025-01-10T10:40:34.942104+01:00,101.72,98.3,99.175,95.825,96.94,101.725,94.8,101.575,101.95,99.75,99.825,
2025-01-10T10:48:35.067289+01:00,101.72,98.3,99.175,95.8,96.93,101.725,94.6,101.575,101.95,99.75,99.825,
2025-01-10T11:13:58.620606+01:00,101.72,98.25,99.125,95.8,96.93,101.725,94.6,101.575,101.95,99.7,99.775,
2025-01-10T11:34:42.334028+01:00,101.72,98.25,99.14,95.8,96.95,101.725,94.6,101.575,101.95,99.7,99.775,
2025-01-10T11:49:01.033911+01:00,101.72,98.25,99.13,95.775,96.94,101.725,94.6,101.575,101.95,99.9,99.775,
2025-01-10T12:11:03.698341+01:00,101.72,98.25,99.13,95.775,96.94,101.725,94.6,101.575,101.95,99.9,99.775,
2025-01-10T12:24:08.436191+01:00,101.72,98.225,99.12,95.775,96.93,101.725,94.6,101.575,101.95,99.9,99.75,
2025-01-10T12:35:17.895457+01:00,101.72,98.25,99.125,95.775,96.92,101.725,94.6,101.575,101.95,99.9,99.775,
2025-01-10T12:48:41.307856+01:00,101.72,98.25,99.125,95.775,96.92,101.725,94.575,101.575,101.95,99.9,99.775,
2025-01-10T13:24:56.161390+01:00,101.72,98.25,99.15,95.79,96.96,101.725,94.6,101.575,101.95,99.9,99.775,
2025-01-10T13:57:53.880481+01:00,101.72,98.25,99.16,95.8,96.92,101.725,94.575,101.6,101.975,99.9,99.775,
2025-01-10T14:22:30.323526+01:00,101.72,98.225,99.11,95.75,96.89,101.725,94.575,101.6,101.975,99.9,99.75,
2025-01-10T14:36:28.033318+01:00,101.72,98.225,99.1,95.675,96.775,101.725,94.55,101.6,101.975,99.675,99.75,
2025-01-10T14:48:51.773437+01:00,101.72,98.2,99.075,95.625,96.725,101.725,94.5,101.6,101.975,99.65,99.725,
2025-01-10T15:12:21.439732+01:00,101.72,98.15,99.025,95.65,96.75,101.725,94.5,101.6,101.975,99.6,99.675,
2025-01-10T15:31:23.829584+01:00,101.72,98.175,99.05,95.675,96.775,101.725,94.55,101.6,101.975,99.625,99.7,
2025-01-10T15:48:57.094589+01:00,101.72,98.175,99.05,95.7,96.8,101.725,94.55,101.6,101.975,99.625,99.7,
2025-01-10T16:12:34.311745+01:00,101.72,98.175,99.05,95.675,96.775,101.725,94.55,101.6,101.975,99.625,99.7,
2025-01-10T16:29:32.273428+01:00,101.72,98.175,99.05,95.675,96.775,101.725,94.55,101.6,101.975,99.625,99.7,
2025-01-10T16:39:59.069104+01:00,101.72,98.175,99.05,95.7,96.8,101.725,94.55,101.6,101.975,99.625,99.7,
2025-01-10T16:48:54.816838+01:00,101.72,98.175,99.05,95.675,96.775,101.725,94.55,101.6,101.975,99.625,99.7,
2025-01-10T17:15:52.297059+01:00,101.72,98.15,99.025,95.65,96.75,101.725,94.525,101.6,101.975,99.6,99.675,
2025-01-10T17:42:53.872636+01:00,101.72,98.15,99.025,95.65,96.75,101.725,94.525,101.6,101.975,99.6,99.675,
2025-01-10T17:50:53.877027+01:00,101.72,98.15,99.025,95.65,96.75,101.725,94.525,101.6,101.975,99.6,99.675,
2025-01-10T18:11:39.648772+01:00,101.72,98.15,99.025,95.65,96.75,101.725,94.525,101.6,101.975,99.6,99.675,
2025-01-10T18:29:03.313263+01:00,101.72,98.15,99.025,95.65,96.75,101.725,94.525,101.6,101.975,99.6,99.675,
2025-01-10T18:38:58.767621+01:00,101.72,98.15,99.025,95.65,96.75,101.725,94.525,101.6,101.975,99.6,99.675,
2025-01-10T18:48:40.603774+01:00,101.72,98.15,99.025,95.65,96.75,101.725,94.525,101.6,101.975,99.6,99.675,
2025-01-11T09:15:05.802517+01:00,101.72,98.15,99.025,95.81,96.75,101.725,94.525,101.6,101.975,99.6,99.675,
2025-01-11T09:32:34.660858+01:00,101.72,98.15,99.025,95.81,96.75,101.725,94.525,101.6,101.975,99.6,99.675,
2025-01-11T09:48:46.826187+01:00,101.72,98.15,99.025,95.81,96.75,101.725,94.525,101.6,101.975,99.6,99.675,
2025-01-13T09:10:11.303494+01:00,101.72,98.075,98.95,95.55,96.65,101.725,94.425,101.625,102.0,99.525,99.7,
2025-01-13T09:23:42.105540+01:00,101.72,98.075,98.95,95.55,96.65,101.725,94.4,101.625,102.0,99.525,99.7,
2025-01-13T09:44:37.203277+01:00,101.72,98.025,98.9,95.425,96.59,101.725,94.375,101.625,102.0,99.475,99.65,
2025-01-13T09:55:00.292517+01:00,101.72,97.975,98.85,95.4,96.55,101.725,94.35,101.65,102.025,99.425,99.6,
2025-01-13T10:19:30.142787+01:00,101.72,97.925,98.8,95.35,96.48,101.725,94.375,101.65,102.025,99.375,99.55,
2025-01-13T10:39:41.300385+01:00,101.72,97.925,98.8,95.375,96.51,101.725,94.375,101.65,102.025,99.375,99.55,
2025-01-13T10:51:01.607142+01:00,101.72,97.925,98.8,95.35,96.49,101.725,94.225,101.65,102.025,99.375,99.55,
2025-01-13T11:19:25.711015+01:00,101.72,97.9,98.775,95.3,96.44,101.725,94.225,101.65,102.025,99.35,99.525,
2025-01-13T11:42:33.174989+01:00,101.72,97.9,98.775,95.325,96.46,101.725,94.25,101.7,102.075,99.35,99.525,
2025-01-13T11:52:48.564183+01:00,101.72,97.875,98.75,95.325,96.47,101.725,94.25,101.7,102.075,99.325,99.5,
2025-01-13T12:15:01.315689+01:00,101.72,97.875,98.75,95.325,96.48,101.725,94.25,101.7,102.075,99.325,99.5,
2025-01-13T12:27:27.026831+01:00,101.72,97.875,98.75,95.325,96.48,101.725,94.25,101.7,102.075,99.325,99.5,
2025-01-13T12:38:43.744191+01:00,101.72,97.9,98.79,95.375,96.53,101.725,94.275,101.7,102.075,99.35,99.525,
2025-01-13T12:51:13.413399+01:00,101.72,97.875,98.75,95.35,96.49,101.725,94.275,101.7,102.075,99.325,99.5,
2025-01-13T13:35:45.734724+01:00,101.72,97.875,98.75,95.35,96.48,101.725,94.275,101.7,102.075,99.325,99.5,
2025-01-13T14:07:15.905597+01:00,101.72,97.875,98.75,95.35,96.46,101.725,94.3,101.7,102.075,99.325,99.5,
2025-01-13T14:32:35.029660+01:00,101.72,97.875,98.75,95.35,96.48,101.725,94.275,101.7,102.075,99.325,99.5,
2025-01-13T14:50:52.735857+01:00,101.72,97.825,98.7,95.3,96.44,101.725,94.25,101.7,102.075,99.275,99.675,
2025-01-13T15:17:19.938759+01:00,101.72,97.85,98.725,95.325,96.47,101.725,94.3,101.7,102.075,99.3,99.75,
2025-01-13T15:41:26.465452+01:00,101.72,97.825,98.7,95.25,96.42,101.725,94.275,101.7,102.075,99.275,99.725,
2025-01-13T15:51:44.060261+01:00,101.72,97.775,98.65,95.27,96.44,101.725,94.3,101.7,102.075,99.225,99.675,
2025-01-13T16:19:24.456621+01:00,101.72,97.7,98.64,95.26,96.43,101.725,94.3,101.7,102.075,99.17,99.6,
2025-01-13T16:39:55.573627+01:00,101.72,97.7,98.61,95.23,96.4,101.725,94.275,101.7,102.075,99.15,99.6,
2025-01-13T16:51:18.316353+01:00,101.72,97.7,98.63,95.25,96.42,101.725,94.275,101.7,102.075,99.16,99.6,
2025-01-13T17:22:53.056221+01:00,101.72,97.7,98.575,95.175,96.275,101.725,94.275,101.7,102.075,99.15,99.6,
2025-01-13T17:45:53.839467+01:00,101.72,97.7,98.575,95.175,96.275,101.725,94.275,101.7,102.075,99.15,99.6,
2025-01-13T18:16:03.931832+01:00,101.72,97.7,98.575,95.175,96.275,101.725,94.275,101.7,102.075,99.15,99.6,
2025-01-13T18:38:39.088330+01:00,101.72,97.7,98.575,95.175,96.275,101.725,94.275,101.7,102.075,99.15,99.6,
2025-01-13T18:51:06.482722+01:00,101.72,97.7,98.575,95.175,96.275,101.725,94.275,101.7,102.075,99.15,99.6,
2025-01-14T08:13:45.638067+01:00,101.72,97.7,98.575,95.175,96.275,101.725,94.275,101.7,102.075,99.15,99.6,
2025-01-14T08:26:39.886991+01:00,101.72,97.7,98.575,95.175,96.275,101.725,94.275,101.7,102.075,99.15,99.6,
2025-01-14T08:36:47.909686+01:00,101.72,97.7,98.575,95.175,96.275,101.725,94.275,101.7,102.075,99.15,99.6,
2025-01-14T08:49:43.553588+01:00,101.72,97.7,98.575,95.175,96.275,101.725,94.275,101.7,102.075,99.15,99.6,
2025-01-14T09:18:52.151595+01:00,101.72,97.8,98.675,95.2,96.37,101.725,94.25,101.7,102.075,99.25,99.7,
2025-01-14T09:40:50.887465+01:00,101.72,97.775,98.65,95.18,96.35,101.725,94.225,101.7,102.075,99.225,99.675,
2025-01-14T09:50:08.386240+01:00,101.72,97.725,98.6,95.16,96.33,101.725,94.225,101.7,102.075,99.175,99.625,
2025-01-14T10:15:18.219154+01:00,101.72,97.725,98.6,95.14,96.31,101.725,94.2,101.7,102.075,99.175,99.625,
2025-01-14T10:30:19.683807+01:00,101.72,97.675,98.55,95.12,96.29,101.725,94.225,101.7,102.075,99.175,99.625,
2025-01-14T10:40:18.805395+01:00,101.72,97.675,98.55,95.12,96.29,101.725,94.225,101.7,102.075,99.175,99.625,
2025-01-14T10:50:02.922528+01:00,101.72,97.65,98.525,95.07,96.24,101.725,94.2,101.7,102.075,99.15,99.6,
2025-01-14T11:15:15.288135+01:00,101.72,97.65,98.525,95.05,96.21,101.725,94.175,101.7,102.075,99.15,99.6,
2025-01-14T11:34:00.998478+01:00,101.72,97.625,98.5,95.03,96.2,101.725,94.1,101.7,102.075,99.125,99.575,
2025-01-14T11:50:09.298467+01:00,101.72,97.65,98.525,95.06,96.23,101.725,94.025,101.7,102.075,99.15,99.6,
2025-01-14T12:12:17.015411+01:00,101.72,97.625,98.5,95.06,96.23,101.725,94.025,101.7,102.075,99.125,99.575,
2025-01-14T12:25:19.134357+01:00,101.72,97.625,98.5,95.04,96.21,101.725,94.025,101.7,102.075,99.125,99.575,
2025-01-14T12:35:59.084660+01:00,101.72,97.65,98.525,95.04,96.21,101.725,94.025,101.7,102.075,99.15,99.6,
2025-01-14T12:49:43.319494+01:00,101.72,97.625,98.5,95.02,96.19,101.725,94.0,101.7,102.075,99.125,99.575,
2025-01-14T13:28:38.927070+01:00,101.72,97.625,98.5,95.0,96.1,101.725,94.0,101.7,102.075,99.125,99.575,
2025-01-14T13:58:02.098245+01:00,101.72,97.625,98.5,95.0,96.1,101.725,94.0,101.7,102.075,99.125,99.575,
2025-01-14T14:23:17.733834+01:00,101.72,97.575,98.5,95.0,96.1,101.725,94.0,101.75,102.125,99.125,99.575,
2025-01-14T14:37:18.100936+01:00,101.72,97.55,98.475,95.01,96.18,101.725,94.0,101.75,102.125,99.1,99.55,
2025-01-14T14:50:02.680895+01:00,101.72,97.525,98.45,94.98,96.15,101.725,93.975,101.75,102.125,99.075,99.525,
2025-01-14T15:14:00.752054+01:00,101.72,97.475,98.41,94.99,96.16,101.725,93.975,,102.1,99.025,99.475,
2025-01-14T15:31:43.702314+01:00,101.72,97.475,98.4,94.96,96.13,101.725,93.975,,102.1,99.025,99.475,
2025-01-14T15:50:02.190359+01:00,101.72,97.375,98.32,94.89,96.06,101.725,93.95,101.7,102.075,98.925,99.375,
2025-01-14T16:15:13.064658+01:00,101.72,97.35,98.3,94.87,96.04,101.725,93.925,101.7,102.075,98.9,99.35,
2025-01-14T16:30:48.639420+01:00,101.72,97.4,98.325,94.88,96.05,101.725,93.925,101.7,102.075,98.95,99.4,
2025-01-14T16:50:02.387624+01:00,101.72,97.4,98.325,94.89,96.06,101.725,93.925,101.7,102.075,98.95,99.4,
2025-01-14T17:18:11.415554+01:00,101.72,97.4,98.325,94.87,96.04,101.725,93.925,101.7,102.075,98.95,99.4,
2025-01-14T17:42:19.088369+01:00,101.72,97.4,98.325,94.87,96.04,101.725,93.925,101.7,102.075,98.95,99.4,
2025-01-14T17:51:33.339445+01:00,101.72,97.4,98.325,94.87,96.04,101.725,93.925,101.7,102.075,98.95,99.4,
2025-01-14T18:13:07.050945+01:00,101.72,97.4,98.325,94.87,96.04,101.725,93.925,101.7,102.075,98.95,99.4,
2025-01-14T18:29:14.705281+01:00,101.72,97.4,98.325,94.8,95.9,101.725,93.925,101.7,102.075,98.95,99.4,
2025-01-14T18:39:22.140092+01:00,101.72,97.4,98.325,94.8,95.9,101.725,93.925,101.7,102.075,98.95,99.4,
2025-01-14T18:50:04.620542+01:00,101.72,97.4,98.325,94.8,95.9,101.725,93.925,101.7,102.075,98.95,99.4,
2025-01-15T08:13:46.476840+01:00,101.65,97.4,98.325,94.8,95.9,101.725,93.925,101.7,102.075,98.95,99.4,
2025-01-15T08:26:47.331005+01:00,101.65,97.4,98.325,94.8,95.9,101.725,93.925,101.7,102.075,98.95,99.4,
2025-01-15T08:37:04.135277+01:00,101.65,97.4,98.325,94.8,95.9,101.725,93.925,101.7,102.075,98.95,99.4,
2025-01-15T08:50:10.874112+01:00,101.65,97.4,98.325,94.8,95.9,101.725,93.925,101.7,102.075,98.95,99.4,
2025-01-15T09:19:17.409234+01:00,101.65,97.425,98.38,94.95,96.12,101.725,94.0,101.7,102.075,98.975,99.425,
2025-01-15T09:41:17.006338+01:00,101.65,97.4,98.37,94.94,96.11,101.725,94.0,101.7,102.075,98.95,99.4,
2025-01-15T09:50:36.104002+01:00,101.65,97.4,98.38,94.95,96.12,101.725,93.95,101.675,102.05,98.95,99.4,
2025-01-15T10:15:14.892172+01:00,101.65,97.4,98.325,94.85,95.95,101.725,93.95,101.675,102.05,98.95,99.4,
2025-01-15T10:30:29.879167+01:00,101.65,97.4,98.325,94.85,95.95,101.725,93.95,101.675,102.05,98.95,99.4,
2025-01-15T10:40:23.194974+01:00,101.65,97.4,98.325,94.85,95.95,101.725,93.95,101.675,102.05,98.95,99.4,
2025-01-15T10:50:14.585287+01:00,101.65,97.425,98.35,94.85,95.95,101.725,93.95,101.675,102.05,98.975,99.475,
2025-01-15T11:15:24.460443+01:00,101.65,97.35,98.33,94.85,96.01,101.725,93.925,101.675,102.05,98.95,99.45,
2025-01-15T11:34:04.262183+01:00,101.65,97.325,98.31,94.85,96.0,101.725,93.925,101.675,102.05,98.925,99.425,
2025-01-15T11:49:57.226650+01:00,101.65,97.3,98.3,94.85,95.99,101.725,93.925,101.675,102.05,98.9,99.425,
2025-01-15T12:12:52.012082+01:00,101.65,97.3,98.32,94.85,96.0,101.725,93.925,101.675,102.05,98.9,99.425,
2025-01-15T12:25:31.740068+01:00,101.65,97.3,98.32,94.85,96.01,101.725,93.925,101.675,102.05,98.9,99.425,
2025-01-15T12:36:20.000213+01:00,101.65,97.3,98.31,94.85,96.0,101.725,93.925,101.675,102.05,98.9,99.425,
2025-01-15T12:49:45.130813+01:00,101.65,97.3,98.31,94.875,96.0,101.725,93.95,101.675,102.05,98.9,99.425,
2025-01-15T13:28:50.117539+01:00,101.65,97.325,98.33,94.875,96.02,101.725,93.95,101.675,102.05,98.925,99.45,
2025-01-15T13:58:41.186440+01:00,101.65,97.325,98.33,94.875,96.02,101.725,93.95,101.675,102.05,98.925,99.45,
2025-01-15T14:24:57.577407+01:00,101.65,97.35,98.34,94.86,96.03,101.725,93.975,101.675,102.05,98.95,99.475,
2025-01-15T14:37:55.435186+01:00,101.65,97.35,98.275,94.875,96.025,101.725,94.0,101.675,102.05,98.95,99.475,
2025-01-15T14:50:09.993352+01:00,101.65,97.425,98.35,94.975,96.125,101.725,94.1,101.675,102.05,99.025,99.55,
2025-01-15T15:13:45.812201+01:00,101.65,97.55,98.475,95.05,96.2,101.725,94.175,101.675,102.05,99.15,99.675,
2025-01-15T15:31:36.418531+01:00,101.65,97.675,98.6,95.1,96.25,101.725,94.225,101.675,102.05,99.275,99.8,
2025-01-15T15:50:05.260718+01:00,101.65,97.675,98.6,95.1,96.25,101.725,94.225,101.675,102.05,99.275,99.8,
2025-01-15T16:15:31.752255+01:00,101.65,97.675,98.6,95.1,96.25,101.725,94.225,101.675,102.05,99.275,99.8,
2025-01-15T16:31:03.362324+01:00,101.65,97.75,98.675,95.15,96.3,101.725,94.275,101.675,102.05,99.35,99.875,
2025-01-15T16:49:52.087475+01:00,101.65,97.75,98.675,95.125,96.275,101.725,94.25,101.675,102.05,99.35,99.875,
2025-01-15T17:18:18.068097+01:00,101.65,97.725,98.65,95.1,96.25,101.725,94.225,101.675,102.05,99.325,99.85,
2025-01-15T17:41:11.873185+01:00,101.65,97.725,98.65,95.1,96.25,101.725,94.225,101.675,102.05,99.325,99.85,
2025-01-15T17:50:21.520936+01:00,101.65,97.725,98.65,95.1,96.25,101.725,94.225,101.675,102.05,99.325,99.85,
2025-01-15T18:13:04.002308+01:00,101.65,97.725,98.65,95.1,96.25,101.725,94.225,101.675,102.05,99.325,99.85,
2025-01-15T18:29:11.199520+01:00,101.65,97.725,98.65,95.1,96.25,101.725,94.225,101.675,102.05,99.325,99.85,
2025-01-15T18:39:14.571139+01:00,101.65,97.725,98.65,95.1,96.25,101.725,94.225,101.675,102.05,99.325,99.85,
2025-01-15T18:50:03.402234+01:00,101.65,97.725,98.65,95.1,96.25,101.725,94.225,101.675,102.05,99.325,99.85,
2025-01-16T08:13:48.537253+01:00,101.65,97.725,98.65,95.1,96.25,101.725,94.225,101.675,102.05,99.325,99.85,
2025-01-16T08:26:21.925782+01:00,101.65,97.725,98.65,95.1,96.25,101.725,94.225,101.675,102.05,99.325,99.85,
2025-01-16T08:36:38.100245+01:00,101.65,97.725,98.65,95.1,96.25,101.725,94.225,101.675,102.05,99.325,99.85,
2025-01-16T08:50:03.314777+01:00,101.65,97.725,98.65,95.1,96.25,101.725,94.225,101.675,102.05,99.325,99.85,
2025-01-16T09:18:34.646782+01:00,101.65,97.65,98.72,95.24,96.41,101.725,94.3,101.675,102.05,99.25,99.775,
2025-01-16T09:40:11.207069+01:00,101.65,97.7,98.68,95.2,96.37,101.725,94.275,101.675,102.05,99.325,99.85,
2025-01-16T09:49:46.221088+01:00,101.65,97.65,98.7,95.22,96.39,101.725,94.275,101.675,102.05,99.325,99.85,
2025-01-16T10:15:20.672724+01:00,101.65,97.7,98.74,95.26,96.43,101.725,94.275,101.675,102.05,99.325,99.85,
2025-01-16T10:30:02.121985+01:00,101.65,97.7,98.72,95.24,96.41,101.725,94.25,101.675,102.05,99.3,99.825,
2025-01-16T10:40:29.377604+01:00,101.65,97.7,98.72,95.24,96.41,101.725,94.25,101.675,102.05,99.3,99.825,
2025-01-16T10:50:10.529815+01:00,101.65,97.7,98.74,95.26,96.43,101.725,94.275,101.675,102.05,99.325,99.85,
2025-01-16T11:15:43.384045+01:00,101.65,97.725,98.77,95.29,96.46,101.725,94.3,101.675,102.05,99.35,99.875,
2025-01-16T11:39:52.757195+01:00,101.65,97.75,98.78,95.3,96.47,101.725,94.3,101.675,102.05,99.375,99.9,
2025-01-16T11:50:05.860904+01:00,101.65,97.775,98.82,95.34,96.51,101.725,94.325,101.675,102.05,99.4,99.925,
2025-01-16T12:12:03.332081+01:00,101.65,97.775,98.78,95.3,96.47,101.725,94.3,101.675,102.05,99.4,99.925,
2025-01-16T12:23:57.380363+01:00,101.65,97.75,98.75,95.27,96.44,101.725,94.275,101.675,102.05,99.375,99.9,
2025-01-16T12:35:58.614241+01:00,101.65,97.75,98.74,95.26,96.43,101.725,94.275,101.675,102.05,99.375,99.9,
2025-01-16T12:49:40.634571+01:00,101.65,97.7,98.76,95.28,96.45,101.725,94.25,101.675,102.05,99.35,99.875,
2025-01-16T13:28:40.327605+01:00,101.65,97.775,98.76,95.23,96.4,101.725,94.275,101.675,102.05,99.4,99.925,
2025-01-16T13:58:28.793420+01:00,101.65,97.75,98.77,95.24,96.41,101.725,94.275,101.675,102.05,99.4,99.925,
2025-01-16T14:24:37.615438+01:00,101.65,97.725,98.76,95.23,96.4,101.725,94.225,101.675,102.05,99.375,99.9,
2025-01-16T14:37:26.826589+01:00,101.65,97.7,98.625,95.175,96.325,101.725,94.2,101.675,102.05,99.35,99.875,
2025-01-16T14:49:52.496775+01:00,101.65,97.725,98.65,95.2,96.35,101.725,94.25,101.675,102.05,99.375,99.9,
2025-01-16T15:13:23.345904+01:00,101.65,97.7,98.625,95.175,96.325,101.725,94.25,101.675,102.05,99.35,99.875,
2025-01-16T15:31:00.637953+01:00,101.65,97.725,98.81,95.28,96.45,101.725,94.25,101.675,102.05,99.375,99.9,
2025-01-16T15:50:06.835255+01:00,101.65,97.725,98.81,95.28,96.45,101.725,94.25,101.675,102.05,99.375,99.9,
2025-01-16T16:15:15.202477+01:00,101.65,97.8,98.725,95.25,96.4,101.725,94.3,101.675,102.05,99.45,99.975,
2025-01-16T16:30:39.079735+01:00,101.65,97.825,98.75,95.25,96.4,101.725,94.325,101.675,102.05,99.475,100.0,
2025-01-16T16:40:50.754632+01:00,101.65,97.825,98.75,95.25,96.4,101.725,94.325,101.675,102.05,99.475,100.0,
2025-01-16T16:50:13.501352+01:00,101.65,97.825,98.75,95.275,96.425,101.725,94.325,101.675,102.05,99.475,100.0,
2025-01-16T17:17:51.779675+01:00,101.65,97.85,98.775,95.3,96.45,101.725,94.35,101.675,102.05,99.5,100.025,
2025-01-16T17:41:51.038223+01:00,101.65,97.85,98.775,95.3,96.45,101.725,94.35,101.675,102.05,99.5,100.025,
2025-01-16T17:51:19.555119+01:00,101.65,97.85,98.775,95.3,96.45,101.725,94.35,101.675,102.05,99.5,100.025,
2025-01-16T18:13:34.595455+01:00,101.65,97.85,98.775,95.3,96.45,101.725,94.35,101.675,102.05,99.5,100.025,
2025-01-16T18:29:45.932679+01:00,101.65,97.85,98.775,95.3,96.45,101.725,94.35,101.675,102.05,99.5,100.025,
2025-01-16T18:39:46.373653+01:00,101.65,97.85,98.775,95.3,96.45,101.725,94.35,101.675,102.05,99.5,100.025,
2025-01-16T18:50:09.126722+01:00,101.65,97.85,98.775,95.3,96.45,101.725,94.35,101.675,102.05,99.5,100.025,
2025-01-17T08:13:46.894460+01:00,101.65,97.85,98.775,95.3,96.45,101.725,94.35,101.675,102.05,99.5,100.025,
2025-01-17T08:26:42.494578+01:00,101.65,97.85,98.775,95.3,96.45,101.725,94.35,101.675,102.05,99.5,100.025,
2025-01-17T08:36:44.409816+01:00,101.65,97.85,98.775,95.3,96.45,101.725,94.35,101.675,102.05,99.5,100.025,
2025-01-17T08:49:45.900851+01:00,101.65,97.85,98.775,95.3,96.45,101.725,94.35,101.675,102.05,99.5,100.025,
2025-01-17T09:18:20.316990+01:00,101.65,97.975,98.99,95.46,96.63,101.725,94.475,101.675,102.05,99.625,100.15,
2025-01-17T09:40:11.332036+01:00,101.65,97.95,98.97,95.44,96.61,101.725,94.475,101.675,102.05,99.6,100.125,
2025-01-17T09:50:03.278541+01:00,101.65,98.0,98.98,95.45,96.62,101.725,94.45,101.675,102.05,99.65,100.175,
2025-01-17T10:15:05.979281+01:00,101.65,98.025,99.01,95.43,96.6,101.725,94.475,101.675,102.05,99.675,100.2,
2025-01-17T10:29:56.784286+01:00,101.65,98.025,99.01,95.43,96.6,101.725,94.475,101.675,102.05,99.675,100.2,
2025-01-17T10:40:07.781421+01:00,101.65,98.0,99.0,95.42,96.59,101.725,94.475,101.675,102.05,99.65,100.175,
2025-01-17T10:50:18.225725+01:00,101.65,98.0,98.98,95.4,96.57,101.725,94.45,101.675,102.05,99.65,100.175,
2025-01-17T11:15:33.607453+01:00,101.65,98.0,99.03,95.45,96.62,101.725,94.475,101.675,102.05,99.65,100.175,
2025-01-17T11:34:14.305966+01:00,101.65,98.0,99.04,95.46,96.63,101.725,94.475,101.675,102.05,99.65,100.175,
2025-01-17T11:50:06.570340+01:00,101.65,98.0,99.02,95.46,96.63,101.725,94.475,101.675,102.05,99.65,100.175,
2025-01-17T12:13:11.262581+01:00,101.65,98.025,99.03,95.47,96.64,101.725,94.475,101.675,102.05,99.675,100.2,
2025-01-17T12:25:26.046378+01:00,101.65,98.05,99.05,95.49,96.66,101.725,94.475,101.675,102.05,99.7,100.225,
2025-01-17T12:36:22.647914+01:00,101.65,98.05,99.04,95.48,96.65,101.725,94.475,101.675,102.05,99.7,100.225,
2025-01-17T12:49:59.134396+01:00,101.65,98.05,99.05,95.49,96.66,101.725,94.5,101.675,102.05,99.7,100.225,
2025-01-17T13:28:12.019941+01:00,101.65,98.05,99.06,95.53,96.7,101.725,94.5,101.7,102.075,99.7,100.225,
2025-01-17T13:57:09.821905+01:00,101.65,98.075,99.02,95.5,96.66,101.725,94.5,101.7,102.075,99.7,100.225,
2025-01-17T14:21:17.927144+01:00,101.65,98.075,99.06,95.53,96.7,101.725,94.575,101.7,102.075,99.725,100.1,
2025-01-17T14:36:45.243256+01:00,101.65,98.1,99.07,95.54,96.71,101.725,94.6,101.7,102.075,99.75,100.125,
2025-01-17T14:50:11.235716+01:00,101.65,98.125,99.08,95.55,96.72,101.725,94.6,101.7,102.075,99.775,100.15,
2025-01-17T15:13:25.433411+01:00,101.65,98.075,99.03,95.525,96.675,101.725,94.575,101.7,102.075,99.725,100.1,
2025-01-17T15:30:42.670949+01:00,101.65,98.075,99.01,95.5,96.65,101.725,94.55,101.7,102.075,99.725,100.1,
2025-01-17T15:40:56.228845+01:00,101.65,98.075,99.01,95.5,96.65,101.725,94.55,101.7,102.075,99.725,100.1,
2025-01-17T15:49:41.153131+01:00,101.65,98.05,99.01,95.48,96.65,101.725,94.525,101.7,102.075,99.7,100.075,
2025-01-17T16:15:06.051885+01:00,101.65,98.05,98.975,95.5,96.65,101.725,94.55,101.7,102.075,99.7,100.075,
2025-01-17T16:30:10.702595+01:00,101.65,98.075,99.0,95.5,96.65,101.725,94.575,101.7,102.075,99.725,100.1,
2025-01-17T16:40:06.001760+01:00,101.65,98.075,99.0,95.5,96.65,101.725,94.575,101.7,102.075,99.725,100.1,
2025-01-17T16:50:05.479607+01:00,101.65,98.05,98.975,95.475,96.625,101.725,94.55,101.7,102.075,99.7,100.075,
2025-01-17T17:17:51.597235+01:00,101.65,98.05,98.975,95.475,96.625,101.725,94.525,101.7,102.075,99.7,100.075,
2025-01-17T17:41:25.401845+01:00,101.65,98.05,98.975,95.475,96.625,101.725,94.525,101.7,102.075,99.7,100.075,
2025-01-17T17:50:22.062687+01:00,101.65,98.05,98.975,95.475,96.625,101.725,94.525,101.7,102.075,99.7,100.075,
2025-01-17T18:13:14.764482+01:00,101.65,98.05,98.975,95.475,96.625,101.725,94.525,101.7,102.075,99.7,100.075,
2025-01-17T18:30:57.989838+01:00,101.65,98.05,98.975,95.475,96.625,101.725,94.525,101.7,102.075,99.7,100.075,
2025-01-17T18:49:59.035735+01:00,101.65,98.05,98.975,95.475,96.625,101.725,94.525,101.7,102.075,99.7,100.075,
2025-01-20T08:14:36.900348+01:00,101.65,98.05,98.975,95.696,96.625,101.725,94.525,101.7,102.075,99.7,100.075,
2025-01-20T08:27:47.560556+01:00,101.65,98.05,98.975,95.696,96.625,101.725,94.525,101.7,102.075,99.7,100.075,
2025-01-20T08:37:23.122696+01:00,101.65,98.05,98.975,95.696,96.625,101.725,94.525,101.7,102.075,99.7,100.075,
2025-01-20T08:50:09.198558+01:00,101.65,98.05,98.975,95.696,96.625,101.725,94.525,101.7,102.075,99.7,100.075,
2025-01-20T09:20:04.644145+01:00,101.65,98.05,98.975,95.696,96.625,101.725,94.525,101.7,102.075,99.7,100.075,
2025-01-20T09:42:19.856717+01:00,101.65,98.05,98.975,95.696,96.625,101.725,94.525,101.7,102.075,99.7,100.075,
2025-01-20T09:51:27.131614+01:00,101.65,98.075,99.0,95.475,96.625,101.725,94.575,101.7,102.075,99.725,100.1,
2025-01-20T10:16:37.268132+01:00,101.65,98.025,98.97,95.45,96.6,101.725,94.55,101.7,102.075,99.675,100.05,
2025-01-20T10:37:44.744999+01:00,101.65,98.025,98.98,95.45,96.6,101.725,94.55,101.7,102.075,99.675,100.05,
2025-01-20T10:49:54.215565+01:00,101.65,98.025,98.99,95.45,96.6,101.725,94.55,101.7,102.075,99.675,100.05,
2025-01-20T11:16:02.563546+01:00,101.65,98.0,98.98,95.425,96.59,101.725,94.525,101.7,102.075,99.65,100.025,
2025-01-20T11:40:21.598056+01:00,101.65,98.0,98.96,95.4,96.57,101.725,94.425,101.7,102.075,99.65,100.025,
2025-01-20T11:50:13.906892+01:00,101.65,97.975,98.95,95.4,96.55,101.725,94.475,101.7,102.075,99.625,100.0,
2025-01-20T12:12:38.805522+01:00,101.65,98.0,98.96,95.4,96.55,101.725,94.475,101.7,102.075,99.65,100.025,
2025-01-20T12:24:48.488849+01:00,101.65,98.0,98.97,95.4,96.55,101.725,94.475,101.7,102.075,99.65,100.025,
2025-01-20T12:36:15.229672+01:00,101.65,98.0,99.0,95.4,96.56,101.725,94.5,101.7,102.075,99.65,100.025,
2025-01-20T12:50:07.078139+01:00,101.65,98.0,98.99,95.4,96.55,101.725,94.475,101.7,102.075,99.65,100.025,
2025-01-20T13:29:25.423855+01:00,101.65,97.975,98.98,95.4,96.55,101.725,94.475,101.7,102.075,99.625,100.0,
2025-01-20T13:59:54.905713+01:00,101.65,97.975,98.98,95.4,96.55,101.725,94.475,101.7,102.075,99.625,100.0,
2025-01-20T14:27:35.074520+01:00,101.65,98.025,98.99,95.4,96.55,101.725,94.475,101.7,102.075,99.675,100.05,
2025-01-20T14:39:29.956666+01:00,101.65,98.025,98.98,95.47,96.55,101.725,94.475,101.7,102.075,99.675,100.05,
2025-01-20T14:49:45.265499+01:00,101.65,98.025,99.01,95.5,96.57,101.725,94.475,101.7,102.075,99.675,100.05,
2025-01-20T15:13:55.611208+01:00,101.65,98.075,99.09,95.53,96.625,101.725,94.525,101.7,102.075,99.725,100.1,
2025-01-20T15:32:07.052336+01:00,101.65,98.075,99.0,95.475,96.625,101.725,94.55,,102.1,99.725,100.1,
2025-01-20T15:50:20.494721+01:00,101.65,98.1,99.15,95.59,96.66,101.725,94.575,,102.1,99.75,100.125,
2025-01-20T16:15:43.928852+01:00,101.65,98.125,99.12,95.56,96.63,101.725,94.55,101.75,102.125,99.775,100.15,
2025-01-20T16:37:09.998462+01:00,101.65,98.15,99.075,95.475,96.625,101.725,94.575,101.75,102.125,99.8,100.175,
2025-01-20T16:50:10.656627+01:00,101.65,98.15,99.075,95.475,96.625,101.725,94.55,101.75,102.125,99.8,100.175,
2025-01-20T17:18:06.627703+01:00,101.65,98.175,99.1,95.525,96.675,101.725,94.6,101.75,102.125,99.825,100.2,
2025-01-20T17:41:45.749057+01:00,101.65,98.175,99.1,95.525,96.675,101.725,94.6,101.75,102.125,99.825,100.2,
2025-01-20T17:51:01.275919+01:00,101.65,98.175,99.1,95.525,96.675,101.725,94.6,101.75,102.125,99.825,100.2,
2025-01-20T18:12:56.512811+01:00,101.65,98.175,99.1,95.525,96.675,101.725,94.6,101.75,102.125,99.825,100.2,
2025-01-20T18:28:21.181020+01:00,101.65,98.175,99.1,95.525,96.675,101.725,94.6,101.75,102.125,99.825,100.2,
2025-01-20T18:37:55.526736+01:00,101.65,98.175,99.1,95.525,96.675,101.725,94.6,101.75,102.125,99.825,100.2,
2025-01-20T18:49:59.669254+01:00,101.65,98.175,99.1,95.525,96.675,101.725,94.6,101.75,102.125,99.825,100.2,
2025-01-21T08:14:07.552981+01:00,101.65,98.175,99.1,95.525,96.675,101.725,94.6,101.75,102.125,99.825,100.2,
2025-01-21T08:27:27.684485+01:00,101.65,98.175,99.1,95.525,96.675,101.725,94.6,101.75,102.125,99.825,100.2,
2025-01-21T08:37:24.437344+01:00,101.65,98.175,99.1,95.525,96.675,101.725,94.6,101.75,102.125,99.825,100.2,
2025-01-21T08:50:00.191563+01:00,101.65,98.175,99.1,95.525,96.675,101.725,94.6,101.75,102.125,99.825,100.2,
2025-01-21T09:19:08.086199+01:00,101.65,98.175,99.2,95.64,96.71,101.725,94.6,101.75,102.125,99.825,100.2,
2025-01-21T09:40:47.755371+01:00,101.65,98.175,99.22,95.66,96.73,101.725,94.6,101.75,102.125,99.825,100.2,
2025-01-21T09:50:00.371120+01:00,101.65,98.25,99.26,95.7,96.77,101.725,94.625,101.75,102.125,99.9,100.175,
2025-01-21T10:15:30.050590+01:00,101.65,98.225,99.26,95.65,96.72,101.725,94.6,101.75,102.125,99.875,100.15,
2025-01-21T10:31:00.314591+01:00,101.65,98.225,99.27,95.66,96.73,101.725,94.6,101.75,102.125,99.875,100.15,
2025-01-21T10:50:03.455585+01:00,101.65,98.225,99.24,95.65,96.7,101.725,94.6,101.75,102.125,99.875,100.1,
2025-01-21T11:15:45.337033+01:00,101.65,98.225,99.3,95.725,96.775,101.725,94.625,101.75,102.125,99.925,100.15,
2025-01-21T11:40:07.266881+01:00,101.65,98.225,99.28,95.7,96.75,101.725,94.6,101.75,102.125,99.9,100.125,
2025-01-21T11:49:52.611928+01:00,101.65,98.2,99.27,95.7,96.75,101.725,94.6,101.75,102.125,99.875,100.1,
2025-01-21T12:12:33.729275+01:00,101.65,98.2,99.24,95.675,96.725,101.725,94.625,101.75,102.125,99.875,100.1,
2025-01-21T12:24:53.222633+01:00,101.65,98.2,99.23,95.675,96.75,101.725,94.6,101.75,102.125,99.875,100.1,
2025-01-21T12:36:13.943770+01:00,101.65,98.2,99.21,95.675,96.73,101.725,94.6,101.75,102.125,99.875,100.1,
2025-01-21T12:49:41.784291+01:00,101.65,98.2,99.22,95.675,96.73,101.725,94.6,101.75,102.125,99.875,100.1,
2025-01-21T13:29:25.679152+01:00,101.65,98.225,99.25,95.7,96.76,101.725,94.65,101.75,102.125,99.9,100.125,
2025-01-21T13:59:18.584420+01:00,101.65,98.225,99.24,95.7,96.75,101.725,94.65,101.75,102.125,99.9,100.125,
2025-01-21T14:26:55.161318+01:00,101.65,98.225,99.25,95.7,96.76,101.725,94.65,101.75,102.125,99.9,100.125,
2025-01-21T14:38:44.412313+01:00,101.65,98.25,99.26,95.725,96.775,101.725,94.675,101.75,102.125,99.925,100.15,
2025-01-21T14:50:04.432743+01:00,101.65,98.25,99.29,95.725,96.8,101.725,94.675,101.75,102.125,99.925,100.15,
2025-01-21T15:14:03.981519+01:00,101.65,98.275,99.34,95.75,96.85,101.725,94.7,101.75,102.125,99.95,100.175,
2025-01-21T15:32:34.462065+01:00,101.65,98.25,99.3,95.75,96.81,101.725,94.7,101.75,102.125,99.925,100.15,
2025-01-21T15:49:43.095810+01:00,101.65,98.25,99.28,95.75,96.8,101.725,94.675,101.75,102.125,99.925,100.15,
2025-01-21T16:15:49.295220+01:00,101.65,98.225,99.26,95.725,96.775,101.725,94.675,101.75,102.125,99.9,100.125,
2025-01-21T16:38:27.768045+01:00,101.65,98.275,99.31,95.75,96.82,101.725,94.725,101.75,102.125,99.95,100.175,
2025-01-21T16:50:11.885241+01:00,101.65,98.3,99.34,95.8,96.88,101.725,94.775,101.75,102.125,99.975,100.2,
2025-01-21T17:18:29.935671+01:00,101.65,98.3,99.31,95.775,96.87,101.725,94.75,101.75,102.125,99.975,100.2,
2025-01-21T17:43:13.324261+01:00,101.65,98.3,99.3,95.775,96.825,101.725,94.75,101.75,102.125,99.975,100.2,
2025-01-21T17:52:51.828163+01:00,101.65,98.3,99.3,95.775,96.825,101.725,94.75,101.75,102.125,99.975,100.2,
2025-01-21T18:14:18.500104+01:00,101.65,98.3,99.3,95.775,96.825,101.725,94.75,101.75,102.125,99.975,100.2,
2025-01-21T18:31:18.920271+01:00,101.65,98.3,99.3,95.775,96.825,101.725,94.75,101.75,102.125,99.975,100.2,
2025-01-21T18:49:46.988274+01:00,101.65,98.3,99.3,95.775,96.825,101.725,94.75,101.75,102.125,99.975,100.2,
2025-01-22T08:14:09.515809+01:00,101.65,98.3,99.3,95.775,96.825,101.725,94.75,101.75,102.125,99.975,100.2,
2025-01-22T08:27:22.322656+01:00,101.65,98.3,99.3,95.775,96.825,101.725,94.75,101.75,102.125,99.975,100.2,
2025-01-22T08:37:46.025383+01:00,101.65,98.3,99.3,95.775,96.825,101.725,94.75,101.75,102.125,99.975,100.2,
2025-01-22T08:50:02.971201+01:00,101.65,98.3,99.3,95.775,96.825,101.725,94.75,101.75,102.125,99.975,100.2,
2025-01-22T09:19:46.347298+01:00,101.65,98.275,99.275,95.775,96.83,101.725,94.725,101.75,102.125,99.95,100.175,
2025-01-22T09:41:52.947080+01:00,101.65,98.325,99.325,95.825,96.9,101.725,94.775,101.75,102.125,100.0,100.225,
2025-01-22T09:51:15.537306+01:00,101.65,98.375,99.375,95.85,96.94,101.725,94.775,101.75,102.125,100.05,100.275,
2025-01-22T10:15:57.982431+01:00,101.65,98.3,99.3,95.82,96.94,101.725,94.725,101.75,102.125,99.975,100.2,
2025-01-22T10:37:14.937776+01:00,101.65,98.375,99.375,95.85,96.96,101.725,94.725,101.75,102.125,100.05,100.275,
2025-01-22T10:50:04.939216+01:00,101.65,98.375,99.375,95.85,96.96,101.725,94.85,101.75,102.125,100.05,100.275,
2025-01-22T11:14:15.373557+01:00,101.65,98.375,99.375,95.85,96.93,101.725,94.85,101.75,102.125,100.05,100.275,
2025-01-22T11:33:05.505028+01:00,101.65,98.3,99.3,95.825,96.88,101.725,94.825,101.75,102.125,99.975,100.2,
2025-01-22T11:50:06.291150+01:00,101.65,98.275,99.275,95.8,96.87,101.725,94.8,101.75,102.125,99.95,100.175,
2025-01-22T12:12:42.032904+01:00,101.65,98.275,99.275,95.8,96.87,101.725,94.8,101.75,102.125,99.95,100.175,
2025-01-22T12:24:45.234288+01:00,101.65,98.3,99.3,95.825,96.88,101.725,94.825,101.75,102.125,99.975,100.2,
2025-01-22T12:36:18.537273+01:00,101.65,98.275,99.275,95.8,96.87,101.725,94.8,101.75,102.125,99.95,100.175,
2025-01-22T12:49:44.169962+01:00,101.65,98.275,99.275,95.8,96.87,101.725,94.8,101.75,102.125,99.95,100.175,
2025-01-22T13:29:15.253643+01:00,101.65,98.275,99.34,95.8,96.9,101.725,94.8,101.75,102.125,99.95,100.175,
2025-01-22T13:59:46.556970+01:00,101.65,98.275,99.35,95.825,96.91,101.725,94.825,101.75,102.125,99.95,100.175,
2025-01-22T14:27:18.518817+01:00,101.65,98.275,99.31,95.8,96.92,101.725,94.825,101.75,102.125,99.95,100.175,
2025-01-22T14:38:59.464273+01:00,101.65,98.275,99.3,95.8,96.91,101.725,94.825,101.75,102.125,99.95,100.175,
2025-01-22T14:50:06.259599+01:00,101.65,98.275,99.3,95.825,96.91,101.725,94.85,101.75,102.125,99.95,100.175,
2025-01-22T15:14:14.418430+01:00,101.65,98.25,99.26,95.8,96.9,101.725,94.85,101.75,102.125,99.925,100.15,
2025-01-22T15:32:27.971496+01:00,101.65,98.225,99.24,95.775,96.88,101.725,94.825,101.75,102.125,99.9,100.125,
2025-01-22T15:49:47.742731+01:00,101.65,98.2,99.2,95.75,96.83,101.725,94.8,101.75,102.125,99.875,100.1,
2025-01-22T16:15:33.652677+01:00,101.65,98.225,99.225,95.775,96.825,101.725,94.825,101.75,102.125,99.9,100.125,
2025-01-22T16:31:43.159882+01:00,101.65,98.2,99.2,95.75,96.8,101.725,94.8,101.75,102.125,99.875,100.1,
2025-01-22T16:49:56.555392+01:00,101.65,98.2,99.2,95.75,96.8,101.725,94.8,101.75,102.125,99.875,100.1,
2025-01-22T17:18:52.957807+01:00,101.65,98.175,99.175,95.725,96.775,101.725,94.775,101.75,102.125,99.85,100.075,
2025-01-22T17:42:12.605817+01:00,101.65,98.175,99.175,95.725,96.775,101.725,94.775,101.75,102.125,99.85,100.075,
2025-01-22T17:51:49.383455+01:00,101.65,98.175,99.175,95.725,96.775,101.725,94.775,101.75,102.125,99.85,100.075,
2025-01-22T18:14:08.955048+01:00,101.65,98.175,99.175,95.725,96.775,101.725,94.775,101.75,102.125,99.85,100.075,
2025-01-22T18:31:02.406819+01:00,101.65,98.175,99.175,95.725,96.775,101.725,94.775,101.75,102.125,99.85,100.075,
2025-01-22T18:50:02.878602+01:00,101.65,98.175,99.175,95.725,96.775,101.725,94.775,101.75,102.125,99.85,100.075,
2025-01-23T08:14:08.088371+01:00,101.65,98.175,99.175,95.725,96.775,101.725,94.775,101.75,102.125,99.85,100.075,
2025-01-23T08:29:16.509618+01:00,101.65,98.175,99.175,95.725,96.775,101.725,94.775,101.75,102.125,99.85,100.075,
2025-01-23T08:38:53.125368+01:00,101.65,98.175,99.175,95.725,96.775,101.725,94.775,101.75,102.125,99.85,100.075,
2025-01-23T08:49:58.423959+01:00,101.65,98.175,99.175,95.725,96.775,101.725,94.775,101.75,102.125,99.85,100.075,
2025-01-23T09:19:22.830599+01:00,101.65,98.175,99.19,95.75,96.83,101.725,94.8,101.75,102.125,99.85,100.075,
2025-01-23T09:29:18.158954+01:00,101.65,98.175,99.19,95.75,96.83,101.725,94.8,101.75,102.125,99.85,100.075,
2025-01-23T09:40:59.295080+01:00,101.65,98.175,99.22,95.75,96.86,101.725,94.8,101.75,102.125,99.85,100.075,
2025-01-23T09:50:16.616664+01:00,101.65,98.175,99.22,95.75,96.86,101.725,94.8,101.75,102.125,99.85,100.075,
2025-01-23T10:15:59.771309+01:00,101.65,98.1,99.15,95.675,96.74,101.725,94.775,101.75,102.125,99.775,100.0,
2025-01-23T10:38:04.141028+01:00,101.65,98.1,99.13,95.7,96.75,101.725,94.75,101.75,102.125,99.775,100.0,
2025-01-23T10:50:11.045894+01:00,101.65,98.075,99.12,95.675,96.725,101.725,94.75,101.75,102.125,99.75,99.975,
2025-01-23T11:16:16.423030+01:00,101.65,98.1,99.1,95.7,96.75,101.725,94.775,101.75,102.125,99.775,100.0,
2025-01-23T11:41:12.402228+01:00,101.65,98.05,99.05,95.65,96.7,101.725,94.725,101.75,102.125,99.725,99.95,
2025-01-23T11:50:10.979178+01:00,101.65,98.0,99.01,95.625,96.675,101.725,94.7,101.75,102.125,99.675,99.9,
2025-01-23T12:12:38.591899+01:00,101.65,98.0,99.05,95.625,96.675,101.725,94.7,101.75,102.125,99.675,99.9,
2025-01-23T12:24:51.543292+01:00,101.65,98.0,99.04,95.63,96.675,101.725,94.7,101.75,102.125,99.675,99.9,
2025-01-23T12:36:18.204574+01:00,101.65,98.0,99.03,95.63,96.675,101.725,94.7,101.75,102.125,99.675,99.9,
2025-01-23T12:49:51.603637+01:00,101.65,98.025,99.05,95.65,96.7,101.725,94.725,101.75,102.125,99.7,99.925,
2025-01-23T13:29:31.546860+01:00,101.65,98.0,99.0,95.63,96.675,101.725,94.7,101.75,102.125,99.675,99.9,
2025-01-23T13:59:31.185913+01:00,101.65,98.0,99.0,95.63,96.675,101.725,94.675,101.75,102.125,99.675,100.0,
2025-01-23T14:26:48.517135+01:00,101.65,98.0,99.0,95.63,96.675,101.725,94.675,101.75,102.125,99.675,100.0,
2025-01-23T14:38:42.953585+01:00,101.65,98.0,99.0,95.63,96.675,101.725,94.675,101.75,102.125,99.675,100.0,
2025-01-23T14:50:02.663631+01:00,101.65,98.0,99.0,95.63,96.675,101.725,94.675,101.75,102.125,99.675,100.0,
2025-01-23T15:13:54.330809+01:00,101.65,98.0,99.0,95.63,96.675,101.725,94.675,101.75,102.125,99.675,100.0,
2025-01-23T15:32:19.473637+01:00,101.65,97.875,98.89,95.63,96.475,101.725,94.575,101.75,102.125,99.55,99.875,
2025-01-23T15:50:10.786595+01:00,101.65,97.9,98.92,95.63,96.5,101.725,94.6,101.75,102.125,99.575,99.9,
2025-01-23T16:15:45.965426+01:00,101.65,97.975,98.975,95.63,96.575,101.725,94.675,101.75,102.125,99.65,99.975,
2025-01-23T16:38:05.196007+01:00,101.65,97.925,98.925,95.63,96.525,101.725,94.625,101.75,102.125,99.6,99.925,
2025-01-23T16:49:56.392826+01:00,101.65,97.95,98.95,95.63,96.55,101.725,94.65,101.75,102.125,99.625,99.95,
2025-01-23T17:18:36.680376+01:00,101.65,97.925,98.925,95.63,96.525,101.725,94.6,101.75,102.125,99.6,99.925,
2025-01-23T17:43:06.388110+01:00,101.65,97.925,98.925,95.63,96.525,101.725,94.6,101.75,102.125,99.6,99.925,
2025-01-23T17:52:37.079377+01:00,101.65,97.925,98.925,95.63,96.525,101.725,94.6,101.75,102.125,99.6,99.925,
2025-01-23T18:13:47.961021+01:00,101.65,97.925,98.925,95.63,96.525,101.725,94.6,101.75,102.125,99.6,99.925,
2025-01-23T18:30:27.433494+01:00,101.65,97.925,98.925,95.475,96.525,101.725,94.6,101.75,102.125,99.6,99.925,
2025-01-23T18:40:37.189941+01:00,101.65,97.925,98.925,95.475,96.525,101.725,94.6,101.75,102.125,99.6,99.925,
2025-01-23T18:49:55.627664+01:00,101.65,97.925,98.925,95.475,96.525,101.725,94.6,101.75,102.125,99.6,99.925,
2025-01-24T08:13:56.124942+01:00,101.65,97.925,98.925,95.475,96.525,101.725,94.6,101.75,102.125,99.6,99.925,
2025-01-24T08:27:02.348266+01:00,101.65,97.925,98.925,95.475,96.525,101.725,94.6,101.75,102.125,99.6,99.925,
2025-01-24T08:37:11.218668+01:00,101.65,97.925,98.925,95.475,96.525,101.725,94.6,101.75,102.125,99.6,99.925,
2025-01-24T08:50:04.303812+01:00,101.65,97.925,98.925,95.475,96.525,101.725,94.6,101.75,102.125,99.6,99.925,
2025-01-24T09:19:18.164297+01:00,101.65,97.925,98.98,95.525,96.575,101.725,94.7,101.75,102.125,99.625,99.95,
2025-01-24T09:40:22.741773+01:00,101.65,97.925,98.94,95.5,96.55,101.725,94.675,101.75,102.125,99.6,99.975,
2025-01-24T09:50:01.048977+01:00,101.65,97.825,98.825,95.63,96.45,101.725,94.55,101.75,102.125,99.5,99.875,
2025-01-24T10:15:53.396469+01:00,101.65,97.825,98.85,95.6,96.45,101.725,94.525,101.75,102.125,99.5,99.875,
2025-01-24T10:36:27.796625+01:00,101.65,97.825,98.84,95.6,96.45,101.725,94.525,101.75,102.125,99.5,99.875,
2025-01-24T10:50:01.419957+01:00,101.65,97.75,98.79,95.6,96.375,101.725,94.45,101.75,102.125,99.425,99.8,
2025-01-24T11:16:04.370292+01:00,101.65,97.775,98.78,95.6,96.4,101.725,94.475,101.75,102.125,99.45,99.875,
2025-01-24T11:39:50.113200+01:00,101.65,97.8,98.83,95.6,96.425,101.725,94.5,101.75,102.125,99.475,99.9,
2025-01-24T11:50:11.546347+01:00,101.65,97.825,98.86,95.6,96.45,101.725,94.525,101.75,102.125,99.5,99.925,
2025-01-24T12:12:45.675404+01:00,101.65,97.825,98.85,95.6,96.45,101.725,94.525,101.75,102.125,99.5,99.925,
2025-01-24T12:24:56.809001+01:00,101.65,97.8,98.8,95.6,96.425,101.725,94.5,101.75,102.125,99.475,99.9,
2025-01-24T12:36:09.740627+01:00,101.65,97.775,98.775,95.6,96.425,101.725,94.5,101.75,102.125,99.45,99.875,
2025-01-24T12:50:06.395385+01:00,101.65,97.75,98.75,95.6,96.4,101.725,94.475,101.75,102.125,99.425,99.85,
2025-01-24T13:28:30.295415+01:00,101.65,97.75,98.75,95.55,96.4,101.725,94.475,101.75,102.125,99.425,99.85,
2025-01-24T13:57:47.069533+01:00,101.65,97.725,98.725,95.55,96.225,101.725,94.4,101.75,102.125,99.4,99.825,
2025-01-24T14:22:46.038761+01:00,101.65,97.675,98.675,95.2,96.175,101.725,94.4,101.75,102.125,99.35,99.775,
2025-01-24T14:37:20.492088+01:00,101.65,97.675,98.675,95.2,96.175,101.725,94.425,101.75,102.125,99.35,99.775,
2025-01-24T14:49:45.227607+01:00,101.65,97.525,98.6,95.175,96.15,101.725,94.375,101.75,102.125,99.25,99.675,
2025-01-24T15:13:42.489667+01:00,101.65,97.6,98.62,95.2,96.175,101.725,94.4,101.75,102.125,99.325,99.85,
2025-01-24T15:31:22.620225+01:00,101.65,97.5,98.5,95.125,96.1,101.725,94.35,101.75,102.125,99.225,99.75,
2025-01-24T15:50:04.058396+01:00,101.65,97.5,98.5,95.125,96.1,101.725,94.325,101.75,102.125,99.225,99.75,
2025-01-24T16:15:18.855314+01:00,101.65,97.575,98.575,95.2,96.175,101.725,94.425,101.75,102.125,99.3,99.875,
2025-01-24T16:30:34.841630+01:00,101.65,97.575,98.575,95.2,96.175,101.725,94.4,101.75,102.125,99.3,99.875,
2025-01-24T16:40:54.251948+01:00,101.65,97.575,98.575,95.2,96.175,101.725,94.4,101.75,102.125,99.3,99.875,
2025-01-24T16:50:24.668591+01:00,101.65,97.575,98.575,95.2,96.175,101.725,94.4,101.75,102.125,99.3,99.875,
2025-01-24T17:18:04.694345+01:00,101.65,97.6,98.6,95.225,96.2,101.725,94.45,101.75,102.125,99.325,99.9,
2025-01-24T17:41:55.223885+01:00,101.65,97.6,98.6,95.225,96.2,101.725,94.45,101.75,102.125,99.325,99.9,
2025-01-24T17:51:00.489820+01:00,101.65,97.6,98.6,95.225,96.2,101.725,94.45,101.75,102.125,99.325,99.9,
2025-01-24T18:12:54.681050+01:00,101.65,97.6,98.6,95.225,96.2,101.725,94.45,101.75,102.125,99.325,99.9,
2025-01-24T18:29:06.236568+01:00,101.65,97.6,98.6,95.225,96.2,101.725,94.45,101.75,102.125,99.325,99.9,
2025-01-24T18:39:09.326366+01:00,101.65,97.6,98.6,95.225,96.2,101.725,94.45,101.75,102.125,99.325,99.9,
2025-01-24T18:50:00.470563+01:00,101.65,97.6,98.6,95.225,96.2,101.725,94.45,101.75,102.125,99.325,99.9,
2025-01-24T19:09:03.460755+01:00,101.65,97.6,98.6,95.225,96.2,101.725,94.45,101.75,102.125,99.325,99.9,
2025-01-24T19:12:27.715392+01:00,101.65,97.6,98.6,95.225,96.2,101.725,94.45,101.75,102.125,99.325,99.9,
2025-01-27T08:42:36.758816+01:00,101.65,97.6,98.6,95.439,96.2,101.725,94.45,101.75,102.125,99.325,99.9,
2025-01-27T08:49:46.450607+01:00,101.65,97.6,98.6,95.439,96.2,101.725,94.45,101.75,102.125,99.325,99.9,
2025-01-27T09:20:15.832995+01:00,101.65,97.775,98.775,95.4,96.375,101.725,94.625,101.75,102.125,99.5,100.075,
2025-01-27T09:41:46.165395+01:00,101.65,97.75,98.78,95.375,96.35,101.725,94.575,101.75,102.125,99.475,100.05,
2025-01-27T09:51:01.282801+01:00,101.65,97.75,98.79,95.375,96.35,101.725,94.575,101.75,102.125,99.475,100.05,
2025-01-27T10:16:58.863980+01:00,101.65,97.875,98.875,95.475,96.45,101.725,94.625,101.75,102.125,99.6,100.175,
2025-01-27T10:37:07.909562+01:00,101.65,97.825,98.825,95.425,96.4,101.725,94.575,101.75,102.125,99.55,100.125,
2025-01-27T10:50:03.808973+01:00,101.65,97.8,98.81,95.4,96.375,101.725,94.55,101.75,102.125,99.525,100.1,
2025-01-27T11:16:25.885655+01:00,101.65,97.8,98.8,95.375,96.35,101.725,94.55,101.75,102.125,99.525,100.1,
2025-01-27T11:40:27.470908+01:00,101.65,97.825,98.825,95.425,96.4,101.725,94.55,101.75,102.125,99.55,100.125,
2025-01-27T11:49:56.557885+01:00,101.65,97.85,98.85,95.425,96.4,101.725,94.575,101.75,102.125,99.575,100.15,
2025-01-27T12:12:54.545946+01:00,101.65,97.875,98.875,95.475,96.45,101.725,94.6,101.75,102.125,99.6,100.175,
2025-01-27T12:25:06.299472+01:00,101.65,97.9,98.9,95.475,96.45,101.725,94.625,101.75,102.125,99.625,100.2,
2025-01-27T12:36:28.837637+01:00,101.65,97.875,98.875,95.475,96.45,101.725,94.6,101.775,102.15,99.6,100.175,
2025-01-27T12:49:59.825541+01:00,101.65,97.875,98.875,95.45,96.425,101.725,94.6,101.775,102.15,99.6,100.175,
2025-01-27T13:29:28.085362+01:00,101.65,97.85,98.88,95.475,96.45,101.725,94.575,101.775,102.15,99.575,100.075,
2025-01-27T13:59:21.702094+01:00,101.65,97.825,98.84,95.45,96.425,101.725,94.55,101.775,102.15,99.55,100.05,
2025-01-27T14:26:57.255734+01:00,101.65,97.775,98.78,95.375,96.35,101.725,94.5,101.775,102.15,99.5,100.0,
2025-01-27T14:39:07.015100+01:00,101.65,97.75,98.76,95.375,96.35,101.725,94.5,101.775,102.15,99.475,99.975,
2025-01-27T14:49:49.303305+01:00,101.65,97.75,98.78,95.35,96.325,101.725,94.525,101.775,102.15,99.475,99.975,
2025-01-27T15:14:07.682800+01:00,101.65,97.75,98.78,95.35,96.325,101.725,94.525,101.775,102.15,99.475,99.975,
2025-01-27T15:32:28.569740+01:00,101.65,97.725,98.77,95.35,96.325,101.725,94.475,101.775,102.15,99.45,99.95,
2025-01-27T15:50:13.796398+01:00,101.65,97.725,98.77,95.325,96.31,101.725,94.475,101.775,102.15,99.45,99.95,
2025-01-27T16:14:11.346596+01:00,101.65,97.675,98.71,95.3,96.275,101.725,94.425,101.775,102.15,99.4,99.9,
2025-01-27T16:26:45.711213+01:00,101.65,97.7,98.72,95.3,96.275,101.725,94.45,101.775,102.15,99.425,99.925,
2025-01-27T16:36:10.192186+01:00,101.65,97.675,98.71,95.275,96.25,101.725,94.425,101.775,102.15,99.4,99.9,
2025-01-27T16:49:56.443829+01:00,101.65,97.675,98.69,95.275,96.25,101.725,94.425,101.775,102.15,99.4,99.9,
2025-01-27T17:19:02.685280+01:00,101.65,97.675,98.675,95.275,96.25,101.725,94.425,101.775,102.15,99.4,99.9,
2025-01-27T17:42:07.255973+01:00,101.65,97.675,98.675,95.275,96.25,101.725,94.425,101.775,102.15,99.4,99.9,
2025-01-27T17:51:04.726489+01:00,101.65,97.675,98.675,95.275,96.25,101.725,94.425,101.775,102.15,99.4,99.9,
2025-01-27T18:13:10.736787+01:00,101.65,97.675,98.675,95.275,96.25,101.725,94.425,101.775,102.15,99.4,99.9,
2025-01-27T18:29:33.242810+01:00,101.65,97.675,98.675,95.275,96.25,101.725,94.425,101.775,102.15,99.4,99.9,
2025-01-27T18:39:55.033120+01:00,101.65,97.675,98.675,95.275,96.25,101.725,94.425,101.775,102.15,99.4,99.9,
2025-01-27T18:50:01.008712+01:00,101.65,97.675,98.675,95.275,96.25,101.725,94.425,101.775,102.15,99.4,99.9,
2025-01-28T08:13:55.178247+01:00,101.65,97.675,98.675,95.275,96.25,101.725,94.425,101.775,102.15,99.4,99.9,
2025-01-28T08:26:52.511470+01:00,101.65,97.675,98.675,95.275,96.25,101.725,94.425,101.775,102.15,99.4,99.9,
2025-01-28T08:36:34.529180+01:00,101.65,97.675,98.675,95.275,96.25,101.725,94.425,101.775,102.15,99.4,99.9,
2025-01-28T08:49:58.168963+01:00,101.65,97.675,98.675,95.275,96.25,101.725,94.425,101.775,102.15,99.4,99.9,
2025-01-28T09:19:25.201561+01:00,101.65,97.625,98.71,95.25,96.25,101.725,94.4,101.775,102.15,99.35,99.85,
2025-01-28T09:40:53.153661+01:00,101.65,97.675,98.76,95.3,96.3,101.725,94.45,101.775,102.15,99.4,99.9,
2025-01-28T09:50:15.432322+01:00,101.65,97.675,98.74,95.3,96.28,101.725,94.425,101.775,102.15,99.4,99.9,
2025-01-28T10:15:51.417960+01:00,101.65,97.65,98.72,95.275,96.25,101.725,94.4,101.775,102.15,99.375,99.875,
2025-01-28T10:36:48.104722+01:00,101.65,97.625,98.69,95.25,96.225,101.725,94.225,101.775,102.15,99.35,99.85,
2025-01-28T10:49:59.193478+01:00,101.65,97.625,98.69,95.25,96.225,101.725,94.225,101.775,102.15,99.35,99.85,
2025-01-28T11:15:39.337280+01:00,101.65,97.625,98.7,95.25,96.225,101.725,94.225,101.775,102.15,99.35,99.85,
2025-01-28T11:39:29.578789+01:00,101.65,97.65,98.72,95.275,96.25,101.725,94.25,101.775,102.15,99.375,99.875,
2025-01-28T11:50:08.719995+01:00,101.65,97.625,98.7,95.25,96.225,101.725,94.25,101.775,102.15,99.35,99.85,
2025-01-28T12:12:27.667837+01:00,101.65,97.6,98.66,95.25,96.225,101.725,94.225,101.775,102.15,99.3,99.825,
2025-01-28T12:24:19.286320+01:00,101.65,97.6,98.68,95.25,96.225,101.725,94.225,101.775,102.15,99.3,99.825,
2025-01-28T12:36:22.684267+01:00,101.65,97.6,98.67,95.25,96.225,101.725,94.225,101.775,102.15,99.3,99.825,
2025-01-28T12:50:01.789398+01:00,101.65,97.6,98.67,95.25,96.225,101.725,94.225,101.775,102.15,99.3,99.825,
2025-01-28T13:28:45.509048+01:00,101.65,97.6,98.67,95.25,96.225,101.725,94.225,101.775,102.15,99.3,99.825,
2025-01-28T13:58:33.097285+01:00,101.65,97.6,98.65,95.175,96.15,101.725,94.2,101.775,102.15,99.3,99.85,
2025-01-28T14:24:28.906493+01:00,101.65,97.575,98.58,95.15,96.125,101.725,94.175,101.775,102.15,99.275,99.825,
2025-01-28T14:37:37.573223+01:00,101.65,97.6,98.6,95.175,96.15,101.725,94.2,101.775,102.15,99.3,99.85,
2025-01-28T14:49:56.511832+01:00,101.65,97.55,98.6,95.15,96.125,101.725,94.2,101.775,102.15,99.25,99.8,
2025-01-28T15:14:04.778292+01:00,101.65,97.55,98.57,95.15,96.125,101.725,94.175,101.775,102.15,99.25,99.8,
2025-01-28T15:32:07.289110+01:00,101.65,97.475,98.54,95.05,96.05,101.725,94.125,101.775,102.15,99.175,99.725,
2025-01-28T15:50:06.857114+01:00,101.65,97.525,98.58,95.1,96.09,101.725,94.175,101.775,102.15,99.225,99.775,
2025-01-28T16:16:00.602739+01:00,101.65,97.525,98.55,95.1,96.075,101.725,94.175,101.775,102.15,99.225,99.775,
2025-01-28T16:37:52.380343+01:00,101.65,97.5,98.52,95.075,96.05,101.725,94.15,101.775,102.15,99.2,99.75,
2025-01-28T16:50:02.292435+01:00,101.65,97.475,98.5,95.05,96.025,101.725,94.125,101.775,102.15,99.175,99.725,
2025-01-28T17:18:02.882638+01:00,101.9,97.475,98.475,95.05,96.025,101.725,94.125,101.775,102.15,99.175,99.725,
2025-01-28T17:42:11.305211+01:00,101.9,97.475,98.475,95.05,96.025,101.725,94.125,101.775,102.15,99.175,99.725,
2025-01-28T17:51:31.985004+01:00,101.9,97.475,98.475,95.05,96.025,101.725,94.125,101.775,102.15,99.175,99.725,
2025-01-28T18:12:44.708725+01:00,101.9,97.475,98.475,95.05,96.025,101.725,94.125,101.775,102.15,99.175,99.725,
2025-01-28T18:28:52.847576+01:00,101.9,97.475,98.475,95.05,96.025,101.725,94.125,101.775,102.15,99.175,99.725,
2025-01-28T18:38:53.439281+01:00,101.9,97.475,98.475,95.05,96.025,101.725,94.125,101.775,102.15,99.175,99.725,
2025-01-28T18:49:49.391835+01:00,101.9,97.475,98.475,95.05,96.025,101.725,94.125,101.775,102.15,99.175,99.725,
2025-01-29T08:13:49.919201+01:00,101.9,97.475,98.475,95.05,96.025,101.725,94.125,101.775,102.15,99.175,99.725,
2025-01-29T08:26:37.416753+01:00,101.9,97.475,98.475,95.05,96.025,101.725,94.125,101.775,102.15,99.175,99.725,
2025-01-29T08:37:02.621307+01:00,101.9,97.475,98.475,95.05,96.025,101.725,94.125,101.775,102.15,99.175,99.725,
2025-01-29T08:50:02.638715+01:00,101.9,97.475,98.475,95.05,96.025,101.725,94.125,101.775,102.15,99.175,99.725,
2025-01-29T09:19:13.796198+01:00,101.9,97.6,98.6,95.175,96.15,101.725,94.25,101.775,102.15,99.3,99.85,
2025-01-29T09:41:04.297040+01:00,101.9,97.475,98.5,95.05,96.04,101.725,94.175,101.775,102.15,99.175,99.725,
2025-01-29T09:50:14.566256+01:00,101.9,97.5,98.51,95.05,96.025,101.725,94.175,101.775,102.15,99.2,99.775,
2025-01-29T10:15:20.384810+01:00,101.9,97.5,98.53,95.05,96.05,101.725,94.175,101.775,102.15,99.2,99.775,
2025-01-29T10:30:21.041280+01:00,101.9,97.525,98.525,95.075,96.05,101.725,94.2,101.775,102.15,99.225,99.8,
2025-01-29T10:40:14.315788+01:00,101.9,97.525,98.525,95.075,96.05,101.725,94.2,101.775,102.15,99.225,99.8,
2025-01-29T10:50:09.814823+01:00,101.9,97.55,98.55,95.1,96.075,101.725,94.2,101.775,102.15,99.25,99.825,
2025-01-29T11:15:36.893194+01:00,101.9,97.5,98.5,95.05,96.025,101.725,94.175,101.775,102.15,99.2,99.775,
2025-01-29T11:34:16.797190+01:00,101.9,97.5,98.5,95.05,96.025,101.725,94.175,101.775,102.15,99.2,99.775,
2025-01-29T11:49:52.124413+01:00,101.9,97.525,98.525,95.05,96.025,101.725,94.175,101.775,102.15,99.225,99.8,
2025-01-29T12:12:10.463137+01:00,101.9,97.525,98.525,95.05,96.04,101.725,94.175,101.775,102.15,99.225,99.8,
2025-01-29T12:24:04.617450+01:00,101.9,97.5,98.5,95.025,96.0,101.725,94.175,101.775,102.15,99.2,99.775,
2025-01-29T12:36:25.847404+01:00,101.9,97.5,98.5,95.0,95.975,101.725,94.15,101.775,102.15,99.2,99.775,
2025-01-29T12:50:05.110729+01:00,101.9,97.475,98.475,94.975,95.95,101.725,94.125,101.775,102.15,99.175,99.75,
2025-01-29T13:28:52.734433+01:00,101.9,97.525,98.525,94.925,95.94,101.725,94.15,101.775,102.15,99.225,99.8,
2025-01-29T13:57:58.375013+01:00,101.9,97.525,98.53,94.95,95.94,101.725,94.15,101.775,102.15,99.225,99.8,
2025-01-29T14:24:01.582877+01:00,101.9,97.55,98.55,94.95,95.93,101.725,94.15,101.775,102.15,99.25,99.825,
2025-01-29T14:37:56.560523+01:00,101.9,97.525,98.525,94.9,95.91,101.725,94.15,101.775,102.15,99.225,99.8,
2025-01-29T14:50:03.723576+01:00,101.9,97.525,98.525,94.875,95.9,101.725,94.125,101.775,102.15,99.225,99.825,
2025-01-29T15:13:53.802047+01:00,101.9,97.525,98.525,94.875,95.9,101.725,94.125,101.775,102.15,99.225,99.825,
2025-01-29T15:31:53.999626+01:00,101.9,97.525,98.525,94.9,95.9,101.725,94.125,101.775,102.15,99.225,99.825,
2025-01-29T15:50:07.337220+01:00,101.9,97.525,98.58,94.9,95.9,101.725,94.15,101.775,102.15,99.225,99.825,
2025-01-29T16:15:29.799483+01:00,101.9,97.575,98.575,94.875,95.85,101.725,94.15,101.775,102.15,99.275,99.875,
2025-01-29T16:31:19.643606+01:00,101.9,97.525,98.53,94.85,95.85,101.725,94.125,101.775,102.15,99.225,99.825,
2025-01-29T16:50:01.843195+01:00,101.9,97.55,98.55,94.875,95.85,101.725,94.125,101.775,102.15,99.25,99.85,
2025-01-29T17:18:42.840261+01:00,101.9,97.5,98.5,94.825,95.8,101.725,94.075,101.775,102.15,99.2,99.8,
2025-01-29T17:41:31.362193+01:00,101.9,97.5,98.5,94.825,95.8,101.725,94.075,101.775,102.15,99.2,99.8,
2025-01-29T17:50:58.544252+01:00,101.9,97.5,98.5,94.825,95.8,101.725,94.075,101.775,102.15,99.2,99.8,
2025-01-29T18:13:14.617541+01:00,101.9,97.5,98.5,94.825,95.8,101.725,94.075,101.775,102.15,99.2,99.8,
2025-01-29T18:29:33.959530+01:00,101.9,97.5,98.5,94.825,95.8,101.725,94.075,101.775,102.15,99.2,99.8,
2025-01-29T18:40:03.108554+01:00,101.9,97.5,98.5,94.825,95.8,101.725,94.075,101.775,102.15,99.2,99.8,
2025-01-29T18:49:58.507794+01:00,101.9,97.5,98.5,94.825,95.8,101.725,94.075,101.775,102.15,99.2,99.8,
2025-01-30T08:13:35.844668+01:00,101.9,97.5,98.5,94.825,95.8,101.725,94.075,101.775,102.15,99.2,99.8,
2025-01-30T08:26:04.450650+01:00,101.9,97.5,98.5,94.825,95.8,101.725,94.075,101.775,102.15,99.2,99.8,
2025-01-30T08:36:18.868909+01:00,101.9,97.5,98.5,94.825,95.8,101.725,94.075,101.775,102.15,99.2,99.8,
2025-01-30T08:50:02.315410+01:00,101.9,97.5,98.5,94.825,95.8,101.725,94.075,101.775,102.15,99.2,99.8,
2025-01-30T09:18:30.136348+01:00,101.9,97.6,98.63,94.93,95.95,101.725,94.175,101.775,102.15,99.3,99.9,
2025-01-30T09:39:33.342460+01:00,101.9,97.65,98.7,95.0,96.02,101.725,94.2,101.775,102.15,99.35,99.95,
2025-01-30T09:50:11.874150+01:00,101.9,97.7,98.7,95.0,96.02,101.725,94.225,101.775,102.15,99.4,100.0,
2025-01-30T10:15:23.193127+01:00,101.9,97.8,98.8,95.125,96.1,101.725,94.3,101.775,102.15,99.5,100.1,
2025-01-30T10:29:52.353726+01:00,101.9,97.8,98.8,95.125,96.1,101.725,94.3,101.775,102.15,99.5,100.1,
2025-01-30T10:39:44.939019+01:00,101.9,97.775,98.775,95.1,96.075,101.725,94.275,101.775,102.15,99.475,100.075,
2025-01-30T10:50:04.885289+01:00,101.9,97.75,98.85,95.15,96.125,101.725,94.3,101.775,102.15,99.525,100.125,
2025-01-30T11:15:11.222542+01:00,101.9,97.775,98.85,95.225,96.2,101.725,94.3,101.775,102.15,99.55,100.15,
2025-01-30T11:33:51.358923+01:00,101.9,97.775,98.85,95.225,96.2,101.725,94.325,101.775,102.15,99.55,100.15,
2025-01-30T11:50:02.338374+01:00,101.9,97.8,98.875,95.25,96.225,101.725,94.35,101.775,102.15,99.575,100.175,
2025-01-30T12:13:22.493116+01:00,101.9,97.8,98.875,95.3,96.275,101.725,94.35,101.775,102.15,99.575,100.175,
2025-01-30T12:25:54.501099+01:00,101.9,97.85,98.925,95.325,96.3,101.725,94.35,101.775,102.15,99.625,100.225,
2025-01-30T12:36:11.632601+01:00,101.9,97.875,98.95,95.325,96.3,101.725,94.35,101.775,102.15,99.65,100.25,
2025-01-30T12:49:55.545488+01:00,101.9,97.85,98.925,95.325,96.3,101.725,94.35,101.775,102.15,99.625,100.225,
2025-01-30T13:28:45.137091+01:00,101.9,97.85,98.925,95.325,96.3,101.725,94.375,101.775,102.15,99.625,100.225,
2025-01-30T13:58:06.225245+01:00,101.9,97.875,98.96,95.35,96.325,101.725,94.375,101.775,102.15,99.65,100.1,
2025-01-30T14:23:55.068246+01:00,101.9,97.85,98.925,95.325,96.3,101.725,94.375,101.775,102.15,99.6,100.075,
2025-01-30T14:37:17.930995+01:00,101.9,97.875,98.95,95.35,96.325,101.725,94.4,101.775,102.15,99.625,100.1,
2025-01-30T14:49:57.072002+01:00,101.9,97.875,98.95,95.35,96.325,101.725,94.4,101.775,102.15,99.625,100.1,
2025-01-30T15:13:59.837739+01:00,101.9,97.85,98.975,95.375,96.35,101.725,94.4,101.775,102.15,99.65,100.125,
2025-01-30T15:30:54.555081+01:00,101.9,97.75,98.93,95.325,96.3,101.725,94.375,101.775,102.15,99.55,100.025,
2025-01-30T15:49:44.278612+01:00,101.9,97.825,98.96,95.4,96.375,101.725,94.425,101.775,102.15,99.625,100.1,
2025-01-30T16:15:22.152964+01:00,101.9,97.8,98.925,95.35,96.34,101.725,94.425,101.775,102.15,99.6,100.075,
2025-01-30T16:31:00.651143+01:00,101.9,97.775,98.92,95.35,96.36,101.725,94.425,101.775,102.15,99.575,100.05,
2025-01-30T16:50:10.341451+01:00,101.9,97.7,98.86,95.275,96.3,101.725,94.375,101.775,102.15,99.5,99.975,
2025-01-30T17:18:16.126665+01:00,101.9,97.7,98.825,95.3,96.275,101.725,94.4,101.775,102.15,99.525,100.0,
2025-01-30T17:42:43.773712+01:00,101.9,97.7,98.825,95.3,96.275,101.725,94.4,101.775,102.15,99.525,100.0,
2025-01-30T17:52:17.774122+01:00,101.9,97.7,98.825,95.3,96.275,101.725,94.4,101.775,102.15,99.525,100.0,
2025-01-30T18:12:59.356720+01:00,101.9,97.7,98.825,95.3,96.275,101.725,94.4,101.775,102.15,99.525,100.0,
2025-01-30T18:29:26.908360+01:00,101.9,97.7,98.825,95.3,96.275,101.725,94.4,101.775,102.15,99.525,100.0,
2025-01-30T18:39:44.201265+01:00,101.9,97.7,98.825,95.3,96.275,101.725,94.4,101.775,102.15,99.525,100.0,
2025-01-30T18:50:09.366219+01:00,101.9,97.7,98.825,95.3,96.275,101.725,94.4,101.775,102.15,99.525,100.0,
2025-01-31T08:13:53.712139+01:00,101.9,97.7,98.825,95.3,96.275,101.725,94.4,101.775,102.15,99.525,100.0,
2025-01-31T08:26:41.270405+01:00,101.9,97.7,98.825,95.3,96.275,101.725,94.4,101.775,102.15,99.525,100.0,
2025-01-31T08:36:41.790153+01:00,101.9,97.7,98.825,95.3,96.275,101.725,94.4,101.775,102.15,99.525,100.0,
2025-01-31T08:49:55.921874+01:00,101.9,97.7,98.825,95.3,96.275,101.725,94.4,101.775,102.15,99.525,100.0,
2025-01-31T09:18:47.978001+01:00,101.9,97.8,98.925,95.325,96.3,101.725,94.4,101.775,102.15,99.6,100.075,
2025-01-31T09:39:44.398363+01:00,101.9,97.675,98.8,95.275,96.25,101.725,94.375,101.775,102.15,99.5,99.95,
2025-01-31T09:49:48.270840+01:00,101.9,97.65,98.775,95.275,96.25,101.725,94.375,101.775,102.15,99.45,99.925,
2025-01-31T10:15:07.781856+01:00,101.925,97.875,99.0,95.45,96.425,101.725,94.525,101.8,102.175,99.675,100.15,
2025-01-31T10:29:56.850341+01:00,101.925,97.875,99.0,95.45,96.425,101.725,94.525,101.8,102.175,99.675,100.15,
2025-01-31T10:39:42.837633+01:00,102.05,97.9,99.025,95.51,96.53,101.725,94.575,101.925,102.3,99.7,100.175,
2025-01-31T10:49:46.251395+01:00,102.05,97.875,99.02,95.54,96.56,101.725,94.6,101.925,102.3,99.675,100.15,
2025-01-31T11:15:23.318009+01:00,102.05,97.825,99.04,95.49,96.51,101.725,94.525,101.925,102.3,99.625,100.1,
2025-01-31T11:34:02.674376+01:00,102.05,97.825,98.95,95.375,96.35,101.725,94.525,101.925,102.3,99.625,100.1,
2025-01-31T11:49:57.359577+01:00,102.05,97.825,98.95,95.4,96.375,101.725,94.525,101.925,102.3,99.625,100.1,
2025-01-31T12:12:18.654663+01:00,102.05,97.85,99.05,95.475,96.47,101.725,94.525,101.925,102.3,99.65,100.125,
2025-01-31T12:24:30.424852+01:00,102.05,97.85,99.06,95.475,96.48,101.725,94.525,101.925,102.3,99.65,100.125,
2025-01-31T12:36:29.226954+01:00,102.0,97.875,99.07,95.475,96.49,101.725,94.55,101.925,102.3,99.675,100.15,
2025-01-31T12:49:56.642377+01:00,102.0,97.875,99.08,95.5,96.5,101.725,94.575,101.925,102.3,99.675,100.15,
2025-01-31T13:28:24.329879+01:00,102.025,97.875,99.08,95.5,96.5,101.725,94.575,101.925,102.3,99.675,100.15,
2025-01-31T13:57:39.145126+01:00,102.025,97.9,99.08,95.5,96.5,101.725,94.575,101.925,102.3,99.7,100.175,
2025-01-31T14:22:12.994543+01:00,102.025,97.9,99.05,95.45,96.47,101.725,94.525,101.925,102.3,99.7,100.175,
2025-01-31T14:37:03.700060+01:00,102.025,97.875,99.03,95.45,96.45,101.725,94.525,101.925,102.3,99.675,100.15,
2025-01-31T14:49:56.220163+01:00,102.025,97.875,99.04,95.45,96.46,101.725,94.525,101.925,102.3,99.675,100.15,
2025-01-31T15:13:26.075251+01:00,102.025,97.95,99.11,95.51,96.53,101.725,94.575,101.925,102.3,99.75,100.225,
2025-01-31T15:29:39.655416+01:00,102.025,97.975,99.14,95.55,96.56,101.725,94.6,101.925,102.3,99.775,100.25,
2025-01-31T15:40:47.217972+01:00,102.025,97.95,99.13,95.53,96.55,101.725,94.6,101.925,102.3,99.75,100.225,
2025-01-31T15:49:46.628750+01:00,102.025,98.0,99.18,95.58,96.6,101.725,94.625,101.925,102.3,99.8,100.275,
2025-01-31T16:14:15.901970+01:00,102.025,98.025,99.24,95.64,96.66,101.725,94.65,101.925,102.3,99.825,100.3,
2025-01-31T16:28:10.222552+01:00,102.025,98.025,99.22,95.62,96.64,101.725,94.65,101.925,102.3,99.825,100.3,
2025-01-31T16:39:21.576965+01:00,102.025,97.975,99.19,95.59,96.61,101.725,94.625,101.925,102.3,99.775,100.25,
2025-01-31T16:50:03.761323+01:00,102.025,98.0,99.22,95.62,96.64,101.725,94.65,101.925,102.3,99.8,100.275,
2025-01-31T17:17:46.672249+01:00,102.025,98.025,99.23,95.63,96.65,101.725,94.675,101.925,102.3,99.825,100.3,
2025-01-31T17:42:19.854824+01:00,102.025,98.025,99.15,95.6,96.575,101.725,94.675,101.925,102.3,99.825,100.3,
2025-01-31T17:51:46.000984+01:00,102.025,98.025,99.15,95.6,96.575,101.725,94.675,101.925,102.3,99.825,100.3,
2025-01-31T18:12:42.541244+01:00,102.025,98.025,99.15,95.6,96.575,101.725,94.675,101.925,102.3,99.825,100.3,
2025-01-31T18:28:24.506177+01:00,102.025,98.025,99.15,95.6,96.575,101.725,94.675,101.925,102.3,99.825,100.3,
2025-01-31T18:37:56.465549+01:00,102.025,98.025,99.15,95.6,96.575,101.725,94.675,101.925,102.3,99.825,100.3,
2025-01-31T18:49:53.393352+01:00,102.025,98.025,99.15,95.6,96.575,101.725,94.675,101.925,102.3,99.825,100.3,
2025-02-03T08:14:29.957845+01:00,102.025,98.025,99.15,95.415,96.575,101.725,94.675,101.925,102.3,99.825,100.3,
2025-02-03T08:28:15.758147+01:00,102.025,98.025,99.15,95.415,96.575,101.725,94.675,101.925,102.3,99.825,100.3,
2025-02-03T08:37:45.485602+01:00,102.025,98.025,99.15,95.415,96.575,101.725,94.675,101.925,102.3,99.825,100.3,
2025-02-03T08:50:06.487192+01:00,102.025,98.025,99.15,95.415,96.575,101.725,94.675,101.925,102.3,99.825,100.3,
2025-02-03T09:20:16.776258+01:00,102.025,98.25,99.375,95.8,96.8,101.725,94.825,101.925,102.3,100.05,100.525,
2025-02-03T09:41:16.064413+01:00,102.025,98.2,99.325,95.775,96.75,101.725,94.775,101.925,102.3,100.0,100.475,
2025-02-03T09:50:22.592980+01:00,102.025,98.25,99.375,95.825,96.8,101.725,94.825,101.925,102.3,100.05,100.525,
2025-02-03T10:16:53.363932+01:00,102.025,98.225,99.35,95.8,96.775,101.725,94.825,101.925,102.3,100.025,100.5,
2025-02-03T10:36:54.559593+01:00,102.025,98.275,99.4,95.85,96.825,101.725,94.825,101.925,102.3,100.075,100.55,
2025-02-03T10:49:57.488416+01:00,102.025,98.35,99.475,95.95,96.925,101.725,94.9,101.925,102.3,100.15,100.625,
2025-02-03T11:15:48.335224+01:00,102.025,98.275,99.4,95.95,96.925,101.725,94.875,101.925,102.3,100.075,100.4,
2025-02-03T11:39:47.090056+01:00,102.025,98.275,99.4,95.925,96.9,101.725,94.85,101.925,102.3,100.075,100.4,
2025-02-03T11:50:15.258286+01:00,102.025,98.25,99.375,95.9,96.875,101.725,94.825,101.925,102.3,100.05,100.375,
2025-02-03T12:12:17.978587+01:00,102.025,98.225,99.35,95.9,96.875,101.725,94.825,101.925,102.3,100.025,100.35,
2025-02-03T12:24:28.702325+01:00,102.025,98.25,99.375,95.925,96.9,101.725,94.85,101.925,102.3,100.05,100.375,
2025-02-03T12:36:10.870118+01:00,102.025,98.275,99.4,95.95,96.925,101.725,94.875,101.925,102.3,100.075,100.4,
2025-02-03T12:49:56.048022+01:00,102.025,98.3,99.425,95.975,96.95,101.725,94.875,101.925,102.3,100.1,100.425,
2025-02-03T13:28:58.478105+01:00,102.025,98.375,99.5,96.05,97.025,101.725,94.95,101.925,102.3,100.175,100.5,
2025-02-03T13:58:43.076255+01:00,102.025,98.375,99.5,96.05,97.025,101.725,94.95,101.925,102.3,100.175,100.5,
2025-02-03T14:25:14.389946+01:00,102.025,98.325,99.45,96.025,97.0,101.725,94.925,101.925,102.3,100.125,100.45,
2025-02-03T14:37:41.715751+01:00,102.025,98.35,99.475,96.025,97.0,101.725,94.975,101.925,102.3,100.15,100.475,
2025-02-03T14:49:56.953248+01:00,102.025,98.3,99.425,95.975,96.95,101.725,94.95,101.925,102.3,100.1,100.425,
2025-02-03T15:14:38.988379+01:00,102.025,98.3,99.425,96.0,96.975,101.725,94.975,101.925,102.3,100.1,100.425,
2025-02-03T15:32:45.126222+01:00,102.025,98.325,99.45,96.075,97.05,101.725,95.05,101.925,102.3,100.125,100.45,
2025-02-03T15:49:50.635232+01:00,102.025,98.35,99.475,96.075,97.05,101.725,95.05,101.925,102.3,100.15,100.475,
2025-02-03T16:15:29.820087+01:00,102.025,98.4,99.525,96.125,97.1,101.725,95.1,101.925,102.3,100.2,100.525,
2025-02-03T16:31:03.556723+01:00,102.025,98.25,99.375,95.95,96.95,101.725,94.95,101.925,102.3,100.05,100.375,
2025-02-03T16:49:42.108494+01:00,102.025,98.175,99.3,95.9,96.875,101.725,94.9,101.925,102.3,99.975,100.3,
2025-02-03T17:18:08.472662+01:00,102.025,98.25,99.375,95.975,96.95,101.725,94.95,101.925,102.3,100.05,100.375,
2025-02-03T17:42:24.376730+01:00,102.025,98.25,99.375,95.975,96.95,101.725,94.95,101.925,102.3,100.05,100.375,
2025-02-03T17:51:28.863832+01:00,102.025,98.25,99.375,95.975,96.95,101.725,94.95,101.925,102.3,100.05,100.375,
2025-02-03T18:13:04.115899+01:00,102.025,98.25,99.375,95.975,96.95,101.725,94.95,101.925,102.3,100.05,100.375,
2025-02-03T18:29:20.353592+01:00,102.025,98.25,99.375,95.975,96.95,101.725,94.95,101.925,102.3,100.05,100.375,
2025-02-03T18:39:31.372900+01:00,102.025,98.25,99.375,95.975,96.95,101.725,94.95,101.925,102.3,100.05,100.375,
2025-02-03T18:49:56.375317+01:00,102.025,98.25,99.375,95.975,96.95,101.725,94.95,101.925,102.3,100.05,100.375,
2025-02-04T08:14:39.486571+01:00,102.025,98.25,99.375,95.975,96.95,101.725,94.95,101.925,102.3,100.05,100.375,
2025-02-04T08:28:02.283299+01:00,102.025,98.25,99.375,95.975,96.95,101.725,94.95,101.925,102.3,100.05,100.375,
2025-02-04T08:37:37.091633+01:00,102.025,98.25,99.375,95.975,96.95,101.725,94.95,101.925,102.3,100.05,100.375,
2025-02-04T08:49:47.146035+01:00,102.025,98.25,99.375,95.975,96.95,101.725,94.95,101.925,102.3,100.05,100.375,
2025-02-04T09:19:28.488650+01:00,102.025,98.15,99.275,95.85,96.825,101.725,94.875,101.925,102.3,99.95,100.275,
2025-02-04T09:40:59.336535+01:00,102.025,98.175,99.3,95.875,96.85,101.725,94.9,101.925,102.3,99.975,100.3,
2025-02-04T09:50:06.686266+01:00,102.025,98.25,99.375,95.95,96.925,101.725,94.95,101.925,102.3,100.05,100.375,
2025-02-04T10:15:46.487935+01:00,102.025,98.225,99.35,95.9,96.875,101.725,94.925,101.925,102.3,100.025,100.35,
2025-02-04T10:30:40.601150+01:00,102.025,98.225,99.35,95.9,96.875,101.725,94.925,101.925,102.3,100.025,100.35,
2025-02-04T10:49:40.173325+01:00,102.025,98.2,99.325,95.875,96.85,101.725,94.9,101.925,102.3,100.0,100.325,
2025-02-04T11:16:07.544398+01:00,102.025,98.175,99.3,95.85,96.825,101.725,94.875,101.925,102.3,99.975,100.3,
2025-02-04T11:40:05.612430+01:00,102.025,98.175,99.3,95.875,96.85,101.725,94.9,101.925,102.3,99.975,100.3,
2025-02-04T11:49:53.746276+01:00,102.025,98.2,99.325,95.875,96.85,101.725,94.9,101.925,102.3,100.0,100.325,
2025-02-04T12:12:40.857453+01:00,102.025,98.225,99.35,95.925,96.9,101.725,94.925,101.925,102.3,100.025,100.35,
2025-02-04T12:25:03.098615+01:00,102.025,98.25,99.375,95.925,96.925,101.725,94.95,101.925,102.3,100.05,100.375,
2025-02-04T12:36:21.016875+01:00,102.025,98.225,99.35,95.925,96.9,101.725,94.95,101.925,102.3,100.025,100.35,
2025-02-04T12:49:55.777330+01:00,102.025,98.225,99.35,95.925,96.9,101.725,94.925,101.925,102.3,100.025,100.35,
2025-02-04T13:29:34.540080+01:00,102.025,98.2,99.325,95.875,96.85,101.725,94.9,101.925,102.3,100.0,100.325,
2025-02-04T13:59:40.494072+01:00,102.025,98.175,99.3,95.925,96.9,101.725,94.925,101.925,102.3,99.975,100.3,
2025-02-04T14:27:41.127513+01:00,102.025,98.125,99.25,95.85,96.825,101.725,94.875,101.925,102.3,99.925,100.25,
2025-02-04T14:39:39.359342+01:00,102.025,98.1,99.225,95.85,96.825,101.725,94.9,101.925,102.3,99.9,100.225,
2025-02-04T14:50:02.010934+01:00,102.025,98.125,99.25,95.85,96.825,101.725,94.9,101.925,102.3,99.925,100.25,
2025-02-04T15:14:15.479255+01:00,102.025,98.1,99.225,95.825,96.8,101.725,94.9,101.925,102.3,99.9,100.225,
2025-02-04T15:32:54.850024+01:00,102.025,98.175,99.3,95.925,96.9,101.725,94.975,101.925,102.3,99.975,100.3,
2025-02-04T15:50:15.471925+01:00,102.025,98.175,99.3,95.95,96.925,101.725,94.975,101.925,102.3,99.975,100.3,
2025-02-04T16:15:43.186490+01:00,102.025,98.175,99.3,95.95,96.925,101.725,94.975,101.925,102.3,99.975,100.3,
2025-02-04T16:37:54.397815+01:00,102.025,98.15,99.275,95.925,96.9,101.725,94.975,101.925,102.3,99.95,100.275,
2025-02-04T16:49:59.147878+01:00,102.025,98.15,99.275,95.925,96.9,101.725,94.975,101.925,102.3,99.95,100.275,
2025-02-04T17:18:50.696235+01:00,102.025,98.225,99.35,96.025,97.0,101.725,95.025,101.925,102.3,100.025,100.35,
2025-02-04T17:43:09.065924+01:00,102.025,98.225,99.35,96.025,97.0,101.725,95.025,101.925,102.3,100.025,100.35,
2025-02-04T17:52:36.839583+01:00,102.025,98.225,99.35,96.025,97.0,101.725,95.025,101.925,102.3,100.025,100.35,
2025-02-04T18:13:02.896191+01:00,102.025,98.225,99.35,96.025,97.0,101.725,95.025,101.925,102.3,100.025,100.35,
2025-02-04T18:32:32.204758+01:00,102.025,98.225,99.35,96.025,97.0,101.725,95.025,101.925,102.3,100.025,100.35,
2025-02-04T18:49:41.281931+01:00,102.025,98.225,99.35,96.025,97.0,101.725,95.025,101.925,102.3,100.025,100.35,
2025-02-05T08:14:19.000486+01:00,102.025,98.225,99.35,96.025,97.0,101.725,95.025,101.925,102.3,100.025,100.35,
2025-02-05T08:28:21.427967+01:00,102.025,98.225,99.35,96.025,97.0,101.725,95.025,101.925,102.3,100.025,100.35,
2025-02-05T08:38:13.665059+01:00,102.025,98.225,99.35,96.025,97.0,101.725,95.025,101.925,102.3,100.025,100.35,
2025-02-05T08:50:06.854485+01:00,102.025,98.225,99.35,96.025,97.0,101.725,95.025,101.925,102.3,100.025,100.35,
2025-02-05T09:18:18.675958+01:00,102.025,98.3,99.425,96.1,97.075,101.725,95.125,101.925,102.3,100.1,100.425,
2025-02-05T09:41:08.928511+01:00,102.025,98.35,99.475,96.15,97.125,101.725,95.15,101.925,102.3,100.15,100.475,
2025-02-05T09:50:28.153009+01:00,102.025,98.35,99.475,96.2,97.175,101.725,95.2,101.925,102.3,100.15,100.475,
2025-02-05T10:16:30.443955+01:00,102.025,98.375,99.5,96.25,97.225,101.725,95.175,101.925,102.3,100.175,100.5,
2025-02-05T10:37:28.254843+01:00,102.025,98.35,99.475,96.2,97.175,101.725,95.15,101.925,102.3,100.15,100.475,
2025-02-05T10:49:55.793123+01:00,102.025,98.375,99.5,96.25,97.225,101.725,95.175,101.925,102.3,100.175,100.5,
2025-02-05T11:15:55.600669+01:00,102.025,98.375,99.5,96.25,97.225,101.725,95.2,101.925,102.3,100.175,100.5,
2025-02-05T11:39:58.166456+01:00,102.025,98.375,99.5,96.25,97.225,101.725,95.175,101.925,102.3,100.175,100.5,
2025-02-05T11:50:19.379914+01:00,102.025,98.35,99.475,96.225,97.2,101.725,95.175,101.925,102.3,100.15,100.475,
2025-02-05T12:12:31.900088+01:00,102.025,98.35,99.475,96.225,97.2,101.725,95.15,101.925,102.3,100.15,100.475,
2025-02-05T12:24:40.868093+01:00,102.025,98.275,99.4,96.15,97.125,101.725,95.175,101.925,102.3,100.075,100.4,
2025-02-05T12:36:27.637860+01:00,102.025,98.35,99.475,96.25,97.225,101.725,95.175,101.925,102.3,100.15,100.475,
2025-02-05T12:50:01.280387+01:00,102.025,98.35,99.475,96.225,97.2,101.725,95.175,101.925,102.3,100.15,100.475,
2025-02-05T13:29:31.997912+01:00,102.025,98.375,99.5,96.25,97.225,101.725,95.175,101.925,102.3,100.175,100.5,
2025-02-05T14:00:07.838373+01:00,102.025,98.4,99.525,96.3,97.275,101.725,95.225,101.925,102.3,100.2,100.525,
2025-02-05T14:27:37.689382+01:00,102.025,98.4,99.525,96.3,97.275,101.725,95.225,101.925,102.3,100.2,100.525,
2025-02-05T14:39:14.279472+01:00,102.025,98.375,99.5,96.275,97.25,101.725,95.2,101.925,102.3,100.175,100.5,
2025-02-05T14:50:01.430723+01:00,102.025,98.375,99.5,96.275,97.25,101.725,95.2,101.925,102.3,100.175,100.5,
2025-02-05T15:13:55.014730+01:00,102.025,98.3,99.425,96.225,97.2,101.725,95.15,101.925,102.3,100.1,100.425,
2025-02-05T15:30:50.201708+01:00,102.025,98.275,99.4,96.1,97.125,101.725,95.125,101.925,102.3,100.075,100.4,
2025-02-05T15:41:19.774357+01:00,102.025,98.275,99.4,96.1,97.125,101.725,95.125,101.925,102.3,100.075,100.4,
2025-02-05T15:50:36.740664+01:00,102.025,98.275,99.4,96.125,97.15,101.725,95.125,101.925,102.3,100.075,100.4,
2025-02-05T16:15:39.035794+01:00,102.025,98.325,99.45,96.175,97.2,101.725,95.175,101.925,102.3,100.125,100.45,
2025-02-05T16:32:06.775228+01:00,102.025,98.35,99.475,96.2,97.225,101.725,95.2,101.925,102.3,100.15,100.475,
2025-02-05T16:49:44.956190+01:00,102.025,98.35,99.475,96.2,97.225,101.725,95.2,101.925,102.3,100.15,100.475,
2025-02-05T17:18:32.827982+01:00,102.025,98.325,99.45,96.175,97.2,101.725,95.175,101.925,102.3,100.125,100.45,
2025-02-05T17:44:26.385684+01:00,102.025,98.325,99.45,96.175,97.2,101.725,95.175,101.925,102.3,100.125,100.45,
2025-02-05T17:54:05.219841+01:00,102.025,98.325,99.45,96.175,97.2,101.725,95.175,101.925,102.3,100.125,100.45,
2025-02-05T18:13:10.983263+01:00,102.025,98.325,99.45,96.175,97.2,101.725,95.175,101.925,102.3,100.125,100.45,
2025-02-05T18:29:27.851322+01:00,102.025,98.325,99.45,96.175,97.2,101.725,95.175,101.925,102.3,100.125,100.45,
2025-02-05T18:40:02.541394+01:00,102.025,98.325,99.45,96.175,97.2,101.725,95.175,101.925,102.3,100.125,100.45,
2025-02-05T18:50:02.459389+01:00,102.025,98.325,99.45,96.175,97.2,101.725,95.175,101.925,102.3,100.125,100.45,
2025-02-06T08:14:21.851126+01:00,102.025,98.325,99.45,96.175,97.2,101.725,95.175,101.925,102.3,100.125,100.45,
2025-02-06T08:29:39.927527+01:00,102.025,98.325,99.45,96.175,97.2,101.725,95.175,101.925,102.3,100.125,100.45,
2025-02-06T08:40:06.814206+01:00,102.025,98.325,99.45,96.175,97.2,101.725,95.175,101.925,102.3,100.125,100.45,
2025-02-06T08:49:53.525093+01:00,102.025,98.325,99.45,96.175,97.2,101.725,95.175,101.925,102.3,100.125,100.45,
2025-02-06T09:19:35.159377+01:00,101.65,98.2,99.325,96.025,97.05,101.725,95.025,101.925,102.3,100.0,100.325,
2025-02-06T09:41:39.079646+01:00,101.65,98.225,99.35,95.975,97.0,101.725,95.0,101.925,102.3,100.025,100.35,
2025-02-06T09:50:55.100610+01:00,101.65,98.225,99.35,96.05,97.075,101.725,95.05,101.925,102.3,100.025,100.425,
2025-02-06T10:16:03.035619+01:00,101.65,98.2,99.325,96.025,97.05,101.725,95.025,101.925,102.3,100.0,100.4,
2025-02-06T10:36:48.866992+01:00,101.65,98.225,99.35,96.025,97.05,101.725,95.025,101.925,102.3,100.025,100.425,
2025-02-06T10:50:09.003510+01:00,101.65,98.25,99.375,96.025,97.05,101.725,95.0,101.925,102.3,100.05,100.45,
2025-02-06T11:15:56.260234+01:00,101.65,98.3,99.475,96.175,97.2,101.725,95.1,101.925,102.3,100.15,100.55,
2025-02-06T11:40:11.072055+01:00,101.65,98.325,99.5,96.175,97.2,101.725,95.125,101.925,102.3,100.175,100.575,
2025-02-06T11:50:17.924089+01:00,101.65,98.325,99.5,96.175,97.2,101.725,95.1,101.925,102.3,100.175,100.575,
2025-02-06T12:12:41.543969+01:00,101.65,98.3,99.475,96.175,97.2,101.725,95.125,101.925,102.3,100.15,100.55,
2025-02-06T12:24:40.278606+01:00,101.65,98.3,99.475,96.15,97.175,101.725,95.125,101.925,102.3,100.15,100.55,
2025-02-06T12:36:23.772571+01:00,101.65,98.3,99.475,96.175,97.2,101.725,95.125,101.925,102.3,100.15,100.55,
2025-02-06T12:49:59.138670+01:00,101.65,98.325,99.5,96.2,97.225,101.725,95.15,101.925,102.3,100.175,100.575,
2025-02-06T13:29:52.049558+01:00,101.65,98.325,99.5,96.2,97.225,101.725,95.15,101.925,102.3,100.175,100.575,
2025-02-06T14:00:15.396703+01:00,101.65,98.3,99.475,96.175,97.2,101.725,95.125,101.925,102.3,100.15,100.55,
2025-02-06T14:28:19.873903+01:00,101.65,98.3,99.475,96.15,97.175,101.725,95.125,101.925,102.3,100.15,100.55,
2025-02-06T14:40:04.856450+01:00,101.65,98.275,99.45,96.125,97.15,101.725,95.1,101.925,102.3,100.125,100.525,
2025-02-06T14:49:57.371574+01:00,101.65,98.25,99.425,96.15,97.175,101.725,95.15,101.925,102.3,100.1,100.5,
2025-02-06T15:14:11.993188+01:00,101.65,98.275,99.45,96.175,97.2,101.725,95.175,101.925,102.3,100.125,100.525,
2025-02-06T15:31:22.862483+01:00,101.65,98.225,99.4,96.125,97.15,101.725,95.125,101.925,102.3,100.075,100.475,
2025-02-06T15:50:21.351185+01:00,101.65,98.2,99.425,96.15,97.175,101.725,95.15,101.925,102.3,100.1,100.5,
2025-02-06T16:15:56.403219+01:00,101.65,98.225,99.45,96.2,97.225,101.725,95.175,101.925,102.3,100.125,100.525,
2025-02-06T16:38:15.855579+01:00,101.65,98.225,99.45,96.175,97.2,101.725,95.1,101.925,102.3,100.125,100.525,
2025-02-06T16:49:49.559291+01:00,101.65,98.225,99.45,96.175,97.2,101.725,95.1,101.925,102.3,100.125,100.525,
2025-02-06T17:17:14.156403+01:00,101.65,98.2,99.425,96.175,97.2,101.725,95.075,101.925,102.3,100.1,100.5,
2025-02-06T17:42:14.038437+01:00,101.65,98.2,99.425,96.175,97.2,101.725,95.075,101.925,102.3,100.1,100.5,
2025-02-06T17:51:40.960682+01:00,101.65,98.2,99.425,96.175,97.2,101.725,95.075,101.925,102.3,100.1,100.5,
2025-02-06T18:13:05.451347+01:00,101.65,98.2,99.425,96.175,97.2,101.725,95.075,101.925,102.3,100.1,100.5,
2025-02-06T18:29:51.934168+01:00,101.65,98.2,99.425,96.175,97.2,101.725,95.075,101.925,102.3,100.1,100.5,
2025-02-06T18:40:28.274493+01:00,101.65,98.2,99.425,96.175,97.2,101.725,95.075,101.925,102.3,100.1,100.5,
2025-02-06T18:49:58.293452+01:00,101.65,98.2,99.425,96.175,97.2,101.725,95.075,101.925,102.3,100.1,100.5,
2025-02-07T08:14:02.397034+01:00,101.65,98.2,99.425,96.175,97.2,101.725,95.075,101.925,102.3,100.1,100.5,
2025-02-07T08:26:59.643474+01:00,101.65,98.2,99.425,96.175,97.2,101.725,95.075,101.925,102.3,100.1,100.5,
2025-02-07T08:36:44.815287+01:00,101.65,98.2,99.425,96.175,97.2,101.725,95.075,101.925,102.3,100.1,100.5,
2025-02-07T08:49:51.063161+01:00,101.65,98.2,99.425,96.175,97.2,101.725,95.075,101.925,102.3,100.1,100.5,
2025-02-07T09:19:14.684763+01:00,101.65,98.175,99.4,96.125,97.15,101.725,95.125,101.925,102.3,100.075,100.475,
2025-02-07T09:40:21.241591+01:00,101.65,98.175,99.4,96.15,97.175,101.725,95.125,101.925,102.3,100.075,100.475,
2025-02-07T09:50:05.261279+01:00,101.65,98.2,99.425,96.175,97.2,101.725,95.15,101.925,102.3,100.1,100.5,
2025-02-07T10:15:37.474945+01:00,101.65,98.225,99.45,96.2,97.225,101.725,95.175,101.925,102.3,100.125,100.525,
2025-02-07T10:30:38.079826+01:00,101.65,98.225,99.45,96.2,97.225,101.725,95.175,101.925,102.3,100.125,100.525,
2025-02-07T10:40:25.814751+01:00,101.65,98.225,99.45,96.2,97.225,101.725,95.175,101.925,102.3,100.125,100.525,
2025-02-07T10:50:19.105272+01:00,101.65,98.225,99.45,96.175,97.2,101.725,95.175,101.925,102.3,100.125,100.525,
2025-02-07T11:16:08.108432+01:00,101.65,98.225,99.45,96.2,97.225,101.725,95.175,101.925,102.3,100.125,100.525,
2025-02-07T11:40:38.633283+01:00,101.65,98.25,99.475,96.175,97.2,101.725,95.175,101.925,102.3,100.125,100.525,
2025-02-07T11:50:04.320539+01:00,101.65,98.275,99.5,96.225,97.25,101.725,95.175,101.925,102.3,100.15,100.55,
2025-02-07T12:12:23.709415+01:00,101.65,98.25,99.475,96.225,97.25,101.725,95.15,101.925,102.3,100.125,100.525,
2025-02-07T12:24:15.257976+01:00,101.65,98.275,99.5,96.225,97.25,101.725,95.175,101.925,102.3,100.15,100.55,
2025-02-07T12:36:10.905093+01:00,101.65,98.3,99.525,96.225,97.25,101.725,95.175,101.925,102.3,100.175,100.575,
2025-02-07T12:49:54.816170+01:00,101.65,98.3,99.525,96.25,97.275,101.725,95.2,101.925,102.3,100.175,100.575,
2025-02-07T13:28:55.019396+01:00,101.65,98.3,99.525,96.225,97.25,101.725,95.175,101.925,102.3,100.175,100.575,
2025-02-07T13:58:18.285942+01:00,101.65,98.275,99.5,96.2,97.225,101.725,95.175,101.925,102.3,100.15,100.55,
2025-02-07T14:24:37.859351+01:00,101.65,98.275,99.5,96.2,97.225,101.725,95.2,101.925,102.3,100.15,100.55,
2025-02-07T14:37:59.388000+01:00,101.65,98.275,99.5,96.225,97.25,101.725,95.2,101.925,102.3,100.15,100.55,
2025-02-07T14:50:07.201933+01:00,101.65,98.225,99.45,96.15,97.175,101.725,95.125,101.925,102.3,100.1,100.5,
2025-02-07T15:13:52.786301+01:00,101.65,98.225,99.45,96.125,97.15,101.725,95.15,101.925,102.3,100.1,100.5,
2025-02-07T15:31:58.443790+01:00,101.65,98.2,99.425,96.1,97.125,101.725,95.125,101.925,102.3,100.075,100.475,
2025-02-07T15:50:06.920461+01:00,101.65,98.225,99.45,96.1,97.125,101.725,95.125,101.925,102.3,100.1,100.5,
2025-02-07T16:15:18.906874+01:00,101.65,98.2,99.425,96.075,97.1,101.725,95.125,101.925,102.3,100.075,100.475,
2025-02-07T16:30:35.984100+01:00,101.65,98.2,99.425,96.05,97.075,101.725,95.1,101.925,102.3,100.075,100.475,
2025-02-07T16:40:55.893849+01:00,101.65,98.2,99.425,96.05,97.075,101.725,95.1,101.925,102.3,100.075,100.475,
2025-02-07T16:50:12.553555+01:00,101.65,98.175,99.4,96.025,97.05,101.725,95.075,101.925,102.3,100.05,100.45,
2025-02-07T17:17:59.321609+01:00,101.65,98.25,99.475,96.125,97.15,101.725,95.175,101.925,102.3,100.125,100.525,
2025-02-07T17:43:54.635867+01:00,101.65,98.25,99.475,96.125,97.15,101.725,95.175,101.925,102.3,100.125,100.525,
2025-02-07T17:53:06.710240+01:00,101.65,98.25,99.475,96.125,97.15,101.725,95.175,101.925,102.3,100.125,100.525,
2025-02-07T18:13:01.483442+01:00,101.65,98.25,99.475,96.125,97.15,101.725,95.175,101.925,102.3,100.125,100.525,
2025-02-07T18:29:06.227366+01:00,101.65,98.25,99.475,96.125,97.15,101.725,95.175,101.925,102.3,100.125,100.525,
2025-02-07T18:39:16.579400+01:00,101.65,98.25,99.475,96.125,97.15,101.725,95.175,101.925,102.3,100.125,100.525,
2025-02-07T18:50:02.520235+01:00,101.65,98.25,99.475,96.125,97.15,101.725,95.175,101.925,102.3,100.125,100.525,
2025-02-10T08:15:07.459123+01:00,101.65,98.25,99.475,96.25,97.15,101.725,95.175,101.925,102.3,100.125,100.525,
2025-02-10T08:29:20.043190+01:00,101.65,98.25,99.475,96.25,97.15,101.725,95.175,101.925,102.3,100.125,100.525,
2025-02-10T08:38:51.342594+01:00,101.65,98.25,99.475,96.25,97.15,101.725,95.175,101.925,102.3,100.125,100.525,
2025-02-10T08:49:53.581977+01:00,101.65,98.25,99.475,96.25,97.15,101.725,95.175,101.925,102.3,100.125,100.525,
2025-02-10T09:19:44.359648+01:00,101.65,98.25,99.54,96.14,97.23,101.725,95.175,101.925,102.3,100.125,100.525,
2025-02-10T09:41:56.061555+01:00,101.65,98.25,99.54,96.14,97.23,101.725,95.175,101.925,102.3,100.125,100.525,
2025-02-10T09:51:19.522196+01:00,101.65,98.275,99.58,96.18,97.27,101.725,95.2,101.925,102.3,100.15,100.55,
2025-02-10T10:16:48.331180+01:00,101.65,98.325,99.56,96.2,97.26,101.725,95.2,101.925,102.3,100.2,100.6,
2025-02-10T10:37:58.027750+01:00,101.65,98.35,99.58,96.225,97.28,101.725,95.2,101.925,102.3,100.225,100.625,
2025-02-10T10:49:57.216965+01:00,101.65,98.325,99.57,96.225,97.27,101.725,95.2,101.925,102.3,100.2,100.6,
2025-02-10T11:16:54.165671+01:00,101.65,98.35,99.58,96.225,97.28,101.725,95.2,101.925,102.3,100.225,100.625,
2025-02-10T11:41:16.523723+01:00,101.65,98.35,99.575,96.2,97.25,101.725,95.175,101.925,102.3,100.225,100.625,
2025-02-10T11:50:23.660621+01:00,101.65,98.35,99.58,96.225,97.28,101.725,95.2,101.925,102.3,100.225,100.625,
2025-02-10T12:12:46.928109+01:00,101.65,98.35,99.575,96.225,97.27,101.725,95.2,101.925,102.3,100.225,100.55,
2025-02-10T12:25:04.477351+01:00,101.65,98.35,99.575,96.2,97.26,101.725,95.2,101.925,102.3,100.225,100.55,
2025-02-10T12:36:41.219707+01:00,101.65,98.35,99.575,96.2,97.25,101.725,95.2,101.925,102.3,100.225,100.55,
2025-02-10T12:50:06.556776+01:00,101.65,98.35,99.575,96.225,97.3,101.725,95.2,101.925,102.3,100.225,100.55,
2025-02-10T13:29:45.005131+01:00,101.65,98.375,99.6,96.225,97.31,101.725,95.2,101.925,102.3,100.25,100.575,
2025-02-10T14:00:16.367034+01:00,101.65,98.4,99.625,96.225,97.28,101.725,95.2,101.925,102.3,100.275,100.6,
2025-02-10T14:29:07.191440+01:00,101.65,98.4,99.625,96.25,97.3,101.725,95.225,101.925,102.3,100.275,100.6,
2025-02-10T14:41:26.635637+01:00,101.65,98.425,99.66,96.275,97.3,101.725,95.225,101.925,102.3,100.3,100.625,
2025-02-10T14:50:26.483501+01:00,101.65,98.425,99.67,96.275,97.36,101.725,95.225,101.925,102.3,100.3,100.625,
2025-02-10T15:14:46.829579+01:00,101.65,98.45,99.675,96.3,97.38,101.725,95.25,101.925,102.3,100.325,100.65,
2025-02-10T15:33:21.287995+01:00,101.65,98.475,99.7,96.325,97.41,101.725,95.275,101.925,102.3,100.35,100.675,
2025-02-10T15:49:46.277826+01:00,101.65,98.475,99.7,96.33,97.42,101.725,95.275,101.925,102.3,100.35,100.675,
2025-02-10T16:16:16.343486+01:00,101.65,98.475,99.7,96.325,97.42,101.725,95.275,101.925,102.3,100.35,100.675,
2025-02-10T16:38:16.486606+01:00,101.65,98.5,99.725,96.35,97.44,101.725,95.3,101.925,102.3,100.375,100.7,
2025-02-10T16:49:55.950701+01:00,101.65,98.5,99.725,96.36,97.45,101.725,95.3,101.925,102.3,100.375,100.7,
2025-02-10T17:19:04.841092+01:00,101.65,98.475,99.7,96.35,97.375,101.725,95.275,101.925,102.3,100.35,100.675,
2025-02-10T17:42:44.401378+01:00,101.65,98.475,99.7,96.35,97.375,101.725,95.275,101.925,102.3,100.35,100.675,
2025-02-10T17:51:44.206156+01:00,101.65,98.475,99.7,96.35,97.375,101.725,95.275,101.925,102.3,100.35,100.675,
2025-02-10T18:12:28.245856+01:00,101.65,98.475,99.7,96.35,97.375,101.725,95.275,101.925,102.3,100.35,100.675,
2025-02-10T18:28:39.681677+01:00,101.65,98.475,99.7,96.35,97.375,101.725,95.275,101.925,102.3,100.35,100.675,
2025-02-10T18:38:47.115256+01:00,101.65,98.475,99.7,96.35,97.375,101.725,95.275,101.925,102.3,100.35,100.675,
2025-02-10T18:50:03.780012+01:00,101.65,98.475,99.7,96.35,97.375,101.725,95.275,101.925,102.3,100.35,100.675,
2025-02-11T08:14:10.832701+01:00,101.65,98.475,99.7,96.35,97.375,101.725,95.275,101.925,102.3,100.35,100.675,
2025-02-11T08:27:11.309109+01:00,101.65,98.475,99.7,96.35,97.375,101.725,95.275,101.925,102.3,100.35,100.675,
2025-02-11T08:38:04.427125+01:00,101.65,98.475,99.7,96.35,97.375,101.725,95.275,101.925,102.3,100.35,100.675,
2025-02-11T08:49:55.708538+01:00,101.65,98.475,99.7,96.35,97.375,101.725,95.275,101.925,102.3,100.35,100.675,
2025-02-11T09:19:24.420638+01:00,101.65,98.4,99.625,96.24,97.33,101.725,95.175,101.925,103.1,100.275,100.45,
2025-02-11T09:41:16.413151+01:00,101.65,98.4,99.63,96.26,97.35,101.725,95.175,101.925,103.1,100.275,100.45,
2025-02-11T09:50:25.324408+01:00,101.65,98.375,99.6,96.23,97.32,101.725,95.175,101.925,103.1,100.25,100.425,
2025-02-11T10:16:13.883450+01:00,101.65,98.3,99.575,96.18,97.27,101.725,95.125,101.925,103.1,100.225,100.4,
2025-02-11T10:37:13.921683+01:00,101.65,98.35,99.625,96.175,97.26,101.725,95.125,101.925,103.1,100.275,100.45,
2025-02-11T10:49:59.320578+01:00,101.65,98.35,99.625,96.175,97.26,101.725,95.125,101.925,103.1,100.275,100.45,
2025-02-11T11:16:56.637462+01:00,101.65,98.3,99.62,96.15,97.24,101.725,95.1,101.925,103.1,100.225,100.4,
2025-02-11T11:41:03.626038+01:00,101.65,98.325,99.6,96.15,97.19,101.725,95.15,101.925,103.1,100.25,100.425,
2025-02-11T11:50:15.005666+01:00,101.65,98.3,99.575,96.15,97.175,101.725,95.125,101.925,103.1,100.225,100.4,
2025-02-11T12:13:01.064938+01:00,101.65,98.3,99.575,96.125,97.16,101.725,95.125,101.925,103.1,100.225,100.4,
2025-02-11T12:25:27.335893+01:00,101.65,98.275,99.55,96.1,97.15,101.725,95.125,101.925,103.1,100.2,100.375,
2025-02-11T12:36:21.298812+01:00,101.65,98.275,99.55,96.1,97.17,101.725,95.125,101.925,103.1,100.2,100.375,
2025-02-11T12:49:58.935650+01:00,101.65,98.275,99.55,96.1,97.15,101.725,95.125,101.925,103.1,100.2,100.375,
2025-02-11T13:29:46.902080+01:00,101.65,98.25,99.525,96.075,97.13,101.725,95.1,101.925,103.1,100.175,100.35,
2025-02-11T14:00:23.615528+01:00,101.65,98.25,99.525,96.075,97.14,101.725,95.1,101.925,103.1,100.175,100.35,
2025-02-11T14:29:18.671455+01:00,101.65,98.25,99.57,96.1,97.19,101.725,95.1,101.925,103.1,100.175,100.35,
2025-02-11T14:41:22.513373+01:00,101.65,98.275,99.57,96.1,97.19,101.725,95.1,101.925,103.1,100.2,100.375,
2025-02-11T14:50:49.520448+01:00,101.65,98.25,99.54,96.075,97.16,101.725,95.15,101.925,103.1,100.175,100.35,
2025-02-11T15:15:15.901304+01:00,101.65,98.225,99.52,96.05,97.14,101.725,95.125,101.925,103.1,100.15,100.325,
2025-02-11T15:33:32.498256+01:00,101.65,98.225,99.54,96.07,97.16,101.725,95.125,101.925,103.1,100.15,100.325,
2025-02-11T15:50:12.587973+01:00,101.65,98.225,99.53,96.06,97.15,101.725,95.125,101.925,103.1,100.15,100.325,
2025-02-11T16:17:15.854606+01:00,101.65,98.2,99.475,96.025,97.11,101.725,95.1,101.925,103.1,100.125,100.3,
2025-02-11T16:39:01.797779+01:00,101.65,98.175,99.45,96.0,97.025,101.725,95.075,101.925,103.1,100.1,100.275,
2025-02-11T16:49:56.716130+01:00,101.65,98.2,99.475,96.0,97.025,101.725,95.075,101.925,103.1,100.125,100.3,
2025-02-11T17:20:09.636345+01:00,101.65,98.2,99.475,96.0,97.025,101.725,95.075,101.925,103.1,100.125,100.3,
2025-02-11T17:44:39.461823+01:00,101.65,98.2,99.475,96.0,97.025,101.725,95.075,101.925,103.1,100.125,100.3,
2025-02-11T17:54:07.565662+01:00,101.65,98.2,99.475,96.0,97.025,101.725,95.075,101.925,103.1,100.125,100.3,
2025-02-11T18:14:02.345170+01:00,101.65,98.2,99.475,96.0,97.025,101.725,95.075,101.925,103.1,100.125,100.3,
2025-02-11T18:31:24.987590+01:00,101.65,98.2,99.475,96.0,97.025,101.725,95.075,101.925,103.1,100.125,100.3,
2025-02-11T18:50:00.110055+01:00,101.65,98.2,99.475,96.0,97.025,101.725,95.075,101.925,103.1,100.125,100.3,
2025-02-12T08:14:05.147483+01:00,101.65,98.2,99.475,96.0,97.025,101.725,95.075,101.925,103.1,100.125,100.3,
2025-02-12T08:27:00.326155+01:00,101.65,98.2,99.475,96.0,97.025,101.725,95.075,101.925,103.1,100.125,100.3,
2025-02-12T08:37:24.480415+01:00,101.65,98.2,99.475,96.0,97.025,101.725,95.075,101.925,103.1,100.125,100.3,
2025-02-12T08:49:55.401595+01:00,101.65,98.2,99.475,96.0,97.025,101.725,95.075,101.925,103.1,100.125,100.3,
2025-02-12T09:19:44.172431+01:00,101.65,98.125,99.4,95.925,97.0,101.725,95.025,101.925,103.1,100.05,100.225,
2025-02-12T09:41:50.907979+01:00,101.65,98.125,99.4,95.925,97.01,101.725,95.025,101.925,103.1,100.05,100.225,
2025-02-12T09:51:31.412324+01:00,101.65,98.125,99.4,95.925,97.01,101.725,95.025,101.925,103.1,100.05,100.225,
2025-02-12T10:15:58.056605+01:00,101.65,98.15,99.425,95.975,97.05,101.725,95.05,101.925,103.1,100.075,100.25,
2025-02-12T10:37:17.649011+01:00,101.65,98.15,99.425,95.975,97.05,101.725,95.05,101.925,103.1,100.075,100.25,
2025-02-12T10:50:05.027174+01:00,101.65,98.15,99.425,95.95,97.04,101.725,95.1,101.925,103.1,100.075,100.25,
2025-02-12T11:15:48.198064+01:00,101.65,98.1,99.375,95.9,96.99,101.725,95.05,101.925,103.1,100.025,100.2,
2025-02-12T11:40:04.428545+01:00,101.65,98.1,99.375,95.925,96.99,101.725,95.05,101.925,103.1,100.025,100.35,
2025-02-12T11:49:48.270146+01:00,101.65,98.1,99.375,95.9,96.98,101.725,95.05,101.925,103.1,100.025,100.35,
2025-02-12T12:13:10.649705+01:00,101.65,98.1,99.375,95.925,97.0,101.725,95.05,101.925,103.1,100.025,100.35,
2025-02-12T12:25:23.877746+01:00,101.65,98.1,99.375,95.9,96.99,101.725,95.05,101.925,103.1,100.025,100.35,
2025-02-12T12:36:37.151257+01:00,101.65,98.1,99.375,95.9,96.98,101.725,95.05,101.925,103.1,100.025,100.35,
2025-02-12T12:49:40.731097+01:00,101.65,98.1,99.375,95.91,97.0,101.725,95.05,101.925,103.1,100.025,100.35,
2025-02-12T13:29:33.690670+01:00,101.65,98.1,99.375,95.925,97.0,101.725,95.075,101.925,103.1,100.025,100.35,
2025-02-12T14:00:17.987864+01:00,101.65,98.125,99.4,95.95,97.04,101.725,95.1,101.925,103.1,100.05,100.375,
2025-02-12T14:28:13.980678+01:00,101.65,98.125,99.4,95.95,97.04,101.725,95.1,101.925,103.1,100.05,100.425,
2025-02-12T14:40:14.309484+01:00,101.65,98.175,99.45,95.975,97.0,101.725,95.1,101.925,103.1,100.1,100.475,
2025-02-12T14:50:04.037654+01:00,101.65,98.075,99.37,95.875,96.91,101.725,95.0,101.925,103.1,100.0,100.375,
2025-02-12T15:14:37.633097+01:00,101.65,98.075,99.37,95.875,96.91,101.725,95.0,101.925,103.1,100.0,100.375,
2025-02-12T15:32:54.455363+01:00,101.65,98.075,99.37,95.875,96.91,101.725,95.0,101.925,103.1,100.0,100.375,
2025-02-12T15:50:05.135510+01:00,101.65,98.075,99.35,95.85,96.875,101.725,94.975,101.925,103.1,100.0,100.375,
2025-02-12T16:16:38.881408+01:00,101.65,98.05,99.325,95.825,96.85,101.725,94.975,101.925,103.1,99.975,100.35,
2025-02-12T16:38:43.585173+01:00,101.65,98.05,99.325,95.825,96.85,101.725,94.95,101.925,103.1,99.975,100.35,
2025-02-12T16:49:54.876533+01:00,101.65,98.05,99.325,95.825,96.85,101.725,94.95,101.925,103.1,99.975,100.35,
2025-02-12T17:19:26.304372+01:00,101.65,98.025,99.3,95.8,96.825,101.725,94.95,101.925,103.1,99.95,100.325,
2025-02-12T17:43:07.903659+01:00,101.65,98.025,99.3,95.8,96.825,101.725,94.95,101.925,103.1,99.95,100.325,
2025-02-12T17:52:39.051007+01:00,101.65,98.025,99.3,95.8,96.825,101.725,94.95,101.925,103.1,99.95,100.325,
2025-02-12T18:13:53.727508+01:00,101.65,98.025,99.3,95.8,96.825,101.725,94.95,101.925,103.1,99.95,100.325,
2025-02-12T18:30:50.443266+01:00,101.65,98.025,99.3,95.8,96.825,101.725,94.95,101.925,103.1,99.95,100.325,
2025-02-12T18:50:10.624109+01:00,101.65,98.025,99.3,95.8,96.825,101.725,94.95,101.925,103.1,99.95,100.325,
2025-02-13T08:14:40.708823+01:00,101.65,98.025,99.3,95.8,96.825,101.725,94.95,101.925,103.1,99.95,100.325,
2025-02-13T08:27:30.984158+01:00,101.65,98.025,99.3,95.8,96.825,101.725,94.95,101.925,103.1,99.95,100.325,
2025-02-13T08:37:26.119443+01:00,101.65,98.025,99.3,95.8,96.825,101.725,94.95,101.925,103.1,99.95,100.325,
2025-02-13T08:50:06.006833+01:00,101.65,98.025,99.3,95.8,96.825,101.725,94.95,101.925,103.1,99.95,100.325,
2025-02-13T09:19:36.376589+01:00,101.65,98.025,99.33,95.8,96.87,101.725,94.975,101.925,103.1,99.95,100.325,
2025-02-13T09:41:35.516812+01:00,101.65,98.05,99.325,95.85,96.875,101.725,95.0,101.925,103.1,99.975,100.35,
2025-02-13T09:50:57.506815+01:00,101.65,98.075,99.36,95.85,96.9,101.725,94.975,101.925,103.1,100.0,100.375,
2025-02-13T10:16:13.556993+01:00,101.65,98.075,99.35,95.85,96.88,101.725,94.975,101.925,103.1,100.0,100.375,
2025-02-13T10:37:32.758842+01:00,101.65,98.075,99.36,95.85,96.9,101.725,94.975,101.925,103.1,100.0,100.375,
2025-02-13T10:49:57.041552+01:00,101.65,98.075,99.35,95.85,96.89,101.725,94.975,101.925,103.1,100.0,100.375,
2025-02-13T11:16:15.122845+01:00,101.65,98.075,99.37,95.875,96.91,101.725,95.0,101.925,103.1,100.0,100.375,
2025-02-13T11:40:44.214800+01:00,101.65,98.1,99.39,95.9,96.93,101.725,95.0,101.925,103.1,100.025,100.4,
2025-02-13T11:50:03.670222+01:00,101.65,98.1,99.375,95.9,96.95,101.725,95.025,101.925,103.1,100.025,100.4,
2025-02-13T12:12:35.521648+01:00,101.65,98.125,99.4,95.925,96.97,101.725,95.025,101.925,103.1,100.05,100.425,
2025-02-13T12:25:03.931292+01:00,101.65,98.125,99.4,95.925,97.07,101.725,95.05,101.925,103.1,100.05,100.425,
2025-02-13T12:36:14.893648+01:00,101.65,98.125,99.4,95.95,97.08,101.725,95.05,101.925,103.1,100.05,100.425,
2025-02-13T12:49:47.163244+01:00,101.65,98.15,99.425,95.95,97.08,101.725,95.05,101.925,103.1,100.075,100.45,
2025-02-13T13:29:43.108269+01:00,101.65,98.2,99.475,96.025,97.14,101.725,95.1,101.925,103.1,100.125,100.5,
2025-02-13T14:00:37.423050+01:00,101.65,98.2,99.475,96.0,97.14,101.725,95.1,101.925,103.1,100.125,100.5,
2025-02-13T14:28:46.206424+01:00,101.65,98.175,99.45,95.975,97.1,101.725,95.075,101.925,103.1,100.1,100.475,
2025-02-13T14:40:42.115524+01:00,101.65,98.2,99.475,96.0,97.12,101.725,95.1,101.925,103.1,100.125,100.5,
2025-02-13T14:49:50.979330+01:00,101.65,98.2,99.475,96.0,97.14,101.725,95.1,101.925,103.1,100.125,100.5,
2025-02-13T15:14:37.423667+01:00,101.65,98.25,99.525,96.05,97.18,101.725,95.125,101.925,103.1,100.175,100.55,
2025-02-13T15:33:02.733678+01:00,101.65,98.225,99.5,96.025,97.17,101.725,95.125,101.925,103.1,100.15,100.525,
2025-02-13T15:50:02.487909+01:00,101.65,98.25,99.53,96.025,97.21,101.725,95.125,101.925,103.1,100.175,100.55,
2025-02-13T16:16:33.411545+01:00,101.65,98.2,99.475,95.975,97.1,101.725,95.075,101.925,103.1,100.125,100.5,
2025-02-13T16:36:56.777863+01:00,101.65,98.225,99.51,96.025,97.15,101.725,95.125,101.925,103.1,100.15,100.525,
2025-02-13T16:49:59.518184+01:00,101.65,98.25,99.53,96.05,97.17,101.725,95.125,101.925,103.1,100.175,100.55,
2025-02-13T17:19:26.540232+01:00,101.65,98.25,99.53,96.025,97.17,101.725,95.125,101.925,103.1,100.175,100.55,
2025-02-13T17:43:54.709957+01:00,101.65,98.25,99.525,96.025,97.05,101.725,95.125,101.925,103.1,100.175,100.55,
2025-02-13T17:53:45.106819+01:00,101.65,98.25,99.525,96.025,97.05,101.725,95.125,101.925,103.1,100.175,100.55,
2025-02-13T18:11:15.830478+01:00,101.65,98.25,99.525,96.025,97.05,101.725,95.125,101.925,103.1,100.175,100.55,
2025-02-13T18:27:42.392695+01:00,101.65,98.25,99.525,96.025,97.05,101.725,95.125,101.925,103.1,100.175,100.55,
2025-02-13T18:37:55.099633+01:00,101.65,98.25,99.525,96.025,97.05,101.725,95.125,101.925,103.1,100.175,100.55,
2025-02-13T18:49:58.188109+01:00,101.65,98.25,99.525,96.025,97.05,101.725,95.125,101.925,103.1,100.175,100.55,
2025-02-14T08:13:57.055747+01:00,101.65,98.25,99.525,96.025,97.05,101.725,95.125,101.925,103.1,100.175,100.55,
2025-02-14T08:26:48.705424+01:00,101.65,98.25,99.525,96.025,97.05,101.725,95.125,101.925,103.1,100.175,100.55,
2025-02-14T08:37:00.566983+01:00,101.65,98.25,99.525,96.025,97.05,101.725,95.125,101.925,103.1,100.175,100.55,
2025-02-14T08:49:54.624978+01:00,101.65,98.25,99.525,96.025,97.05,101.725,95.125,101.925,103.1,100.175,100.55,
2025-02-14T09:19:37.811289+01:00,101.65,98.15,99.425,95.9,96.925,101.725,95.0,101.925,103.1,100.075,100.45,
2025-02-14T09:41:00.176323+01:00,101.65,98.1,99.375,95.825,96.85,101.725,94.975,101.925,103.1,100.025,100.4,
2025-02-14T09:50:22.622975+01:00,101.65,98.125,99.4,95.825,96.85,101.725,95.0,101.925,103.1,100.05,100.425,
2025-02-14T10:15:39.429987+01:00,101.65,98.15,99.425,95.85,96.92,101.725,95.0,101.925,103.1,100.075,100.45,
2025-02-14T10:30:47.300578+01:00,101.65,98.2,99.475,95.925,97.0,101.725,95.075,101.925,103.1,100.125,100.5,
2025-02-14T10:50:03.384756+01:00,101.65,98.2,99.54,95.925,97.01,101.725,95.075,101.925,103.1,100.17,100.5,
2025-02-14T11:16:07.228501+01:00,101.65,98.2,99.53,95.925,97.0,101.725,95.075,101.925,103.1,100.16,100.5,
2025-02-14T11:39:25.133520+01:00,102.025,98.2,99.58,95.925,97.05,101.725,95.075,101.925,102.3,100.21,100.5,
2025-02-14T11:49:39.829928+01:00,102.025,98.25,99.525,95.975,97.0,101.725,95.075,101.925,102.3,100.175,100.55,
2025-02-14T12:12:25.681767+01:00,102.025,98.25,99.525,96.0,97.025,101.725,95.075,101.925,102.3,100.175,100.55,
2025-02-14T12:24:40.136190+01:00,102.025,98.225,99.5,95.95,96.975,101.725,95.05,101.925,102.3,100.15,100.525,
2025-02-14T12:36:12.109463+01:00,102.025,98.225,99.5,95.975,97.0,101.725,95.075,101.925,102.3,100.15,100.525,
2025-02-14T12:50:03.144757+01:00,102.025,98.2,99.475,95.95,96.975,101.725,95.05,101.925,102.3,100.125,100.5,
2025-02-14T13:29:05.938251+01:00,102.025,98.2,99.53,95.925,97.0,101.725,95.025,101.925,102.3,100.16,100.5,
2025-02-14T13:58:52.672205+01:00,102.025,98.2,99.5,95.925,96.99,101.725,95.025,101.925,102.3,100.13,100.5,
2025-02-14T14:26:33.585452+01:00,102.025,98.175,99.51,95.9,97.0,101.725,95.0,101.925,102.3,100.14,100.475,
2025-02-14T14:39:04.057221+01:00,102.025,98.2,99.54,95.925,97.03,101.725,95.025,101.925,102.3,100.17,100.5,
2025-02-14T14:49:58.607080+01:00,102.025,98.25,99.56,96.0,97.1,101.725,95.075,101.925,102.3,100.19,100.55,
2025-02-14T15:13:40.430948+01:00,102.025,98.25,99.54,96.0,97.08,101.725,95.1,101.925,102.3,100.175,100.55,
2025-02-14T15:31:38.614108+01:00,102.025,98.225,99.5,95.975,97.04,101.725,95.075,101.925,102.3,100.15,100.525,
2025-02-14T15:49:57.591359+01:00,102.025,98.2,99.475,95.95,97.01,101.725,95.05,101.925,102.3,100.125,100.5,
2025-02-14T16:15:50.960534+01:00,102.025,98.2,99.53,95.95,97.07,101.725,95.05,101.925,102.3,100.16,100.5,
2025-02-14T16:37:23.352259+01:00,102.025,98.225,99.5,95.975,97.08,101.725,95.05,101.925,102.3,100.18,100.525,
2025-02-14T16:49:42.545551+01:00,102.025,98.225,99.57,95.975,97.1,101.725,95.075,101.925,102.3,100.19,100.525,
2025-02-14T17:17:48.401166+01:00,102.025,98.25,99.525,96.0,97.025,101.725,95.1,101.925,102.3,100.175,100.55,
2025-02-14T17:42:14.750760+01:00,102.025,98.25,99.525,96.0,97.025,101.725,95.1,101.925,102.3,100.175,100.55,
2025-02-14T17:51:30.575114+01:00,102.025,98.25,99.525,96.0,97.025,101.725,95.1,101.925,102.3,100.175,100.55,
2025-02-14T18:12:51.699555+01:00,102.025,98.25,99.525,96.0,97.025,101.725,95.1,101.925,102.3,100.175,100.55,
2025-02-14T18:29:06.047705+01:00,102.025,98.25,99.525,96.0,97.025,101.725,95.1,101.925,102.3,100.175,100.55,
2025-02-14T18:39:17.034920+01:00,102.025,98.25,99.525,96.0,97.025,101.725,95.1,101.925,102.3,100.175,100.55,
2025-02-14T18:49:57.271452+01:00,102.025,98.25,99.525,96.0,97.025,101.725,95.1,101.925,102.3,100.175,100.55,
2025-02-17T08:15:18.246265+01:00,102.025,98.25,99.525,96.052,97.025,101.725,95.1,101.925,102.3,100.175,100.55,
2025-02-17T08:28:49.433053+01:00,102.025,98.25,99.525,96.052,97.025,101.725,95.1,101.925,102.3,100.175,100.55,
2025-02-17T08:38:26.442901+01:00,102.025,98.25,99.525,96.052,97.025,101.725,95.1,101.925,102.3,100.175,100.55,
2025-02-17T08:50:04.112230+01:00,102.025,98.25,99.525,96.052,97.025,101.725,95.1,101.925,102.3,100.175,100.55,
2025-02-17T09:20:58.430859+01:00,102.025,98.075,99.35,95.775,96.8,101.725,94.9,101.925,102.3,100.0,100.375,
2025-02-17T09:42:56.603821+01:00,102.025,98.075,99.35,95.775,96.8,101.725,94.925,101.925,102.3,100.0,100.375,
2025-02-17T09:52:23.678319+01:00,102.025,98.075,99.36,95.75,96.8,101.725,94.9,101.925,102.3,100.0,100.375,
2025-02-17T10:17:43.638104+01:00,102.025,98.075,99.35,95.75,96.79,101.725,94.9,101.925,102.3,100.0,100.375,
2025-02-17T10:38:14.849925+01:00,102.025,98.3,99.3,95.7,96.79,101.725,94.9,101.925,102.3,99.93,100.3,
2025-02-17T10:50:04.733403+01:00,102.025,98.3,99.275,95.725,96.75,101.725,94.925,101.925,102.3,99.925,100.3,
2025-02-17T11:17:22.018591+01:00,102.025,98.3,99.3,95.7,96.79,101.725,94.9,101.925,102.3,99.93,100.3,
2025-02-17T11:41:31.839813+01:00,102.025,98.3,99.31,95.7,96.8,101.725,94.9,101.925,102.3,99.94,100.3,
2025-02-17T11:50:30.494174+01:00,102.025,98.3,99.36,95.75,96.85,101.725,94.95,101.925,102.3,99.99,100.325,
2025-02-17T12:13:25.590254+01:00,102.025,98.3,99.35,95.75,96.84,101.725,94.925,101.925,102.3,99.98,100.325,
2025-02-17T12:26:19.074524+01:00,102.025,98.3,99.275,95.725,96.75,101.725,94.9,101.925,102.3,99.925,100.3,
2025-02-17T12:36:37.989690+01:00,102.025,98.3,99.32,95.725,96.81,101.725,94.9,101.925,102.3,99.95,100.3,
2025-02-17T12:49:49.062434+01:00,102.025,98.3,99.33,95.725,96.82,101.725,94.9,101.925,102.3,99.96,100.3,
2025-02-17T13:30:44.960054+01:00,102.025,98.3,99.36,95.775,96.85,101.725,94.95,101.925,102.3,99.99,100.325,
2025-02-17T14:01:45.418141+01:00,102.025,98.3,99.3,95.7,96.79,101.725,94.925,101.925,102.3,99.93,100.25,
2025-02-17T14:32:47.597375+01:00,102.025,98.3,99.3,95.7,96.79,101.725,94.925,101.925,102.3,99.93,100.275,
2025-02-17T14:50:04.482735+01:00,102.025,97.975,99.31,95.725,96.8,101.725,94.925,101.925,102.3,99.94,100.275,
2025-02-17T15:14:55.787657+01:00,102.025,97.975,99.31,95.725,96.8,101.725,94.925,101.925,102.3,99.94,100.275,
2025-02-17T15:33:21.406957+01:00,102.025,97.975,99.25,95.75,96.775,101.725,94.95,101.925,102.3,99.9,100.275,
2025-02-17T15:50:02.001895+01:00,102.025,98.0,99.275,95.75,96.775,101.725,94.95,101.925,102.3,99.925,100.3,
2025-02-17T16:16:23.373788+01:00,102.025,98.0,99.275,95.775,96.8,101.725,94.9,101.925,102.3,99.925,100.3,
2025-02-17T16:37:09.000842+01:00,102.025,98.0,99.275,95.775,96.8,101.725,94.925,101.925,102.3,99.925,100.3,
2025-02-17T16:50:10.776012+01:00,102.025,98.0,99.275,95.75,96.775,101.725,94.9,101.925,102.3,99.925,100.3,
2025-02-17T17:18:47.269930+01:00,102.025,98.0,99.275,95.775,96.8,101.725,94.925,101.925,102.3,99.925,100.3,
2025-02-17T17:41:47.072970+01:00,102.025,98.0,99.275,95.775,96.8,101.725,94.925,101.925,102.3,99.925,100.3,
2025-02-17T17:51:08.944844+01:00,102.025,98.0,99.275,95.775,96.8,101.725,94.925,101.925,102.3,99.925,100.3,
2025-02-17T18:13:28.287697+01:00,102.025,98.0,99.275,95.775,96.8,101.725,94.925,101.925,102.3,99.925,100.3,
2025-02-17T18:29:26.929534+01:00,102.025,98.0,99.275,95.775,96.8,101.725,94.925,101.925,102.3,99.925,100.3,
2025-02-17T18:39:40.647288+01:00,102.025,98.0,99.275,95.775,96.8,101.725,94.925,101.925,102.3,99.925,100.3,
2025-02-17T18:50:02.148005+01:00,102.025,98.0,99.275,95.775,96.8,101.725,94.925,101.925,102.3,99.925,100.3,
2025-02-18T08:14:26.307463+01:00,102.025,98.0,99.275,95.775,96.8,101.725,94.925,101.925,102.3,99.925,100.3,
2025-02-18T08:27:41.651870+01:00,102.025,98.0,99.275,95.775,96.8,101.725,94.925,101.925,102.3,99.925,100.3,
2025-02-18T08:37:32.545068+01:00,102.025,98.0,99.275,95.775,96.8,101.725,94.925,101.925,102.3,99.925,100.3,
2025-02-18T08:50:00.767612+01:00,102.025,98.0,99.275,95.775,96.8,101.725,94.925,101.925,102.3,99.925,100.3,
2025-02-18T09:19:43.588356+01:00,102.025,97.94,99.32,95.65,96.76,101.725,94.825,101.925,102.3,99.95,100.225,
2025-02-18T09:42:03.707457+01:00,102.025,97.925,99.2,95.65,96.675,101.725,94.825,101.925,102.3,99.85,100.225,
2025-02-18T09:51:29.384162+01:00,102.025,97.925,99.2,95.675,96.7,101.725,94.825,101.925,102.3,99.85,100.225,
2025-02-18T10:16:03.406467+01:00,102.025,97.95,99.225,95.675,96.7,101.725,94.85,101.925,102.3,99.875,100.25,
2025-02-18T10:37:14.693171+01:00,102.025,97.95,99.225,95.675,96.7,101.725,94.85,101.925,102.3,99.875,100.25,
2025-02-18T10:50:04.527768+01:00,102.025,97.925,99.2,95.675,96.7,101.725,94.825,101.925,102.3,99.85,100.225,
2025-02-18T11:16:23.203926+01:00,102.025,97.925,99.27,95.675,96.81,101.725,94.825,101.925,102.3,99.9,100.225,
2025-02-18T11:40:37.547890+01:00,102.025,97.975,99.33,95.73,96.87,101.725,94.85,101.925,102.3,99.96,100.275,
2025-02-18T11:49:53.910786+01:00,102.025,97.975,99.34,95.74,96.88,101.725,94.875,101.925,102.3,99.97,100.275,
2025-02-18T12:12:51.073131+01:00,102.025,97.95,99.31,95.725,96.85,101.725,94.85,101.925,102.3,99.94,100.25,
2025-02-18T12:25:22.299194+01:00,102.025,97.925,99.28,95.7,96.82,101.725,94.825,101.925,102.3,99.91,100.225,
2025-02-18T12:36:37.843182+01:00,102.025,97.95,99.3,95.725,96.84,101.725,94.825,101.925,102.3,99.93,100.25,
2025-02-18T12:50:15.029917+01:00,102.025,97.925,99.3,95.725,96.84,101.725,94.825,101.925,102.3,99.93,100.225,
2025-02-18T13:29:41.857269+01:00,102.025,97.925,99.29,95.7,96.83,101.725,94.825,101.925,102.3,99.92,100.225,
2025-02-18T13:59:20.669325+01:00,102.025,97.95,99.3,95.725,96.84,101.725,94.825,101.925,102.3,99.93,100.25,
2025-02-18T14:27:18.547188+01:00,102.025,97.95,99.33,95.75,96.87,101.725,94.85,101.925,102.3,99.96,100.25,
2025-02-18T14:39:54.724108+01:00,102.025,97.975,99.34,95.75,96.88,101.725,94.875,101.925,102.3,99.97,100.275,
2025-02-18T14:50:03.761501+01:00,102.025,97.975,99.36,95.775,96.9,101.725,94.875,101.925,102.3,99.99,100.4,
2025-02-18T15:14:20.772319+01:00,102.025,97.975,99.34,95.775,96.88,101.725,94.875,101.925,102.3,99.97,100.4,
2025-02-18T15:33:15.322409+01:00,102.025,97.95,99.32,95.75,96.86,101.725,94.85,101.925,102.3,99.95,100.375,
2025-02-18T15:50:08.743263+01:00,102.025,97.95,99.32,95.75,96.86,101.725,94.85,101.925,102.3,99.95,100.375,
2025-02-18T16:16:50.196740+01:00,102.025,98.0,99.275,95.775,96.8,101.725,94.875,101.925,102.3,99.925,100.425,
2025-02-18T16:38:57.856021+01:00,102.025,97.975,99.25,95.775,96.8,101.725,94.875,101.925,102.3,99.9,100.4,
2025-02-18T16:50:05.595070+01:00,102.025,98.0,99.275,95.8,96.825,101.725,94.9,101.925,102.3,99.925,100.425,
2025-02-18T17:19:34.571036+01:00,102.025,98.0,99.275,95.8,96.825,101.725,94.9,101.925,102.3,99.925,100.425,
2025-02-18T17:44:26.477566+01:00,102.025,98.0,99.275,95.8,96.825,101.725,94.9,101.925,102.3,99.925,100.425,
2025-02-18T17:53:33.107057+01:00,102.025,98.0,99.275,95.8,96.825,101.725,94.9,101.925,102.3,99.925,100.425,
2025-02-18T18:14:07.897397+01:00,102.025,98.0,99.275,95.8,96.825,101.725,94.9,101.925,102.3,99.925,100.425,
2025-02-18T18:30:46.659176+01:00,102.025,98.0,99.275,95.8,96.825,101.725,94.9,101.925,102.3,99.925,100.425,
2025-02-18T18:50:04.066189+01:00,102.025,98.0,99.275,95.8,96.825,101.725,94.9,101.925,102.3,99.925,100.425,
2025-02-19T08:14:41.006515+01:00,102.025,98.0,99.275,95.8,96.825,102.05,94.9,101.925,102.3,99.925,100.425,
2025-02-19T08:28:29.797171+01:00,102.025,98.0,99.275,95.8,96.825,102.05,94.9,101.925,102.3,99.925,100.425,
2025-02-19T08:38:34.522688+01:00,102.025,98.0,99.275,95.8,96.825,102.05,94.9,101.925,102.3,99.925,100.425,
2025-02-19T08:50:06.505340+01:00,102.025,98.0,99.275,95.8,96.825,102.05,94.9,101.925,102.3,99.925,100.425,
2025-02-19T09:20:19.404002+01:00,102.025,97.925,99.2,95.675,96.7,102.05,94.8,101.925,102.3,99.85,100.35,
2025-02-19T09:42:39.161995+01:00,102.025,97.925,99.25,95.65,96.77,102.05,94.775,101.925,102.3,99.93,100.35,
2025-02-19T09:52:15.223665+01:00,102.025,97.925,99.26,95.675,96.78,102.05,94.8,101.925,102.3,99.94,100.35,
2025-02-19T10:16:08.742255+01:00,102.025,97.9,99.21,95.65,96.75,102.05,94.775,101.925,102.3,99.89,100.325,
2025-02-19T10:37:42.566698+01:00,102.025,97.9,99.22,95.65,96.76,102.05,94.775,101.925,102.3,99.9,100.325,
2025-02-19T10:50:07.627952+01:00,102.025,97.925,99.26,95.675,96.79,102.05,94.8,101.925,102.3,99.93,100.35,
2025-02-19T11:16:15.098704+01:00,102.025,97.925,99.28,95.65,96.77,102.05,94.775,101.925,102.3,99.96,100.35,
2025-02-19T11:40:41.732725+01:00,102.025,97.9,99.24,95.65,96.73,102.05,94.775,101.925,102.3,99.92,100.325,
2025-02-19T11:49:48.110140+01:00,102.025,97.925,99.26,95.675,96.75,102.05,94.8,101.925,102.3,99.94,100.35,
2025-02-19T12:12:45.139746+01:00,102.025,97.925,99.25,95.675,96.74,102.05,94.8,101.925,102.3,99.93,100.35,
2025-02-19T12:25:22.197936+01:00,102.025,97.85,99.15,95.575,96.64,102.05,94.725,101.925,102.3,99.83,100.275,
2025-02-19T12:36:12.004757+01:00,102.025,97.85,99.16,95.6,96.65,102.05,94.725,101.925,102.3,99.84,100.275,
2025-02-19T12:50:08.465562+01:00,102.025,97.85,99.14,95.575,96.63,102.05,94.7,101.925,102.3,99.82,100.275,
2025-02-19T13:27:39.523365+01:00,102.025,97.875,99.18,95.6,96.67,102.05,94.75,101.925,102.3,99.86,100.3,
2025-02-19T13:58:32.863382+01:00,102.025,97.85,99.13,95.575,96.62,102.05,94.725,101.925,102.3,99.81,100.275,
2025-02-19T14:26:17.142590+01:00,102.025,97.725,99.08,95.45,96.57,102.05,94.7,101.925,102.3,99.76,100.15,
2025-02-19T14:39:16.167797+01:00,102.025,97.725,99.08,95.45,96.57,102.05,94.7,101.925,102.3,99.76,100.15,
2025-02-19T14:49:42.752718+01:00,102.025,97.725,99.07,95.45,96.56,102.05,94.7,101.925,102.3,99.75,100.15,
2025-02-19T15:14:35.614082+01:00,102.025,97.75,99.1,95.45,96.59,102.05,94.7,101.925,102.3,99.78,100.175,
2025-02-19T15:33:22.902331+01:00,102.075,97.675,98.95,95.4,96.425,102.05,94.7,101.975,102.35,99.6,100.1,
2025-02-19T15:50:04.324931+01:00,102.075,97.675,99.04,95.4,96.53,102.05,94.7,101.975,102.35,99.72,100.1,
2025-02-19T16:16:43.672467+01:00,102.075,97.7,99.03,95.425,96.52,102.05,94.675,101.975,102.35,99.71,100.125,
2025-02-19T16:37:21.539607+01:00,102.075,97.725,99.06,95.45,96.55,102.05,94.7,101.975,102.35,99.74,100.15,
2025-02-19T16:50:07.555393+01:00,102.075,97.7,99.04,95.45,96.53,102.05,94.675,101.975,102.35,99.72,100.125,
2025-02-19T17:18:33.437455+01:00,102.075,97.725,99.0,95.45,96.475,102.05,94.7,101.975,102.35,99.65,100.15,
2025-02-19T17:43:22.738500+01:00,102.075,97.725,99.0,95.45,96.475,102.05,94.7,101.975,102.35,99.65,100.15,
2025-02-19T17:52:57.708578+01:00,102.075,97.725,99.0,95.45,96.475,102.05,94.7,101.975,102.35,99.65,100.15,
2025-02-19T18:13:46.561179+01:00,102.075,97.725,99.0,95.45,96.475,102.05,94.7,101.975,102.35,99.65,100.15,
2025-02-19T18:30:44.733420+01:00,102.075,97.725,99.0,95.45,96.475,102.05,94.7,101.975,102.35,99.65,100.15,
2025-02-19T18:50:19.979191+01:00,102.075,97.725,99.0,95.45,96.475,102.05,94.7,101.975,102.35,99.65,100.15,
2025-02-20T08:14:32.443551+01:00,102.075,97.725,99.0,95.45,96.475,102.05,94.7,101.975,102.35,99.65,100.15,
2025-02-20T08:27:47.737157+01:00,102.075,97.725,99.0,95.45,96.475,102.05,94.7,101.975,102.35,99.65,100.15,
2025-02-20T08:37:44.554466+01:00,102.075,97.725,99.0,95.45,96.475,102.05,94.7,101.975,102.35,99.65,100.15,
2025-02-20T08:50:09.853647+01:00,102.075,97.725,99.0,95.45,96.475,102.05,94.7,101.975,102.35,99.65,100.15,
2025-02-20T09:19:52.300835+01:00,102.1,97.675,98.98,95.4,96.47,102.05,94.6,102.0,102.375,99.66,100.1,
2025-02-20T09:42:32.493198+01:00,102.1,97.65,98.98,95.375,96.47,102.05,94.6,102.0,102.375,99.66,100.075,
2025-02-20T09:51:45.817067+01:00,102.1,97.65,98.96,95.35,96.45,102.05,94.6,102.0,102.375,99.64,100.075,
2025-02-20T10:16:07.765541+01:00,102.1,97.65,98.98,95.375,96.47,102.05,94.6,102.0,102.375,99.66,100.075,
2025-02-20T10:37:35.653787+01:00,102.1,97.65,98.97,95.375,96.46,102.05,94.6,102.0,102.375,99.65,100.075,
2025-02-20T10:50:00.219235+01:00,102.1,97.65,98.99,95.375,96.48,102.05,94.6,102.0,102.375,99.67,100.075,
2025-02-20T11:16:24.688325+01:00,102.1,97.675,98.99,95.375,96.48,102.05,94.6,102.0,102.375,99.67,100.1,
2025-02-20T11:40:59.780974+01:00,102.1,97.675,99.0,95.375,96.49,102.05,94.625,102.0,102.375,99.68,100.1,
2025-02-20T11:50:08.294240+01:00,102.1,97.675,99.0,95.375,96.49,102.05,94.6,102.0,102.375,99.68,100.1,
2025-02-20T12:12:46.725565+01:00,102.1,97.65,98.98,95.375,96.47,102.05,94.6,102.0,102.375,99.66,100.075,
2025-02-20T12:25:37.049103+01:00,102.1,97.65,98.96,95.35,96.45,102.05,94.6,102.0,102.375,99.64,100.075,
2025-02-20T12:36:23.417436+01:00,102.1,97.65,98.95,95.35,96.44,102.05,94.6,102.0,102.375,99.63,100.075,
2025-02-20T12:49:55.602371+01:00,102.1,97.65,98.94,95.35,96.43,102.05,94.6,102.0,102.375,99.62,100.075,
2025-02-20T13:30:18.711411+01:00,102.1,97.675,98.96,95.375,96.45,102.05,94.625,102.0,102.375,99.64,100.1,
2025-02-20T14:01:23.154605+01:00,102.1,97.675,98.97,95.4,96.46,102.05,94.625,102.0,102.375,99.65,100.1,
2025-02-20T14:32:19.711156+01:00,102.1,97.675,98.98,95.4,96.47,102.05,94.625,102.0,102.375,99.66,100.1,
2025-02-20T14:49:46.879119+01:00,102.1,97.7,98.99,95.4,96.48,102.05,94.625,102.0,102.375,99.67,100.125,
2025-02-20T15:14:56.349636+01:00,102.1,97.675,98.95,95.375,96.44,102.05,94.6,102.0,102.375,99.63,100.1,
2025-02-20T15:33:46.648055+01:00,102.1,97.675,98.95,95.4,96.425,102.05,94.625,102.0,102.375,99.6,100.1,
2025-02-20T15:49:50.833572+01:00,102.1,97.7,98.975,95.425,96.45,102.05,94.65,102.0,102.375,99.625,100.125,
2025-02-20T16:17:09.673335+01:00,102.1,97.7,98.975,95.425,96.45,102.05,94.65,102.0,102.375,99.625,100.125,
2025-02-20T16:39:20.700143+01:00,102.1,97.7,98.975,95.425,96.45,102.05,94.65,102.0,102.375,99.625,100.125,
2025-02-20T16:49:50.227455+01:00,102.1,97.725,99.0,95.45,96.475,102.05,94.675,102.0,102.375,99.65,100.15,
2025-02-20T17:19:47.325546+01:00,102.1,97.725,99.0,95.475,96.5,102.05,94.675,102.0,102.375,99.65,100.15,
2025-02-20T17:44:41.065135+01:00,102.1,97.725,99.0,95.475,96.5,102.05,94.675,102.0,102.375,99.65,100.15,
2025-02-20T17:54:55.241021+01:00,102.1,97.725,99.0,95.475,96.5,102.05,94.675,102.0,102.375,99.65,100.15,
2025-02-20T18:13:18.793046+01:00,102.1,97.725,99.0,95.475,96.5,102.05,94.675,102.0,102.375,99.65,100.15,
2025-02-20T18:29:14.109433+01:00,102.1,97.725,99.0,95.475,96.5,102.05,94.675,102.0,102.375,99.65,100.15,
2025-02-20T18:40:15.768966+01:00,102.1,97.725,99.0,95.475,96.5,102.05,94.675,102.0,102.375,99.65,100.15,
2025-02-20T18:49:58.118971+01:00,102.1,97.725,99.0,95.475,96.5,102.05,94.675,102.0,102.375,99.65,100.15,
2025-02-21T08:15:00.578182+01:00,102.1,97.725,99.0,95.475,96.5,102.05,94.675,102.0,102.375,99.65,100.15,
2025-02-21T08:28:13.226022+01:00,102.1,97.725,99.0,95.475,96.5,102.05,94.675,102.0,102.375,99.65,100.15,
2025-02-21T08:37:59.370331+01:00,102.1,97.725,99.0,95.475,96.5,102.05,94.675,102.0,102.375,99.65,100.15,
2025-02-21T08:49:43.301127+01:00,102.1,97.725,99.0,95.475,96.5,102.05,94.675,102.0,102.375,99.65,100.15,
2025-02-21T09:19:29.679113+01:00,102.025,97.725,99.05,95.475,96.59,102.05,94.6,,102.4,99.73,100.15,
2025-02-21T09:41:25.205109+01:00,102.025,97.85,99.125,95.625,96.65,102.05,94.725,,102.4,99.775,100.275,
2025-02-21T09:50:28.061679+01:00,102.025,97.825,99.14,95.575,96.71,102.05,94.7,,102.4,99.82,100.25,
2025-02-21T10:15:55.079447+01:00,102.025,97.8,99.09,95.55,96.66,102.05,94.675,,102.4,99.77,100.225,
2025-02-21T10:37:06.635668+01:00,102.025,97.8,99.09,95.55,96.66,102.05,94.675,,102.4,99.77,100.225,
2025-02-21T10:50:05.654422+01:00,102.025,97.8,99.1,95.575,96.67,102.05,94.675,,102.4,99.78,100.225,
2025-02-21T11:16:19.416343+01:00,102.025,97.775,99.09,95.525,96.66,102.05,94.675,,102.4,99.77,100.2,
2025-02-21T11:40:02.438694+01:00,102.025,97.775,99.13,95.58,96.72,102.05,94.7,,102.4,99.81,100.2,
2025-02-21T11:49:45.667384+01:00,102.025,97.8,99.17,95.6,96.74,102.05,94.7,,102.4,99.83,100.225,
2025-02-21T12:13:07.518238+01:00,102.025,97.82,99.19,95.62,96.76,102.05,94.725,,102.4,99.85,100.225,
2025-02-21T12:27:06.118842+01:00,102.025,97.8,99.1,95.63,96.77,102.05,94.7,,102.4,99.76,100.225,
2025-02-21T12:37:01.336941+01:00,102.025,97.825,99.16,95.64,96.78,102.05,94.725,,102.4,99.79,100.25,
2025-02-21T12:50:08.451664+01:00,102.025,97.825,99.2,95.65,96.79,102.05,94.725,,102.4,99.83,100.25,
2025-02-21T13:29:37.598313+01:00,102.025,97.825,99.1,95.67,96.81,102.05,94.725,,102.4,99.75,100.25,
2025-02-21T14:00:08.455731+01:00,102.025,97.84,99.22,95.67,96.81,102.05,94.725,,102.4,99.85,100.25,
2025-02-21T14:27:51.417475+01:00,102.025,97.83,99.21,95.66,96.8,102.05,94.725,,102.4,99.84,100.25,
2025-02-21T14:38:52.269305+01:00,102.025,97.84,99.22,95.67,96.81,102.05,94.725,,102.4,99.85,100.25,
2025-02-21T14:49:47.934075+01:00,102.025,97.81,99.19,95.64,96.78,102.05,94.7,,102.4,99.82,100.225,
2025-02-21T15:13:22.173767+01:00,102.025,97.85,99.22,95.67,96.81,102.05,94.7,,102.4,99.85,100.25,
2025-02-21T15:30:56.560571+01:00,102.025,97.88,99.26,95.71,96.85,102.05,94.725,,102.4,99.89,100.3,
2025-02-21T15:50:02.273274+01:00,102.025,97.875,99.15,95.675,96.7,102.05,94.75,,102.4,99.8,100.3,
2025-02-21T16:15:44.832578+01:00,102.025,97.925,99.2,95.7,96.725,102.05,94.775,,102.4,99.85,100.35,
2025-02-21T16:37:47.699032+01:00,102.025,97.925,99.2,95.725,96.75,102.05,94.775,,102.4,99.85,100.35,
2025-02-21T16:49:58.046010+01:00,102.025,97.925,99.2,95.725,96.75,102.05,94.775,,102.4,99.85,100.35,
2025-02-21T17:18:48.642763+01:00,102.025,97.925,99.2,95.725,96.75,102.05,94.775,,102.4,99.85,100.35,
2025-02-21T17:41:39.665994+01:00,102.025,97.925,99.2,95.725,96.75,102.05,94.775,,102.4,99.85,100.35,
2025-02-21T17:50:41.270770+01:00,102.025,97.925,99.2,95.725,96.75,102.05,94.775,,102.4,99.85,100.35,
2025-02-21T18:13:13.001139+01:00,102.025,97.925,99.2,95.725,96.75,102.05,94.775,,102.4,99.85,100.35,
2025-02-21T18:27:53.992945+01:00,102.025,97.925,99.2,95.725,96.75,102.05,94.775,,102.4,99.85,100.35,
2025-02-21T18:37:42.327778+01:00,102.025,97.925,99.2,95.725,96.75,102.05,94.775,,102.4,99.85,100.35,
2025-02-21T18:49:59.235387+01:00,102.025,97.925,99.2,95.725,96.75,102.05,94.775,,102.4,99.85,100.35,
2025-02-24T08:15:14.536584+01:00,102.025,97.925,99.2,95.845,96.75,102.05,94.775,,102.4,99.85,100.35,
2025-02-24T08:28:28.850805+01:00,102.025,97.925,99.2,95.845,96.75,102.05,94.775,,102.4,99.85,100.35,
2025-02-24T08:38:20.628541+01:00,102.025,97.925,99.2,95.845,96.75,102.05,94.775,,102.4,99.85,100.35,
2025-02-24T08:50:11.349342+01:00,102.025,97.925,99.2,95.845,96.75,102.05,94.775,,102.4,99.85,100.35,
2025-02-24T09:20:41.485320+01:00,102.025,97.9,99.175,95.7,96.725,102.05,94.775,,102.4,99.825,100.325,
2025-02-24T09:43:13.835934+01:00,102.025,97.95,99.225,95.75,96.8,102.05,94.825,,102.4,99.875,100.375,
2025-02-24T09:52:34.002768+01:00,102.025,97.925,99.2,95.725,96.75,102.05,94.8,,102.4,99.85,100.35,
2025-02-24T10:17:33.139237+01:00,102.025,97.95,99.225,95.75,96.775,102.05,94.775,,102.4,99.875,100.375,
2025-02-24T10:38:38.050215+01:00,102.025,97.95,99.225,95.75,96.775,102.05,94.8,,102.4,99.875,100.375,
2025-02-24T10:49:42.044396+01:00,102.025,97.925,99.2,95.725,96.75,102.05,94.775,,102.4,99.85,100.35,
2025-02-24T11:17:11.095235+01:00,102.025,97.925,99.2,95.725,96.75,102.05,94.775,,102.4,99.85,100.35,
2025-02-24T11:41:48.789533+01:00,102.025,97.925,99.2,95.7,96.725,102.05,94.775,,102.4,99.85,100.35,
2025-02-24T11:50:52.946696+01:00,102.025,97.9,99.175,95.675,96.7,102.05,94.75,,102.4,99.825,100.325,
2025-02-24T12:13:05.024657+01:00,102.025,97.875,99.15,95.675,96.7,102.05,94.725,,102.4,99.8,100.3,
2025-02-24T12:25:53.445434+01:00,102.025,97.9,99.175,95.675,96.7,102.05,94.725,,102.4,99.825,100.325,
2025-02-24T12:36:27.510415+01:00,102.025,97.875,99.15,95.65,96.675,102.05,94.725,,102.4,99.8,100.3,
2025-02-24T12:49:50.952711+01:00,102.025,97.875,99.15,95.675,96.7,102.05,94.725,,102.4,99.8,100.3,
2025-02-24T13:30:51.573307+01:00,101.975,97.875,99.15,95.65,,102.05,94.7,,102.35,99.8,100.3,96.675
2025-02-24T14:05:31.184523+01:00,101.975,97.875,99.15,95.65,,102.05,94.725,,102.35,99.9,100.3,96.675
2025-02-24T14:33:31.864719+01:00,101.975,97.925,99.2,95.7,,102.05,94.75,,102.35,99.9,100.35,96.725
2025-02-24T14:50:06.690168+01:00,101.975,97.9,99.175,95.675,,102.05,94.725,,102.35,99.9,100.325,96.7
2025-02-24T15:15:27.115642+01:00,101.975,97.875,99.15,95.65,,102.05,94.725,,102.35,99.9,100.3,96.675
2025-02-24T15:34:31.702128+01:00,101.975,97.9,99.175,95.65,,102.05,94.625,,102.35,99.9,100.325,96.675
2025-02-24T15:49:48.786688+01:00,101.975,97.95,99.225,95.725,,102.05,94.675,,102.35,99.9,100.375,96.75
2025-02-24T16:17:40.421689+01:00,101.975,97.95,99.225,95.725,,102.05,94.675,,102.35,99.9,100.375,96.75
2025-02-24T16:39:25.493838+01:00,101.975,97.95,99.225,95.75,,102.05,94.7,,102.35,99.9,100.375,96.775
2025-02-24T16:50:02.811204+01:00,101.975,97.975,99.25,95.775,,102.05,94.725,,102.35,99.9,100.4,96.8
2025-02-24T17:20:00.091294+01:00,101.975,97.975,99.25,95.775,,102.05,94.725,,102.35,99.9,100.4,96.8
2025-02-24T17:45:09.884622+01:00,101.975,97.975,99.25,95.775,,102.05,94.725,,102.35,99.9,100.4,96.8
2025-02-24T17:55:03.040791+01:00,101.975,97.975,99.25,95.775,,102.05,94.725,,102.35,99.9,100.4,96.8
2025-02-24T18:13:28.659329+01:00,101.975,97.975,99.25,95.775,,102.05,94.725,,102.35,99.9,100.4,96.8
2025-02-24T18:29:24.331545+01:00,101.975,97.975,99.25,95.775,,102.05,94.725,,102.35,99.9,100.4,96.8
2025-02-24T18:40:09.131389+01:00,101.975,97.975,99.25,95.775,,102.05,94.725,,102.35,99.9,100.4,96.8
2025-02-24T18:50:01.602915+01:00,101.975,97.975,99.25,95.775,,102.05,94.725,,102.35,99.9,100.4,96.8
2025-02-25T08:15:05.422801+01:00,101.975,97.975,99.25,95.775,,102.05,94.725,,102.35,99.9,100.4,96.8
2025-02-25T08:29:05.274014+01:00,101.975,97.975,99.25,95.775,,102.05,94.725,,102.35,99.9,100.4,96.8
2025-02-25T08:38:46.915705+01:00,101.975,97.975,99.25,95.775,,102.05,94.725,,102.35,99.9,100.4,96.8
2025-02-25T08:49:38.663836+01:00,101.975,97.975,99.25,95.775,,102.05,94.725,,102.35,99.9,100.4,96.8
2025-02-25T09:20:06.094718+01:00,101.975,97.975,99.25,95.75,,102.05,94.7,,102.35,99.9,100.4,96.775
2025-02-25T09:42:38.500737+01:00,102.025,97.975,99.25,95.775,,102.05,94.75,,102.4,99.9,100.4,96.8
2025-02-25T09:52:15.952388+01:00,102.025,97.975,99.32,95.775,,102.05,94.75,,102.4,99.95,100.4,96.91
2025-02-25T10:16:38.444465+01:00,102.025,97.975,99.34,95.79,,102.05,94.8,,102.4,99.97,100.4,96.93
2025-02-25T10:38:30.085488+01:00,102.025,98.0,99.37,95.8,,102.05,94.85,,102.4,100.0,100.425,96.91
2025-02-25T10:50:03.437191+01:00,102.025,98.05,99.42,95.85,,102.05,94.875,,102.4,100.05,100.45,96.94
2025-02-25T11:16:39.876616+01:00,102.025,98.025,99.35,95.825,,102.05,94.85,,102.4,99.98,100.45,96.92
2025-02-25T11:41:32.378347+01:00,102.025,98.01,99.33,95.8,,102.05,94.85,,102.4,99.96,100.425,96.9
2025-02-25T11:50:50.671399+01:00,102.025,97.975,99.28,95.775,,102.05,94.825,,102.4,99.91,100.4,96.85
2025-02-25T12:12:58.652643+01:00,102.025,97.95,99.26,95.75,,102.05,94.8,,102.4,99.89,100.375,96.83
2025-02-25T12:26:28.717449+01:00,102.025,97.975,99.29,95.75,,102.05,94.825,,102.4,99.92,100.4,96.86
2025-02-25T12:37:04.984649+01:00,102.025,97.95,99.26,95.725,,102.05,94.8,,102.4,99.89,100.375,96.83
2025-02-25T12:50:05.040844+01:00,102.025,97.95,99.26,95.725,,102.05,94.8,,102.4,99.89,100.375,96.83
2025-02-25T13:31:00.278884+01:00,102.025,98.03,99.35,95.825,,102.05,94.85,,102.4,99.98,100.45,96.92
2025-02-25T14:05:13.121516+01:00,102.025,98.025,99.33,95.825,,102.05,94.85,,102.4,99.96,100.45,96.9
2025-02-25T14:33:18.930316+01:00,102.025,97.975,99.28,95.775,,102.05,94.825,,102.4,99.95,100.4,96.85
2025-02-25T14:50:03.013862+01:00,102.025,98.0,99.31,95.8,,102.05,94.85,,102.4,99.95,100.425,96.87
2025-02-25T15:15:10.552165+01:00,102.025,98.025,99.3,95.85,,102.05,94.875,,102.4,99.95,100.45,96.92
2025-02-25T15:34:56.779271+01:00,102.025,98.025,99.3,95.85,,102.05,94.875,,102.4,99.95,100.45,96.92
2025-02-25T15:50:11.056345+01:00,102.025,98.0,99.275,95.825,,102.05,94.85,,102.4,99.95,100.45,96.89
2025-02-25T16:17:05.631353+01:00,102.025,98.075,99.35,95.9,,102.05,94.9,,102.4,100.0,100.5,96.97
2025-02-25T16:39:20.957841+01:00,102.025,98.075,99.35,95.9,,102.05,94.9,,102.4,100.0,100.5,96.97
2025-02-25T16:50:02.169843+01:00,102.025,98.05,99.34,95.9,,102.05,94.9,,102.4,99.975,100.475,96.96
2025-02-25T17:19:52.016194+01:00,102.025,98.025,99.3,95.85,,102.05,94.875,,102.4,99.95,100.45,96.875
2025-02-25T17:44:50.107603+01:00,102.025,98.025,99.3,95.85,,102.05,94.875,,102.4,99.95,100.45,96.875
2025-02-25T17:55:01.037550+01:00,102.025,98.025,99.3,95.85,,102.05,94.875,,102.4,99.95,100.45,96.875
2025-02-25T18:16:42.095773+01:00,102.025,98.025,99.3,95.85,,102.05,94.875,,102.4,99.95,100.45,96.875
2025-02-25T18:39:53.962878+01:00,102.025,98.025,99.3,95.85,,102.05,94.875,,102.4,99.95,100.45,96.875
2025-02-25T18:49:47.223801+01:00,102.025,98.025,99.3,95.85,,102.05,94.875,,102.4,99.95,100.45,96.875
2025-02-26T08:15:11.193237+01:00,102.025,98.025,99.3,95.85,,102.05,94.875,,102.4,99.95,100.45,96.875
2025-02-26T08:28:45.093529+01:00,102.025,98.025,99.3,95.85,,102.05,94.875,,102.4,99.95,100.45,96.875
2025-02-26T08:38:54.020696+01:00,102.025,98.025,99.3,95.85,,102.05,94.875,,102.4,99.95,100.45,96.875
2025-02-26T08:49:51.072158+01:00,102.025,98.025,99.3,95.85,,102.05,94.875,,102.4,99.95,100.45,96.875
2025-02-26T09:20:15.446291+01:00,102.025,98.01,99.33,95.85,,102.05,94.85,,102.4,99.96,100.425,96.95
2025-02-26T09:43:13.269147+01:00,102.025,98.02,99.34,95.85,,102.05,94.875,,102.4,99.97,100.425,96.96
2025-02-26T09:52:51.169284+01:00,102.025,98.06,99.38,95.925,,102.05,94.925,,102.4,100.01,100.475,97.0
2025-02-26T10:16:51.570669+01:00,102.025,98.06,99.38,95.925,,102.05,94.925,,102.4,100.01,100.475,97.0
2025-02-26T10:38:29.822139+01:00,102.025,98.05,99.36,95.925,,102.05,94.925,,102.4,99.99,100.475,96.98
2025-02-26T10:50:21.848179+01:00,102.025,98.05,99.34,95.9,,102.05,94.925,,102.4,99.975,100.475,96.96
2025-02-26T11:17:01.635618+01:00,102.025,98.075,99.38,95.925,,102.05,94.95,,102.4,100.01,100.5,97.0
2025-02-26T11:41:34.193121+01:00,102.025,98.075,99.37,95.95,,102.05,94.95,,102.4,100.0,100.5,97.0
2025-02-26T11:50:43.137927+01:00,102.025,98.075,99.37,95.95,,102.05,94.95,,102.4,100.0,100.5,96.99
2025-02-26T12:13:26.404827+01:00,102.025,98.05,99.34,95.925,,102.05,94.925,,102.4,99.975,100.475,96.96
2025-02-26T12:26:29.223853+01:00,102.025,98.05,99.35,95.925,,102.05,94.925,,102.4,99.98,100.475,96.97
2025-02-26T12:36:34.018901+01:00,102.025,98.05,99.34,95.925,,102.05,94.925,,102.4,99.975,100.475,96.96
2025-02-26T12:50:02.194935+01:00,102.025,98.05,99.33,95.925,,102.05,94.925,,102.4,99.975,100.475,96.95
2025-02-26T13:30:44.532201+01:00,102.025,98.05,99.36,95.9,,102.05,94.95,,102.4,99.99,100.475,96.98
2025-02-26T14:05:18.561547+01:00,102.025,98.075,99.35,95.9,,102.05,94.975,,102.4,100.0,100.5,96.97
2025-02-26T14:32:48.430175+01:00,102.025,98.075,99.35,95.9,,102.05,94.975,,102.4,100.0,100.5,97.02
2025-02-26T14:49:45.532025+01:00,102.025,98.05,99.325,95.875,,102.05,94.95,,102.4,99.975,100.475,96.99
2025-02-26T15:15:02.839025+01:00,102.025,98.025,99.32,95.85,,102.05,94.925,,102.4,99.95,100.45,96.99
2025-02-26T15:34:06.025642+01:00,102.025,98.025,99.34,95.87,,102.05,94.925,,102.4,99.97,100.45,97.01
2025-02-26T15:50:07.844673+01:00,102.025,98.05,99.38,95.88,,102.05,94.95,,102.4,100.01,100.45,97.02
2025-02-26T16:17:16.097309+01:00,102.025,98.02,99.35,95.85,,102.05,94.975,,102.4,99.98,100.45,96.99
2025-02-26T16:40:12.989766+01:00,102.025,98.02,99.35,95.85,,102.05,94.975,,102.4,99.98,100.45,96.875
2025-02-26T16:50:01.201991+01:00,102.025,98.03,99.36,95.86,,102.05,94.975,,102.4,99.99,100.45,97.0
2025-02-26T17:19:44.182536+01:00,102.025,98.0,99.275,95.875,,102.05,95.0,,102.4,99.975,100.475,96.9
2025-02-26T17:45:04.154640+01:00,102.025,98.0,99.275,95.875,,102.05,95.0,,102.4,99.975,100.475,96.9
2025-02-26T17:54:39.024955+01:00,102.025,98.0,99.275,95.875,,102.05,95.0,,102.4,99.975,100.475,96.9
2025-02-26T18:13:55.839758+01:00,102.025,98.0,99.275,95.875,,102.05,95.0,,102.4,99.975,100.475,96.9
2025-02-26T18:30:54.466802+01:00,102.025,98.0,99.275,95.875,,102.05,95.0,,102.4,99.975,100.475,96.9
2025-02-26T18:50:08.432248+01:00,102.025,98.0,99.275,95.875,,102.05,95.0,,102.4,99.975,100.475,96.9
2025-02-27T08:14:44.448009+01:00,102.025,98.0,99.275,95.875,,102.05,95.0,,102.4,99.975,100.475,96.9
2025-02-27T08:28:29.629063+01:00,102.025,98.0,99.275,95.875,,102.05,95.0,,102.4,99.975,100.475,96.9
2025-02-27T08:38:22.006324+01:00,102.025,98.0,99.275,95.875,,102.05,95.0,,102.4,99.975,100.475,96.9
2025-02-27T08:49:48.863838+01:00,102.025,98.0,99.275,95.875,,102.05,95.0,,102.4,99.975,100.475,96.9
2025-02-27T09:19:59.058214+01:00,102.025,98.05,99.38,95.88,,102.05,95.0,,102.4,100.01,100.45,97.02
2025-02-27T09:42:25.273304+01:00,102.025,98.04,99.37,95.87,,102.05,95.0,,102.4,100.0,100.45,97.01
2025-02-27T09:52:33.765991+01:00,102.025,98.02,99.35,95.85,,102.05,94.975,,102.4,99.98,100.425,96.99
2025-02-27T10:16:48.768848+01:00,102.025,98.0,99.33,95.83,,102.05,94.975,,102.4,99.96,100.425,96.97
2025-02-27T10:37:58.821718+01:00,102.025,98.025,99.34,95.875,,102.05,94.975,,102.4,99.97,100.45,96.98
2025-02-27T10:42:46.539636+01:00,102.025,98.025,99.34,95.875,,102.05,94.975,,102.4,99.97,100.45,96.98
2025-02-27T10:49:44.461570+01:00,102.025,98.025,99.32,95.85,,102.05,94.95,,102.4,99.95,100.45,96.96
2025-02-27T11:16:41.261173+01:00,102.025,98.025,99.33,95.875,,102.05,94.975,,102.4,99.96,100.45,96.97
2025-02-27T11:41:32.518768+01:00,102.025,98.0,99.225,95.85,,102.05,94.95,,102.4,99.925,100.425,96.875
2025-02-27T11:50:57.808242+01:00,102.025,98.0,99.3,95.825,,102.05,94.95,,102.4,99.93,100.425,96.94
2025-02-27T12:12:54.704070+01:00,102.025,98.02,99.35,95.825,,102.05,94.95,,102.4,99.98,100.425,96.94
2025-02-27T12:25:58.666292+01:00,102.025,98.01,99.34,95.825,,102.05,94.95,102.04,102.4,99.97,100.425,96.93
2025-02-27T12:36:33.024796+01:00,102.025,98.0,99.33,95.825,,102.05,94.925,102.04,102.4,100.0,100.425,96.92
2025-02-27T12:49:58.698120+01:00,102.025,98.05,99.35,95.825,,102.05,94.95,102.04,102.4,100.0,100.475,96.94
2025-02-27T13:30:37.514451+01:00,102.025,98.075,99.37,95.85,,102.05,94.95,102.04,102.4,100.0,100.5,96.96
2025-02-27T14:02:20.299629+01:00,102.025,98.075,99.36,95.85,,102.1,94.95,102.04,102.4,100.0,100.5,96.95
2025-02-27T14:33:52.927437+01:00,102.025,98.075,99.37,95.85,,102.1,94.95,102.04,102.4,100.0,100.5,96.96
2025-02-27T14:49:47.182660+01:00,102.025,98.05,99.34,95.79,,102.1,94.95,102.04,102.4,100.0,100.475,96.93
2025-02-27T15:14:56.269086+01:00,102.025,98.125,99.4,95.875,,102.1,95.0,102.04,102.4,100.05,100.55,96.99
2025-02-27T15:34:04.558928+01:00,102.025,98.1,99.37,95.825,,102.1,94.975,102.04,102.4,100.025,100.525,96.96
2025-02-27T15:49:59.300021+01:00,102.025,98.15,99.44,95.9,,102.1,95.025,102.04,102.4,100.075,100.575,97.03
2025-02-27T16:17:37.240520+01:00,102.025,98.09,99.42,95.875,,102.1,95.025,102.04,102.4,100.05,100.5,97.01
2025-02-27T16:38:29.179605+01:00,102.025,98.09,99.42,95.875,,102.1,95.025,102.04,102.4,100.05,100.5,97.01
2025-02-27T16:50:05.889121+01:00,102.025,98.1,99.325,95.9,,102.1,95.025,,102.4,100.025,100.525,96.925
2025-02-27T17:20:07.773671+01:00,102.025,98.13,99.46,95.925,,102.1,95.05,102.04,102.4,100.09,100.55,97.05
2025-02-27T17:45:00.721493+01:00,102.025,98.13,99.46,95.925,,102.1,95.05,102.04,102.4,100.09,100.55,97.05
2025-02-27T17:54:16.351846+01:00,102.025,98.13,99.46,95.925,,102.1,95.05,102.04,102.4,100.09,100.55,97.05
2025-02-27T18:14:06.680733+01:00,102.025,98.125,99.35,95.925,,102.1,95.05,,102.4,100.05,100.55,96.95
2025-02-27T18:31:30.807489+01:00,102.025,98.125,99.35,95.925,,102.05,95.05,,102.4,100.05,100.55,96.95
2025-02-27T18:49:59.164157+01:00,102.025,98.125,99.35,95.925,,102.05,95.05,,102.4,100.05,100.55,96.95
2025-02-28T08:15:07.408169+01:00,102.025,98.125,99.35,95.925,,102.05,95.05,,102.4,100.05,100.55,96.95
2025-02-28T08:28:52.842958+01:00,102.025,98.125,99.35,95.925,,102.05,95.05,,102.4,100.05,100.55,96.95
2025-02-28T08:38:44.295171+01:00,102.025,98.125,99.35,95.925,,102.05,95.05,,102.4,100.05,100.55,96.95
2025-02-28T08:49:54.777901+01:00,102.025,98.125,99.35,95.925,,102.05,95.05,,102.4,100.05,100.55,96.95
2025-02-28T09:19:49.551539+01:00,102.025,98.275,99.5,96.15,,102.25,95.275,,102.4,100.2,100.7,97.175
2025-02-28T09:41:45.193242+01:00,102.025,98.275,99.5,96.125,,102.25,95.275,102.04,102.4,100.2,100.7,97.15
2025-02-28T09:51:23.995770+01:00,102.025,98.275,99.5,96.125,,102.25,95.275,102.04,102.4,100.2,100.7,97.15
2025-02-28T10:16:44.237683+01:00,102.025,98.2,99.45,96.075,,102.25,95.225,102.04,102.4,100.125,100.625,97.1
2025-02-28T10:37:55.977970+01:00,102.025,98.2,99.45,96.05,,102.25,95.225,102.04,102.4,100.125,100.625,97.09
2025-02-28T10:49:49.782732+01:00,102.025,98.2,99.46,96.05,,102.25,95.225,102.04,102.4,100.125,100.625,97.1
2025-02-28T11:16:40.554702+01:00,102.025,98.225,99.46,96.075,,102.25,95.25,102.04,102.4,100.15,100.65,97.1
2025-02-28T11:40:51.127171+01:00,102.025,98.225,99.46,96.1,,102.25,95.25,102.04,102.4,100.15,100.65,97.125
2025-02-28T11:49:50.303897+01:00,102.025,98.175,99.41,96.025,,102.25,95.225,102.04,102.4,100.1,100.6,97.05
2025-02-28T12:12:56.490822+01:00,102.025,98.2,99.43,96.05,,102.25,95.25,102.04,102.4,100.125,100.625,97.075
2025-02-28T12:25:44.557300+01:00,102.025,98.2,99.47,96.025,,102.25,95.25,102.04,102.4,100.125,100.625,97.11
2025-02-28T12:36:26.759841+01:00,102.025,98.175,99.44,96.0,,102.25,95.225,102.04,102.4,100.1,100.6,97.08
2025-02-28T12:50:06.740964+01:00,102.025,98.175,99.43,96.0,,102.25,95.225,102.04,102.4,100.1,100.6,97.07
2025-02-28T13:29:59.091446+01:00,102.025,98.125,99.44,95.925,,102.25,95.2,102.04,102.4,100.06,100.525,97.06
2025-02-28T14:00:46.972254+01:00,102.025,98.125,99.41,95.925,,102.25,95.2,102.04,102.4,100.03,100.525,97.05
2025-02-28T14:32:04.573567+01:00,102.025,98.1,99.38,95.89,,102.25,95.2,102.04,102.4,100.01,100.5,97.03
2025-02-28T14:49:56.880053+01:00,102.025,98.125,99.35,95.88,,102.25,95.2,102.04,102.4,100.025,100.525,96.98
2025-02-28T15:14:27.076012+01:00,102.025,98.125,99.4,95.9,,102.25,95.225,102.04,102.4,100.025,100.475,97.0
2025-02-28T15:33:12.593113+01:00,102.025,98.35,99.41,95.91,,102.25,95.225,102.04,102.4,100.03,100.475,97.01
2025-02-28T15:50:10.870929+01:00,102.025,98.35,99.35,95.875,,102.25,95.225,,102.4,100.025,100.475,96.9
2025-02-28T16:16:15.606868+01:00,102.025,98.35,99.35,95.875,,102.25,95.225,,102.4,100.025,100.475,96.9
2025-02-28T16:38:30.201537+01:00,102.025,98.35,99.3,95.8,,102.25,95.175,,102.4,99.975,100.425,96.825
2025-02-28T16:50:12.842738+01:00,102.025,98.35,99.325,95.85,,102.25,95.2,,102.4,100.0,100.45,96.875
2025-02-28T17:19:29.189514+01:00,102.025,98.35,99.325,95.85,,102.25,95.2,,102.4,100.0,100.45,96.875
2025-02-28T17:43:57.204235+01:00,102.025,98.35,99.325,95.85,,102.25,95.2,,102.4,100.0,100.45,96.875
2025-02-28T17:53:25.232436+01:00,102.025,98.35,99.325,95.85,,102.25,95.2,,102.4,100.0,100.45,96.875
2025-02-28T18:13:14.847324+01:00,102.025,98.35,99.325,95.85,,102.25,95.2,,102.4,100.0,100.45,96.875
2025-02-28T18:29:53.445439+01:00,102.025,98.1,99.325,95.85,,102.05,95.2,,102.4,100.0,100.45,96.875
2025-02-28T18:40:59.964335+01:00,102.025,98.1,99.325,95.85,,102.05,95.2,,102.4,100.0,100.45,96.875
2025-02-28T18:50:11.854769+01:00,102.025,98.1,99.325,95.85,,102.05,95.2,,102.4,100.0,100.45,96.875
2025-03-03T08:16:03.855163+01:00,102.025,98.1,99.325,95.923,,102.05,95.2,,102.4,100.0,100.45,96.875
2025-03-03T08:36:13.759489+01:00,102.025,98.1,99.325,95.923,,102.05,95.2,,102.4,100.0,100.45,96.875
2025-03-03T08:49:48.934325+01:00,102.025,98.1,99.325,95.923,,102.05,95.2,,102.4,100.0,100.45,96.875
2025-03-03T09:21:15.370704+01:00,102.025,98.075,99.3,95.8,,102.05,95.175,,102.4,99.975,100.425,96.825
2025-03-03T09:42:47.113028+01:00,102.025,98.1,99.325,95.85,,102.05,95.1,,102.4,100.0,100.45,96.875
2025-03-03T09:52:22.518371+01:00,102.025,98.1,99.325,95.85,,102.05,95.125,,102.4,100.0,100.45,96.875
2025-03-03T10:18:12.861859+01:00,102.025,98.1,99.325,95.8,,102.05,95.125,,102.4,100.0,100.45,96.825
2025-03-03T10:39:32.690738+01:00,102.025,98.075,99.3,95.75,,102.05,95.075,,102.4,99.975,100.425,96.775
2025-03-03T10:49:59.033602+01:00,102.025,98.0,99.225,95.7,,102.05,95.05,,102.4,99.9,100.35,96.725
2025-03-03T11:17:37.541242+01:00,102.025,97.95,99.175,95.65,,102.05,94.975,,102.4,99.85,100.3,96.675
2025-03-03T11:42:21.524252+01:00,102.025,97.925,99.15,95.6,,102.05,94.95,,102.4,99.825,100.275,96.625
2025-03-03T11:51:35.895166+01:00,102.025,97.9,99.125,95.575,,102.05,94.925,,102.4,99.8,100.25,96.6
2025-03-03T12:13:34.494924+01:00,102.025,97.9,99.125,95.575,,102.05,94.875,,102.4,99.8,100.25,96.6
2025-03-03T12:27:06.943850+01:00,102.025,97.85,99.075,95.5,,102.05,94.825,,102.4,99.75,100.2,96.525
2025-03-03T12:37:20.672608+01:00,102.025,97.825,99.05,95.475,,102.05,94.8,,102.4,99.725,100.175,96.5
2025-03-03T12:49:59.699593+01:00,102.025,97.825,99.05,95.475,,102.05,94.8,,102.4,99.725,100.175,96.5
2025-03-03T13:31:13.447824+01:00,102.025,97.85,99.075,95.5,,102.05,94.825,,102.4,99.75,100.2,96.525
2025-03-03T14:05:40.104598+01:00,102.025,97.85,99.075,95.5,,102.05,94.8,,102.4,99.75,100.2,96.525
2025-03-03T14:34:20.296736+01:00,102.025,97.825,99.05,95.45,,102.05,94.775,,102.4,99.725,100.175,96.475
2025-03-03T14:49:51.831684+01:00,102.025,97.8,99.025,95.45,,102.05,94.775,,102.4,99.7,100.15,96.475
2025-03-03T15:15:35.239065+01:00,102.025,97.8,99.025,95.45,,102.05,94.775,,102.4,99.7,100.15,96.475
2025-03-03T15:34:56.116114+01:00,102.025,97.775,99.0,95.425,,102.05,94.75,,102.4,99.675,100.125,96.45
2025-03-03T15:49:49.905687+01:00,102.025,97.8,99.025,95.45,,102.05,94.775,,102.4,99.7,100.15,96.475
2025-03-03T16:17:08.509231+01:00,102.025,97.875,99.1,95.55,,102.05,94.85,,102.4,99.775,100.225,96.575
2025-03-03T16:39:16.624641+01:00,102.025,97.825,99.05,95.5,,102.05,94.825,,102.4,99.725,100.175,96.525
2025-03-03T16:49:49.426610+01:00,102.025,97.85,99.075,95.5,,102.05,94.825,,102.4,99.75,100.2,96.525
2025-03-03T17:18:50.652185+01:00,102.025,97.85,99.075,95.5,,102.05,94.825,,102.4,99.75,100.2,96.525
2025-03-03T17:44:21.225720+01:00,102.025,97.85,99.075,95.5,,102.05,94.825,,102.4,99.75,100.2,96.525
2025-03-03T17:55:27.369498+01:00,102.025,97.85,99.075,95.5,,102.05,94.825,,102.4,99.75,100.2,96.525
2025-03-03T18:13:59.479980+01:00,102.025,97.85,99.075,95.5,,102.05,94.825,,102.4,99.75,100.2,96.525
2025-03-03T18:31:00.992593+01:00,102.025,97.85,99.075,95.5,,102.05,94.825,,102.4,99.75,100.2,96.525
2025-03-03T18:49:52.282173+01:00,102.025,97.85,99.075,95.5,,102.05,94.825,,102.4,99.75,100.2,96.525
2025-03-04T08:15:51.214534+01:00,102.025,97.85,99.075,95.5,,102.05,94.825,,102.4,99.75,100.2,96.525
2025-03-04T08:36:23.893395+01:00,102.025,97.85,99.075,95.5,,102.05,94.825,,102.4,99.75,100.2,96.525
2025-03-04T08:49:38.164579+01:00,102.025,97.85,99.075,95.5,,102.05,94.825,,102.4,99.75,100.2,96.525
2025-03-04T09:18:29.645788+01:00,102.025,98.075,99.3,95.775,,102.05,95.05,,102.4,99.975,100.425,96.8
2025-03-04T09:43:21.644176+01:00,102.025,98.025,99.25,95.75,,102.05,95.0,,102.4,99.925,100.375,96.775
2025-03-04T09:53:11.083080+01:00,102.025,97.95,99.175,95.625,,102.05,94.925,,102.4,99.85,100.3,96.65
2025-03-04T10:16:45.274667+01:00,102.025,98.0,99.3,95.73,,102.05,95.0,102.04,102.4,99.92,100.37,96.83
2025-03-04T10:38:50.753741+01:00,102.025,98.025,99.34,95.77,,102.05,94.975,102.04,102.4,99.96,100.375,96.87
2025-03-04T10:49:37.520226+01:00,102.025,98.0,,,,,,,,,,
2025-03-04T11:17:07.560931+01:00,102.025,97.975,,,,,,,,,,
2025-03-04T11:42:19.847947+01:00,102.025,97.98,,,,,,,,,,
2025-03-04T11:51:19.929319+01:00,102.025,97.95,,,,,,,,,,
2025-03-04T12:13:17.219305+01:00,102.025,97.925,,,,,,,,,,
2025-03-04T12:26:35.273027+01:00,102.025,97.9,,,,,,,,,,
2025-03-04T12:49:41.434409+01:00,102.025,97.85,99.2,95.55,,102.05,95.0,102.04,102.4,99.82,100.39,96.65
2025-03-04T13:31:06.880393+01:00,102.025,97.95,99.3,95.66,,102.05,95.0,,102.4,99.95,100.36,96.76
2025-03-04T14:05:32.589484+01:00,102.025,97.925,99.29,95.64,,102.05,95.0,,102.4,99.93,100.36,96.74
2025-03-04T14:34:03.107770+01:00,102.025,97.95,99.33,95.66,,102.05,95.0,,102.4,99.97,100.36,96.76
2025-03-04T14:49:52.616351+01:00,102.025,97.925,99.15,95.6,,102.05,95.0,,102.4,99.825,100.275,96.625
2025-03-04T15:15:04.259938+01:00,102.025,97.8,99.12,95.45,,102.05,95.0,,102.4,99.77,100.36,96.53
2025-03-04T15:34:54.684458+01:00,102.025,97.875,99.2,95.51,,102.05,95.0,,102.4,99.85,100.36,96.61
2025-03-04T15:49:50.828786+01:00,102.025,97.9,99.21,95.55,,102.05,95.0,,102.4,99.86,100.36,96.62
2025-03-04T16:16:55.568284+01:00,102.025,97.925,99.15,95.6,,102.05,95.0,,102.4,99.825,100.275,96.625
2025-03-04T16:39:55.595253+01:00,102.025,97.925,99.15,95.575,,102.05,95.0,,102.4,99.825,100.275,96.6
2025-03-04T16:50:01.196320+01:00,102.025,97.85,99.075,95.475,,102.05,95.0,,102.4,99.75,100.2,96.5
2025-03-04T17:20:03.461988+01:00,102.025,97.9,99.125,95.55,,102.05,95.0,,102.4,99.8,100.25,96.575
2025-03-04T17:45:16.085964+01:00,102.025,97.9,99.125,95.55,,102.05,95.0,,102.4,99.8,100.25,96.575
2025-03-04T17:55:12.448958+01:00,102.025,97.9,99.125,95.55,,102.05,95.0,,102.4,99.8,100.25,96.575
2025-03-04T18:14:09.966883+01:00,102.025,97.9,99.125,95.55,,102.05,95.0,,102.4,99.8,100.25,96.575
2025-03-04T18:31:07.590316+01:00,102.025,97.9,99.125,95.55,,102.05,94.85,,102.4,99.8,100.25,96.575
2025-03-04T18:49:55.966738+01:00,102.025,97.9,99.125,95.55,,102.05,94.85,,102.4,99.8,100.25,96.575
2025-03-05T08:15:11.890574+01:00,102.025,97.9,99.125,95.55,,102.05,94.85,,102.4,99.8,100.25,96.575
2025-03-05T08:30:43.277749+01:00,102.025,97.9,99.125,95.55,,102.05,94.85,,102.4,99.8,100.25,96.575
2025-03-05T08:49:39.074368+01:00,102.025,97.9,99.125,95.55,,102.05,94.85,,102.4,99.8,100.25,96.575
2025-03-05T09:20:41.159142+01:00,102.025,97.3,98.525,94.7,,102.05,93.95,101.975,102.35,99.2,99.925,95.725
2025-03-05T09:43:40.318813+01:00,102.025,97.2,98.44,94.725,,102.05,93.975,101.975,102.35,99.1,100.11,95.75
2025-03-05T09:53:41.345074+01:00,102.025,97.3,98.54,94.875,,102.05,94.075,101.975,102.35,99.23,100.11,95.9
2025-03-05T10:17:06.653153+01:00,102.025,97.225,98.49,94.775,,102.05,94.05,101.975,102.35,99.18,100.11,95.82
2025-03-05T10:38:53.375576+01:00,102.025,97.15,98.41,94.675,,102.05,93.95,101.975,102.35,99.1,100.11,95.7
2025-03-05T10:49:46.067451+01:00,102.025,97.125,98.4,94.65,,102.05,93.95,101.975,102.35,99.09,100.11,95.68
2025-03-05T11:16:56.234716+01:00,102.025,97.15,98.325,94.625,,102.05,93.9,101.975,102.35,99.0,100.01,95.65
2025-03-05T11:41:53.664637+01:00,102.025,97.175,98.4,94.7,,102.05,93.975,101.975,102.35,99.09,100.01,95.725
2025-03-05T11:50:59.290471+01:00,102.025,97.15,98.325,94.625,,102.05,93.925,101.975,102.35,99.01,100.01,95.65
2025-03-05T12:13:21.893711+01:00,102.025,97.15,98.325,94.6,,102.05,93.9,101.975,102.35,99.0,99.99,95.625
2025-03-05T12:26:23.280729+01:00,102.025,97.15,98.28,94.51,,102.05,93.9,101.975,102.35,98.97,99.99,95.56
2025-03-05T12:37:10.009976+01:00,102.025,97.15,98.24,94.5,,102.05,93.9,101.975,102.35,98.93,99.99,95.525
2025-03-05T12:49:35.971182+01:00,102.025,97.15,98.225,94.45,,102.05,93.9,101.975,102.35,98.91,99.99,95.5
2025-03-05T13:31:04.419221+01:00,102.025,96.825,98.05,94.225,,102.05,93.775,101.975,102.35,98.725,99.575,95.25
2025-03-05T14:05:55.659826+01:00,102.025,96.775,98.0,94.2,,102.05,93.7,101.975,102.35,98.675,99.69,95.25
2025-03-05T14:34:00.628667+01:00,102.025,96.725,97.95,94.2,,102.05,93.75,101.975,102.35,98.66,99.66,95.25
2025-03-05T14:49:40.103374+01:00,102.025,96.775,98.0,94.25,,102.05,93.6,101.975,102.35,98.71,99.66,95.3
2025-03-05T15:14:52.486250+01:00,102.025,96.775,98.0,94.24,,102.05,93.6,101.975,102.35,98.7,99.66,95.29
2025-03-05T15:34:18.778238+01:00,102.025,96.625,97.86,94.12,,102.05,93.5,101.975,102.35,98.58,99.66,95.17
2025-03-05T15:50:05.141487+01:00,102.025,96.65,97.9,94.12,,102.05,93.525,101.975,102.35,98.55,99.66,95.17
2025-03-05T16:17:28.293239+01:00,102.025,96.55,97.775,93.95,,102.05,93.675,101.925,102.3,98.45,99.6,94.975
2025-03-05T16:39:26.470068+01:00,102.025,96.575,97.8,93.975,,102.05,93.7,101.925,102.3,98.475,99.625,95.0
2025-03-05T16:49:59.110383+01:00,102.025,96.55,97.775,93.95,,102.05,93.675,101.925,102.3,98.45,99.6,94.975
2025-03-05T17:25:35.282520+01:00,102.025,96.475,97.7,93.85,,102.05,93.6,101.925,102.3,98.375,99.525,94.875
2025-03-05T17:49:58.059849+01:00,102.025,96.475,97.7,93.85,,102.05,93.6,101.925,102.3,98.375,99.525,94.875
2025-03-05T18:14:25.311645+01:00,102.025,96.475,97.7,93.85,,102.05,93.6,101.925,102.3,98.375,99.525,94.875
2025-03-05T18:31:55.954237+01:00,102.025,96.475,97.7,93.85,,102.05,93.6,101.925,102.3,98.375,99.525,94.875
2025-03-05T18:49:53.342893+01:00,102.025,96.475,97.7,93.85,,102.05,93.6,101.925,102.3,98.375,99.525,94.875
2025-03-06T08:16:22.225409+01:00,102.025,96.475,97.7,93.85,,102.05,93.6,101.925,102.3,98.375,99.525,94.875
2025-03-06T08:38:02.903031+01:00,102.025,96.475,97.7,93.85,,102.05,93.6,101.925,102.3,98.375,99.525,94.875
2025-03-06T08:49:56.555407+01:00,102.025,96.475,97.7,93.85,,102.05,93.6,101.925,102.3,98.375,99.525,94.875
2025-03-06T09:19:55.862679+01:00,102.025,96.125,97.35,93.4,,102.05,93.275,101.8,102.175,98.025,99.175,94.425
2025-03-06T09:43:08.630247+01:00,102.025,96.15,97.375,93.45,,102.05,93.3,101.825,102.2,98.05,99.2,94.475
2025-03-06T09:53:55.734724+01:00,102.025,96.125,97.35,93.4,,102.05,92.95,101.775,102.15,98.025,99.1,94.425
2025-03-06T10:16:43.534046+01:00,102.025,95.975,97.2,93.25,,102.05,93.0,101.775,102.15,97.975,99.05,94.375
2025-03-06T10:38:44.259726+01:00,102.025,95.875,97.1,93.15,,102.05,92.875,101.725,102.1,97.875,98.95,94.275
2025-03-06T10:49:41.926979+01:00,102.025,95.925,97.15,93.2,,102.05,92.925,101.725,102.1,97.925,99.0,94.325
2025-03-06T11:16:57.943838+01:00,102.025,95.775,97.0,93.05,,102.05,92.85,101.725,102.1,97.775,98.85,94.175
2025-03-06T11:42:30.720203+01:00,102.025,95.8,97.025,93.025,,102.05,92.875,101.75,102.125,97.8,98.875,94.15
2025-03-06T11:51:49.138754+01:00,102.025,95.575,96.95,92.925,,102.05,92.825,101.725,102.1,97.725,98.8,94.05
2025-03-06T12:12:53.164351+01:00,102.025,95.625,97.0,93.0,,102.05,92.9,101.75,102.125,97.775,98.85,94.125
2025-03-06T12:26:00.776171+01:00,102.025,95.625,97.0,93.0,,102.05,92.9,101.75,102.125,97.775,98.85,94.125
2025-03-06T12:36:55.803716+01:00,102.025,95.6,96.975,92.975,,102.05,92.925,101.75,102.125,97.75,98.825,94.1
2025-03-06T12:49:35.277043+01:00,102.025,95.575,96.95,92.925,,102.05,92.875,101.75,102.125,97.725,98.8,94.05
2025-03-06T13:31:13.886233+01:00,102.025,95.6,96.975,92.975,,102.05,92.925,101.75,102.125,97.75,98.825,94.1
2025-03-06T14:05:39.501606+01:00,102.025,95.625,97.0,93.0,,102.05,92.875,101.775,102.15,97.775,98.85,94.125
2025-03-06T14:33:56.770755+01:00,102.025,95.6,96.975,92.975,,102.05,92.85,101.75,102.125,97.75,98.825,94.1
2025-03-06T14:49:50.541136+01:00,102.025,95.475,96.85,92.825,,102.05,92.725,101.75,102.125,97.625,98.7,93.95
2025-03-06T15:14:42.595526+01:00,102.025,95.575,96.95,92.95,,102.05,92.825,101.75,102.125,97.725,98.8,94.1
2025-03-06T15:34:41.747328+01:00,102.025,95.4,96.775,92.75,,102.05,92.65,101.7,102.075,97.55,98.625,93.875
2025-03-06T15:49:38.900062+01:00,102.025,95.45,96.825,92.825,,102.05,92.7,101.725,102.1,97.6,98.675,93.95
2025-03-06T16:16:52.329182+01:00,102.025,95.375,96.75,92.725,,102.05,92.6,101.725,102.1,97.525,98.6,93.85
2025-03-06T16:40:02.903641+01:00,102.025,95.325,96.7,92.675,,102.05,92.575,101.725,102.1,97.475,98.55,93.8
2025-03-06T16:49:56.399077+01:00,102.025,95.425,96.8,92.775,,102.05,92.65,101.725,102.1,97.575,98.65,93.9
2025-03-06T17:19:27.250983+01:00,102.025,95.375,96.75,92.725,,102.05,92.625,101.725,102.1,97.525,98.6,93.85
2025-03-06T17:44:46.582581+01:00,102.025,95.375,96.75,92.725,,102.05,92.625,101.725,102.1,97.525,98.6,93.85
2025-03-06T17:55:26.363938+01:00,102.025,95.375,96.75,92.725,,102.05,92.625,101.725,102.1,97.525,98.6,93.85
2025-03-06T18:14:31.622531+01:00,102.025,95.375,96.75,92.725,,102.05,92.625,101.725,102.1,97.525,98.6,93.85
2025-03-06T18:31:27.273746+01:00,102.025,95.375,96.75,92.725,,102.05,92.625,101.725,102.1,97.525,98.6,93.85
2025-03-06T18:49:54.728072+01:00,102.025,95.375,96.75,92.725,,102.05,92.625,101.725,102.1,97.525,98.6,93.85
2025-03-07T08:14:50.945475+01:00,102.025,95.375,96.75,92.725,,102.05,92.625,101.725,102.1,97.525,98.6,93.85
2025-03-07T08:28:57.466957+01:00,102.025,95.375,96.75,92.725,,102.05,92.625,101.725,102.1,97.525,98.6,93.85
2025-03-07T08:39:36.301342+01:00,102.025,95.375,96.75,92.725,,102.05,92.625,101.725,102.1,97.525,98.6,93.85
2025-03-07T08:49:45.662203+01:00,102.025,95.375,96.75,92.725,,102.05,92.625,101.725,102.1,97.525,98.6,93.85
2025-03-07T09:19:50.947702+01:00,102.025,95.625,97.0,93.0,,102.05,92.85,101.75,102.125,97.775,98.85,94.15
2025-03-07T09:42:56.517556+01:00,102.025,95.8,97.04,93.05,,102.05,92.875,101.75,102.125,97.86,98.875,94.32
2025-03-07T09:52:22.477483+01:00,102.025,95.8,97.04,93.27,,102.05,92.875,101.75,102.125,97.86,98.875,94.32
2025-03-07T10:16:20.139892+01:00,102.025,95.8,97.025,93.05,,102.05,92.875,101.75,102.125,97.8,98.875,94.175
2025-03-07T10:38:03.922579+01:00,102.025,95.8,97.11,93.34,,102.05,92.925,101.75,102.125,97.93,98.925,94.39
2025-03-07T10:49:48.917894+01:00,102.025,95.8,97.1,93.33,,102.05,92.9,101.75,102.125,97.92,98.9,94.38
2025-03-07T11:16:40.901926+01:00,102.025,95.8,97.04,93.25,,102.05,92.825,101.75,102.125,97.86,98.825,94.3
2025-03-07T11:41:33.951788+01:00,102.025,95.8,97.1,93.28,,102.05,92.85,101.75,102.125,97.92,98.9,94.33
2025-03-07T11:50:57.805979+01:00,102.025,95.8,97.1,93.28,,102.05,92.85,101.75,102.125,97.93,98.95,94.34
2025-03-07T12:13:11.340589+01:00,102.025,95.8,97.08,93.26,,102.05,92.825,101.75,102.125,97.9,98.925,94.31
2025-03-07T12:26:14.596318+01:00,102.025,95.8,97.14,93.32,,102.05,92.9,101.75,102.125,97.96,98.975,94.37
2025-03-07T12:37:18.428376+01:00,102.025,95.8,97.08,93.26,,102.05,92.825,101.75,102.125,97.9,98.925,94.31
2025-03-07T12:49:48.903603+01:00,102.025,95.8,97.075,93.125,,102.05,92.875,101.75,102.125,97.85,98.975,94.25
2025-03-07T13:29:53.765460+01:00,102.025,95.8,97.19,93.37,,102.05,92.925,101.75,102.125,98.01,99.075,94.42
2025-03-07T14:01:22.683395+01:00,102.025,95.875,97.28,93.46,,102.05,92.95,101.75,102.125,98.1,99.15,94.51
2025-03-07T14:32:39.890906+01:00,102.025,95.875,97.25,93.275,,102.05,92.95,101.75,102.125,98.025,99.15,94.4
2025-03-07T14:49:53.198916+01:00,102.025,95.925,97.3,93.35,,102.05,93.1,101.775,102.15,98.075,99.2,94.475
2025-03-07T15:14:32.710456+01:00,102.025,95.925,97.3,93.325,,102.05,93.1,101.775,102.15,98.075,99.2,94.45
2025-03-07T15:33:14.363675+01:00,102.025,95.9,97.37,93.52,,102.05,93.075,101.775,102.15,98.16,99.175,94.57
2025-03-07T15:49:45.445144+01:00,102.025,95.8,97.22,93.37,,102.05,92.95,101.75,102.125,98.01,99.06,94.42
2025-03-07T16:16:11.897285+01:00,102.025,95.8,97.2,93.35,,102.05,92.95,101.75,102.125,97.99,99.05,94.4
2025-03-07T16:38:10.525385+01:00,102.025,95.8,97.25,93.4,,102.05,92.95,101.75,102.125,98.2,99.025,94.25
2025-03-07T16:49:47.426174+01:00,102.025,95.825,97.32,93.47,,102.05,93.0,101.75,102.125,98.2,99.1,94.52
2025-03-07T17:19:03.389398+01:00,102.025,95.8,97.22,93.37,,102.05,92.95,101.75,102.125,98.2,99.025,94.42
2025-03-07T17:43:48.827516+01:00,102.025,95.8,97.125,93.125,,102.05,92.95,101.75,102.125,98.2,99.025,94.25
2025-03-07T17:53:48.749608+01:00,102.025,95.8,97.125,93.125,,102.05,92.95,101.75,102.125,98.2,99.025,94.25
2025-03-07T18:13:33.762428+01:00,102.025,95.8,97.125,93.125,,102.05,92.95,101.75,102.125,98.2,99.025,94.25
2025-03-07T18:30:07.126748+01:00,102.025,95.75,97.125,93.125,,102.05,92.95,101.75,102.125,97.9,99.025,94.25
2025-03-07T18:40:53.509269+01:00,102.025,95.75,97.125,93.125,,102.05,92.95,101.75,102.125,97.9,99.025,94.25
2025-03-07T18:50:22.567150+01:00,102.025,95.75,97.125,93.125,,102.05,92.95,101.75,102.125,97.9,99.025,94.25
2025-03-10T08:14:06.633288+01:00,102.025,95.75,97.125,93.401,,102.05,92.95,101.75,102.125,97.9,99.025,94.25
2025-03-10T08:26:24.312520+01:00,102.025,95.75,97.125,93.401,,102.05,92.95,101.75,102.125,97.9,99.025,94.25
2025-03-10T08:37:07.182951+01:00,102.025,95.75,97.125,93.401,,102.05,92.95,101.75,102.125,97.9,99.025,94.25
2025-03-10T08:49:39.734265+01:00,102.025,95.75,97.125,93.401,,102.05,92.95,101.75,102.125,97.9,99.025,94.25
2025-03-10T09:17:40.956139+01:00,102.025,95.8,97.175,93.175,,102.05,92.975,101.75,102.125,97.95,99.075,94.3
2025-03-10T09:37:38.735195+01:00,102.025,95.775,97.15,93.15,,102.05,92.95,101.75,102.125,97.925,99.05,94.275
2025-03-10T09:49:38.480841+01:00,102.025,95.975,97.35,93.35,,102.05,93.05,101.75,102.125,98.125,99.25,94.475
2025-03-10T10:14:30.556016+01:00,102.025,95.975,97.35,93.375,,102.05,93.075,101.775,102.15,98.125,99.25,94.5
2025-03-10T10:28:03.349275+01:00,102.025,95.95,97.325,93.325,,102.05,93.025,101.75,102.125,98.1,99.225,94.45
2025-03-10T10:37:14.556408+01:00,102.025,95.9,97.275,93.275,,102.05,92.975,101.75,102.125,98.05,99.175,94.4
2025-03-10T10:49:45.770048+01:00,102.025,95.9,97.275,93.275,,102.05,92.975,101.75,102.125,98.05,99.175,94.4
2025-03-10T11:15:13.628852+01:00,102.025,95.95,97.325,93.325,,102.05,93.025,101.75,102.125,98.1,99.225,94.45
2025-03-10T11:32:04.491187+01:00,102.025,95.975,97.35,93.35,,102.05,93.1,101.775,102.15,98.125,99.25,94.475
2025-03-10T11:50:05.856614+01:00,102.025,96.0,97.375,93.375,,102.05,93.125,101.775,102.15,98.15,99.275,94.5
2025-03-10T12:11:06.233898+01:00,102.025,95.975,97.35,93.35,,102.05,93.1,101.775,102.15,98.125,99.25,94.475
2025-03-10T12:23:33.849386+01:00,102.025,95.975,97.35,93.375,,102.05,93.125,101.775,102.15,98.125,99.25,94.5
2025-03-10T12:35:47.913845+01:00,102.025,95.95,97.325,93.325,,102.05,93.075,101.775,102.15,98.1,99.225,94.45
2025-03-10T12:50:04.590082+01:00,102.025,95.975,97.35,93.375,,102.05,93.125,101.775,102.15,98.125,99.25,94.5
2025-03-10T13:32:08.231002+01:00,102.025,96.225,97.5,93.475,,102.05,93.15,101.775,102.15,98.275,99.4,94.6
2025-03-10T14:13:38.871210+01:00,102.025,96.125,97.4,93.35,,102.05,93.075,101.775,102.15,98.175,99.3,94.475
2025-03-10T14:36:42.456490+01:00,102.025,96.2,97.475,93.5,,102.05,93.075,101.775,102.15,98.25,99.375,94.5
2025-03-10T14:50:02.145447+01:00,102.025,96.175,97.45,93.5,,102.05,93.05,101.775,102.15,98.225,99.35,94.45
2025-03-10T15:15:47.626354+01:00,102.025,96.175,97.45,93.5,,102.05,93.05,101.775,102.15,98.225,99.35,94.475
2025-03-10T15:41:46.209401+01:00,102.025,96.175,97.45,93.5,,102.05,93.05,101.775,102.15,98.225,99.35,94.45
2025-03-10T15:50:51.916622+01:00,102.025,96.1,97.375,93.5,,102.05,93.025,101.775,102.15,98.15,99.275,94.425
2025-03-10T16:17:57.667389+01:00,102.025,96.15,97.425,93.5,,102.05,93.075,101.775,102.15,98.2,99.325,94.5
2025-03-10T16:37:21.748264+01:00,102.025,96.1,97.375,93.5,,102.05,93.05,101.775,102.15,98.15,99.275,94.45
2025-03-10T16:50:03.621514+01:00,102.025,96.15,97.425,93.5,,102.05,93.075,101.775,102.15,98.2,99.325,94.5
2025-03-10T17:18:09.080665+01:00,102.025,96.15,97.425,93.5,,102.05,93.075,101.775,102.15,98.2,99.325,94.475
2025-03-10T17:44:20.954303+01:00,102.025,96.15,97.425,93.5,,102.05,93.075,101.775,102.15,98.2,99.325,94.475
2025-03-10T17:55:22.534298+01:00,102.025,96.15,97.425,93.5,,102.05,93.075,101.775,102.15,98.2,99.325,94.475
2025-03-10T18:14:52.251656+01:00,102.025,96.15,97.425,93.5,,102.05,93.075,101.775,102.15,98.2,99.325,94.475
2025-03-10T18:32:29.798009+01:00,102.025,96.15,97.425,93.35,,102.05,93.075,101.775,102.15,98.2,99.325,94.475
2025-03-10T18:50:02.279401+01:00,102.025,96.15,97.425,93.35,,102.05,93.075,101.775,102.15,98.2,99.325,94.475
2025-03-11T08:15:24.213454+01:00,102.025,96.15,97.425,93.35,,102.05,93.075,101.775,102.15,98.2,99.325,94.475
2025-03-11T08:29:19.619810+01:00,102.025,96.15,97.425,93.35,,102.05,93.075,101.775,102.15,98.2,99.325,94.475
2025-03-11T08:39:25.282379+01:00,102.025,96.15,97.425,93.35,,102.05,93.075,101.775,102.15,98.2,99.325,94.475
2025-03-11T08:49:44.216615+01:00,102.025,96.15,97.425,93.35,,102.05,93.075,101.775,102.15,98.2,99.325,94.475
2025-03-11T09:20:17.445413+01:00,102.025,95.925,97.36,93.5,,102.05,92.85,101.775,102.15,98.17,99.11,94.36
2025-03-11T09:43:15.320101+01:00,102.025,96.075,97.39,93.5,,102.05,92.9,101.775,102.15,98.2,99.15,94.39
2025-03-11T09:53:40.914074+01:00,102.025,96.05,97.325,93.5,,102.05,92.875,101.775,102.15,98.1,99.125,94.35
2025-03-11T10:17:07.631948+01:00,102.025,96.0,97.42,93.5,,102.05,92.975,101.75,102.125,98.23,99.075,94.42
2025-03-11T10:39:01.572102+01:00,102.025,95.95,97.37,93.5,,102.05,92.925,101.75,102.125,98.18,99.025,94.37
2025-03-11T10:49:48.638633+01:00,102.025,96.125,97.42,93.5,,102.05,92.95,101.7,102.075,98.23,99.2,94.42
2025-03-11T11:17:28.968140+01:00,102.025,96.175,97.58,93.5,,102.05,93.0,101.725,102.1,98.39,99.25,94.47
2025-03-11T11:42:27.656280+01:00,102.025,96.175,97.56,93.5,,102.05,93.0,101.7,102.075,98.37,99.25,94.47
2025-03-11T11:51:37.909902+01:00,102.025,96.2,97.57,93.5,,102.05,93.025,101.725,102.1,98.38,99.275,94.47
2025-03-11T12:26:56.121160+01:00,102.025,96.2,97.475,93.5,,102.05,93.0,101.725,102.1,98.26,99.275,94.45
2025-03-11T12:37:17.605097+01:00,102.025,96.15,97.425,93.5,,102.05,92.975,101.7,102.075,98.23,99.225,94.42
2025-03-11T12:49:48.043292+01:00,102.025,96.15,97.425,93.5,,102.05,92.975,101.7,102.075,98.22,99.225,94.41
2025-03-11T13:31:52.409756+01:00,102.025,96.125,97.52,93.5,,102.05,93.0,101.725,102.1,98.33,99.1,94.52
2025-03-11T14:13:07.428657+01:00,102.025,96.1,97.51,93.5,,102.05,92.975,101.725,102.1,98.32,99.075,94.51
2025-03-11T14:35:52.522851+01:00,102.025,96.175,97.62,93.5,,102.05,92.975,101.725,102.1,98.44,99.15,94.55
2025-03-11T14:49:50.355527+01:00,102.025,96.075,97.5,93.5,,102.05,92.925,101.7,102.075,98.31,99.05,94.48
2025-03-11T15:16:11.999438+01:00,102.025,96.1,97.49,93.5,,102.05,92.975,101.725,102.1,98.31,99.075,94.47
2025-03-11T15:41:49.273801+01:00,102.025,96.15,97.51,93.5,,102.05,93.0,101.725,102.1,98.32,99.125,94.51
2025-03-11T15:51:05.195193+01:00,102.025,96.15,97.52,93.5,,102.05,93.0,101.725,102.1,98.33,99.125,94.52
2025-03-11T16:17:48.480400+01:00,102.025,96.05,97.4,93.5,,102.05,92.925,101.725,102.1,98.21,99.04,94.4
2025-03-11T16:40:27.648118+01:00,102.025,96.025,97.3,93.5,,102.05,92.9,101.725,102.1,98.075,99.0,94.3
2025-03-11T16:49:49.809347+01:00,102.025,96.025,97.3,93.5,,102.05,92.9,101.725,102.1,98.075,99.0,94.275
2025-03-11T17:20:58.945237+01:00,102.025,96.025,97.3,93.5,,102.05,92.9,101.725,102.1,98.075,99.0,94.275
2025-03-11T17:46:05.501459+01:00,102.025,96.025,97.3,93.5,,102.05,92.9,101.725,102.1,98.075,99.0,94.275
2025-03-11T18:14:46.576142+01:00,102.025,96.025,97.3,93.5,,102.05,92.9,101.725,102.1,98.075,99.0,94.275
2025-03-11T18:32:44.945819+01:00,102.025,96.025,97.3,93.15,,102.05,92.9,101.725,102.1,98.075,99.0,94.275
2025-03-11T18:49:48.913943+01:00,102.025,96.025,97.3,93.15,,102.05,92.9,101.725,102.1,98.075,99.0,94.275
2025-03-12T08:15:04.897475+01:00,102.025,96.025,97.3,93.15,,102.05,92.9,101.725,102.1,98.075,99.0,94.275
2025-03-12T08:30:16.660148+01:00,102.025,96.025,97.3,93.15,,102.05,92.9,101.725,102.1,98.075,99.0,94.275
2025-03-12T08:40:51.428901+01:00,102.025,96.025,97.3,93.15,,102.05,92.9,101.725,102.1,98.075,99.0,94.275
2025-03-12T08:50:03.969890+01:00,102.025,96.025,97.3,93.15,,102.05,92.9,101.725,102.1,98.075,99.0,94.275
2025-03-12T09:21:00.569645+01:00,102.025,96.0,97.29,93.5,,102.05,92.875,101.725,102.1,98.15,99.04,94.36
2025-03-12T09:44:13.494856+01:00,102.025,96.025,97.31,93.5,,102.05,92.9,101.725,102.1,98.17,99.04,94.38
2025-03-12T09:53:59.875907+01:00,102.025,96.025,97.31,93.5,,102.05,92.9,101.725,102.1,98.17,99.04,94.38
2025-03-12T10:16:59.134071+01:00,102.025,96.025,97.37,93.5,,102.05,92.925,101.725,102.1,98.23,99.04,94.44
2025-03-12T10:39:06.600946+01:00,102.025,96.0,97.34,93.5,,102.05,93.0,101.725,102.1,98.2,99.04,94.41
2025-03-12T10:49:38.856552+01:00,102.025,95.975,97.31,93.5,,102.05,93.0,101.725,102.1,98.17,99.04,94.38
2025-03-12T11:16:47.662389+01:00,102.025,95.95,97.34,93.5,,102.05,93.0,101.725,102.1,98.16,98.925,94.36
2025-03-12T11:41:52.868488+01:00,102.025,95.925,97.32,93.5,,102.05,93.0,101.725,102.1,98.14,98.9,94.34
2025-03-12T11:51:01.065506+01:00,102.025,95.9,97.31,93.5,,102.05,93.0,101.725,102.1,98.13,98.875,94.33
2025-03-12T12:13:21.585943+01:00,102.025,95.875,,,,,,,,,,
2025-03-12T12:26:47.387405+01:00,102.025,95.9,,,,,,,,,,
2025-03-12T12:37:13.442150+01:00,102.025,95.9,97.25,93.5,,102.05,93.0,101.725,102.1,98.12,99.06,94.27
2025-03-12T12:49:56.392388+01:00,102.025,95.925,97.25,93.5,,102.05,93.0,101.725,102.1,98.14,99.06,94.29
2025-03-12T13:31:20.370732+01:00,102.025,95.85,97.125,93.5,,102.05,93.0,101.725,102.1,97.925,98.85,94.21
2025-03-12T14:12:58.175629+01:00,102.025,95.85,97.2,93.5,,102.05,93.0,101.725,102.1,98.09,99.01,94.24
2025-03-12T14:35:46.293562+01:00,102.025,95.9,97.28,93.5,,102.05,93.0,101.725,102.1,98.17,99.01,94.32
2025-03-12T14:49:49.661551+01:00,102.025,96.025,97.43,93.5,,102.05,93.0,101.725,102.1,98.33,99.075,94.45
2025-03-12T15:15:40.628531+01:00,102.025,96.025,97.45,93.5,,102.05,93.0,101.725,102.1,98.15,99.075,94.48
2025-03-12T15:41:31.921694+01:00,102.025,96.125,97.45,93.5,,102.05,93.0,101.725,102.1,98.35,99.175,94.47
2025-03-12T15:50:40.957887+01:00,102.025,96.125,97.48,93.5,,102.05,93.0,101.725,102.1,98.38,99.175,94.5
2025-03-12T16:17:44.878806+01:00,102.025,96.15,97.5,93.5,,102.05,93.0,101.725,102.1,98.4,99.2,94.52
2025-03-12T16:40:12.473241+01:00,102.025,96.125,97.45,93.5,,102.05,93.0,101.725,102.1,98.35,99.175,94.47
2025-03-12T16:49:48.457292+01:00,102.025,96.075,97.41,93.5,,102.05,93.0,101.725,102.1,98.31,99.125,94.43
2025-03-12T17:20:03.655489+01:00,102.025,96.1,97.375,93.5,,102.05,93.0,101.725,102.1,98.225,99.15,94.35
2025-03-12T17:46:02.502924+01:00,102.025,96.1,97.375,93.5,,102.05,92.8,101.725,102.1,98.225,99.15,94.35
2025-03-12T18:14:26.736945+01:00,102.025,96.1,97.375,93.5,,102.05,92.8,101.725,102.1,98.225,99.15,94.35
2025-03-12T18:32:06.688069+01:00,102.025,96.1,97.375,93.225,,102.05,92.8,101.725,102.1,98.225,99.15,94.35
2025-03-12T18:49:50.673214+01:00,102.025,96.1,97.375,93.225,,102.05,92.8,101.725,102.1,98.225,99.15,94.35
2025-03-13T08:15:21.098413+01:00,102.025,96.1,97.375,93.225,,102.05,92.8,101.725,102.1,98.225,99.15,94.35
2025-03-13T08:29:16.555697+01:00,102.025,96.1,97.375,93.225,,102.05,92.8,101.725,102.1,98.225,99.15,94.35
2025-03-13T08:38:56.330473+01:00,102.025,96.1,97.375,93.225,,102.05,92.8,101.725,102.1,98.225,99.15,94.35
2025-03-13T08:49:54.836863+01:00,102.025,96.1,97.375,93.225,,102.05,92.8,101.725,102.1,98.225,99.15,94.35
2025-03-13T09:21:07.932246+01:00,102.025,96.1,97.45,93.5,,102.05,92.825,101.725,102.1,98.35,99.15,94.47
2025-03-13T09:44:23.677057+01:00,102.025,96.1,97.44,93.5,,102.05,92.875,101.725,102.1,98.34,99.15,94.46
2025-03-13T09:56:02.525263+01:00,102.025,96.125,97.46,93.5,,102.05,92.9,101.725,102.1,98.36,99.175,94.48
2025-03-13T10:17:27.227935+01:00,102.025,96.1,97.41,93.5,,102.05,92.875,101.725,102.1,98.31,99.15,94.43
2025-03-13T10:38:55.359344+01:00,102.025,96.05,97.38,93.5,,102.05,92.825,101.725,102.1,98.28,99.1,94.4
2025-03-13T10:49:50.676188+01:00,102.025,96.05,97.39,93.5,,102.05,92.825,101.725,102.1,98.29,99.1,94.41
2025-03-13T11:17:10.559120+01:00,102.025,96.05,97.37,93.5,,102.05,92.825,101.725,102.1,98.27,99.1,94.39
2025-03-13T11:42:23.470573+01:00,102.025,96.05,97.34,93.5,,102.05,92.8,101.725,102.1,98.24,99.075,94.36
2025-03-13T11:51:11.004670+01:00,102.025,96.05,97.35,93.5,,102.05,92.8,101.725,102.1,98.25,99.075,94.37
2025-03-13T12:13:42.961350+01:00,102.025,96.05,97.34,93.5,,102.05,92.8,101.725,102.1,98.24,99.075,94.36
2025-03-13T12:26:59.172559+01:00,102.025,96.05,97.38,93.5,,102.05,92.775,101.725,102.1,98.28,99.05,94.35
2025-03-13T12:37:30.740548+01:00,102.025,96.05,97.3,93.5,,102.05,92.8,101.725,102.1,98.15,99.075,94.275
2025-03-13T12:49:56.062001+01:00,102.025,96.1,97.44,93.5,,102.05,92.825,101.725,102.1,98.34,99.1,94.41
2025-03-13T13:31:48.350824+01:00,102.025,96.1,97.41,93.5,,102.05,92.85,101.725,102.1,98.31,99.125,94.43
2025-03-13T14:13:12.125236+01:00,102.025,96.1,97.44,93.5,,102.05,92.875,101.725,102.1,98.34,99.15,94.46
2025-03-13T14:35:49.695835+01:00,102.025,96.125,97.4,93.5,,102.05,92.9,101.725,102.1,98.25,99.175,94.4
2025-03-13T14:49:54.466863+01:00,102.025,96.125,97.4,93.5,,102.05,92.9,101.725,102.1,98.25,99.175,94.4
2025-03-13T15:15:12.108243+01:00,102.025,96.125,97.49,93.5,,102.05,92.9,101.725,102.1,98.39,99.175,94.51
2025-03-13T15:35:08.585430+01:00,102.025,96.175,97.53,93.5,,102.05,92.95,101.725,102.1,98.43,99.225,94.55
2025-03-13T15:49:39.002879+01:00,102.025,96.2,97.55,93.5,,102.05,92.975,101.725,102.125,98.45,99.25,94.57
2025-03-13T16:18:11.044194+01:00,102.025,96.2,97.51,93.5,,102.05,92.975,101.75,102.125,98.41,99.4,94.58
2025-03-13T16:40:22.317640+01:00,102.025,96.225,97.55,93.5,,102.05,93.0,101.75,102.125,98.45,99.425,94.62
2025-03-13T16:49:53.738787+01:00,102.025,96.25,97.57,93.5,,102.05,93.025,101.75,102.125,98.47,99.45,94.64
2025-03-13T17:20:23.522347+01:00,102.025,96.25,97.525,93.5,,102.05,93.025,101.75,102.125,98.375,99.45,94.55
2025-03-13T17:46:43.990023+01:00,102.025,96.25,97.525,93.5,,102.05,93.025,101.75,102.125,98.375,99.45,94.55
2025-03-13T18:12:44.335099+01:00,102.025,96.25,97.525,93.5,,102.05,93.025,101.75,102.125,98.375,99.45,94.55
2025-03-13T18:30:33.942576+01:00,102.025,96.25,97.525,93.425,,102.05,93.025,101.75,102.125,98.375,99.45,94.55
2025-03-13T18:41:59.010229+01:00,102.025,96.25,97.525,93.425,,102.05,93.025,101.75,102.125,98.375,99.45,94.55
2025-03-13T18:51:36.763502+01:00,102.025,96.25,97.525,93.425,,102.05,93.025,101.75,102.125,98.375,99.45,94.55
2025-03-14T08:15:07.068369+01:00,102.025,96.25,97.525,93.425,,102.05,93.025,101.75,102.125,98.375,99.45,94.55
2025-03-14T08:29:29.011145+01:00,102.025,96.25,97.525,93.425,,102.05,93.025,101.75,102.125,98.375,99.45,94.55
2025-03-14T08:39:41.261027+01:00,102.025,96.25,97.525,93.425,,102.05,93.025,101.75,102.125,98.375,99.45,94.55
2025-03-14T08:49:46.709441+01:00,102.025,96.25,97.525,93.425,,102.05,93.025,101.75,102.125,98.375,99.45,94.55
2025-03-14T09:19:53.798426+01:00,102.025,96.15,97.425,93.5,,102.05,92.925,101.75,102.125,98.275,99.35,94.4
2025-03-14T09:42:07.487248+01:00,102.025,96.125,97.4,93.5,,102.05,92.95,101.75,102.125,98.25,99.325,94.375
2025-03-14T09:52:24.838853+01:00,102.025,96.125,97.4,93.5,,102.05,92.95,101.75,102.125,98.25,99.325,94.375
2025-03-14T10:16:47.320413+01:00,102.025,96.125,97.43,93.5,,102.05,92.95,101.75,102.125,98.33,99.325,94.5
2025-03-14T10:37:45.694935+01:00,102.025,96.175,97.45,93.5,,102.05,93.0,101.75,102.125,98.3,99.375,94.425
2025-03-14T10:49:48.615493+01:00,102.025,96.15,97.45,93.5,,102.05,92.975,101.75,102.125,98.35,99.35,94.52
2025-03-14T11:16:43.450620+01:00,102.025,96.1,97.41,93.5,,102.05,92.925,101.75,102.125,98.31,99.3,94.48
2025-03-14T11:40:33.112819+01:00,102.025,96.125,97.48,93.5,,102.05,92.95,101.75,102.125,98.38,99.325,94.55
2025-03-14T11:49:48.742641+01:00,102.025,96.075,97.41,93.5,,102.05,92.9,101.75,102.125,98.32,99.275,94.48
2025-03-14T12:13:07.998198+01:00,102.025,95.975,97.32,93.5,,102.05,92.8,101.725,102.1,98.22,99.175,94.39
2025-03-14T12:25:56.119950+01:00,102.025,96.025,97.34,93.5,,102.05,92.85,101.75,102.125,98.24,99.225,94.41
2025-03-14T12:36:30.618083+01:00,102.025,96.0,97.3,93.5,,102.05,92.825,101.75,102.125,98.2,99.2,94.37
2025-03-14T12:49:47.582297+01:00,102.025,95.975,97.25,93.5,,102.05,92.8,101.725,102.1,98.1,99.175,94.175
2025-03-14T13:29:58.194718+01:00,102.025,95.95,97.225,93.5,,102.05,92.825,101.725,102.1,98.075,99.225,94.225
2025-03-14T14:00:51.202750+01:00,102.025,96.075,97.35,93.5,,102.05,92.875,101.75,102.125,98.2,99.35,94.39
2025-03-14T14:32:24.163045+01:00,102.025,96.1,97.375,93.5,,102.05,92.875,101.75,102.125,98.225,99.375,94.4
2025-03-14T14:49:50.119383+01:00,102.025,96.075,97.39,93.5,,102.05,92.85,101.75,102.125,98.29,99.35,94.38
2025-03-14T15:14:43.581600+01:00,102.025,96.075,97.4,93.5,,102.05,92.85,101.75,102.125,98.3,99.35,94.39
2025-03-14T15:33:12.750146+01:00,102.025,96.1,97.39,93.5,,102.05,92.875,101.75,102.125,98.29,99.375,94.38
2025-03-14T15:49:38.784833+01:00,102.025,96.125,97.42,93.5,,102.05,92.9,101.75,102.125,98.32,99.4,94.41
2025-03-14T16:16:15.378126+01:00,102.025,96.025,97.35,93.5,,102.05,92.9,101.75,102.125,98.225,99.375,94.3
2025-03-14T16:39:12.470829+01:00,102.025,96.05,97.35,93.5,,102.05,92.9,101.75,102.125,98.225,99.375,94.3
2025-03-14T16:49:39.744072+01:00,102.025,96.05,97.35,93.5,,102.05,92.925,101.75,102.125,98.225,99.375,94.325
2025-03-14T17:19:09.805046+01:00,102.025,96.05,97.35,93.5,,102.05,92.9,101.75,102.125,98.225,99.375,94.3
2025-03-14T17:43:25.377067+01:00,102.025,96.05,97.35,93.5,,102.05,92.9,101.75,102.125,98.225,99.375,94.3
2025-03-14T17:52:50.853790+01:00,102.025,96.05,97.35,93.5,,102.05,92.9,101.75,102.125,98.225,99.375,94.3
2025-03-14T18:12:15.278773+01:00,102.025,96.05,97.35,93.5,,102.05,92.9,101.75,102.125,98.225,99.375,94.3
2025-03-14T18:28:14.071639+01:00,102.025,96.05,97.35,93.175,,102.05,92.9,101.75,102.125,98.225,99.375,94.3
2025-03-14T18:39:07.019575+01:00,102.025,96.05,97.35,93.175,,102.05,92.9,101.75,102.125,98.225,99.375,94.3
2025-03-14T18:49:33.495723+01:00,102.025,96.05,97.35,93.175,,102.05,92.9,101.75,102.125,98.225,99.375,94.3
2025-03-17T08:16:23.463873+01:00,102.025,96.05,97.35,93.5,,102.05,92.9,101.75,102.125,98.225,99.375,94.3
2025-03-17T08:37:23.839575+01:00,102.025,96.05,97.35,93.5,,102.05,92.9,101.75,102.125,98.225,99.375,94.3
2025-03-17T08:49:48.051257+01:00,102.025,96.05,97.35,93.5,,102.05,92.9,101.75,102.125,98.225,99.375,94.3
2025-03-17T09:21:20.920562+01:00,102.025,96.075,97.42,93.5,,102.05,92.9,101.75,102.125,98.32,99.4,94.41
2025-03-17T09:44:27.518076+01:00,102.025,96.15,97.51,93.5,,102.05,92.975,101.75,102.125,98.41,99.475,94.5
2025-03-17T09:54:21.676910+01:00,102.025,96.225,97.62,93.5,,102.05,93.05,101.75,102.125,98.52,99.55,94.62
2025-03-17T10:18:21.278154+01:00,102.025,96.3,97.6,93.5,,102.05,93.075,101.75,102.125,98.475,99.625,94.63
2025-03-17T10:39:27.614895+01:00,102.025,96.275,97.575,93.5,,102.05,93.05,101.75,102.125,98.47,99.6,94.61
2025-03-17T10:49:33.042197+01:00,102.025,96.275,97.575,93.5,,102.05,93.05,101.75,102.125,98.49,99.6,94.65
2025-03-17T11:17:55.256003+01:00,102.025,96.3,97.6,93.5,,102.05,93.075,101.75,102.125,98.51,99.625,94.67
2025-03-17T11:42:48.905498+01:00,102.025,96.3,97.6,93.5,,102.05,93.075,101.75,102.125,98.49,99.625,94.65
2025-03-17T11:52:04.946737+01:00,102.025,96.3,97.6,93.525,,102.05,93.075,101.75,102.125,98.51,99.625,94.67
2025-03-17T12:13:16.688164+01:00,102.025,96.275,97.575,93.5,,102.05,93.05,101.75,102.125,98.47,99.6,94.63
2025-03-17T12:26:47.174965+01:00,102.025,96.25,97.55,93.5,,102.05,93.025,101.75,102.125,98.45,99.575,94.61
2025-03-17T12:37:12.920747+01:00,102.025,96.25,97.55,93.5,,102.05,93.025,101.75,102.125,98.44,99.575,94.6
2025-03-17T12:49:39.519775+01:00,102.025,96.2,97.53,93.5,,102.05,93.025,101.75,102.125,98.45,99.525,94.61
2025-03-17T13:32:33.709705+01:00,102.025,96.2,97.5,93.5,,102.05,93.025,101.75,102.125,98.39,99.525,94.55
2025-03-17T14:14:29.297377+01:00,102.025,96.225,97.525,93.5,,102.05,93.05,101.75,102.125,98.4,99.55,94.55
2025-03-17T14:38:55.039301+01:00,102.025,96.25,97.55,93.5,,102.05,93.125,101.75,102.125,98.47,99.575,94.68
2025-03-17T14:49:54.994276+01:00,102.025,96.2,97.5,93.5,,102.05,93.075,101.75,102.125,98.38,99.525,94.62
2025-03-17T15:16:01.056872+01:00,102.025,96.175,97.475,93.5,,102.05,93.05,101.75,102.125,98.375,99.525,94.61
2025-03-17T15:40:47.007956+01:00,102.025,96.225,97.525,93.5,,102.05,93.1,101.75,102.125,98.42,99.55,94.66
2025-03-17T15:49:38.478653+01:00,102.025,96.225,97.525,93.5,,102.05,93.1,101.75,102.125,98.4,99.55,94.64
2025-03-17T16:17:00.479175+01:00,102.025,96.125,97.45,93.5,,102.05,93.1,101.75,102.125,98.36,99.475,94.6
2025-03-17T16:39:55.674583+01:00,102.025,96.15,97.475,93.5,,102.05,93.125,101.75,102.125,98.38,99.5,94.62
2025-03-17T16:49:51.884476+01:00,102.025,96.15,97.475,93.5,,102.05,93.125,101.75,102.125,98.39,99.5,94.63
2025-03-17T17:20:44.096290+01:00,102.025,96.15,97.475,93.5,,102.05,93.125,101.75,102.125,98.35,99.5,94.55
2025-03-17T17:45:53.817469+01:00,102.025,96.15,97.475,93.5,,102.05,93.125,101.75,102.125,98.35,99.5,94.55
2025-03-17T18:14:29.678762+01:00,102.025,96.15,97.475,93.5,,102.05,93.125,101.75,102.125,98.35,99.5,94.55
2025-03-17T18:32:01.491262+01:00,102.025,96.15,97.475,93.425,,102.05,93.125,101.75,102.125,98.35,99.5,94.55
2025-03-17T18:49:44.476980+01:00,102.025,96.15,97.475,93.425,,102.05,93.125,101.75,102.125,98.35,99.5,94.55
2025-03-18T08:16:26.392248+01:00,102.025,96.15,97.475,93.425,,102.05,93.125,101.75,102.125,98.35,99.5,94.55
2025-03-18T08:37:56.242187+01:00,102.025,96.15,97.475,93.425,,102.05,93.125,101.75,102.125,98.35,99.5,94.55
2025-03-18T08:49:51.467090+01:00,102.025,96.15,97.475,93.425,,102.05,93.125,101.75,102.125,98.35,99.5,94.55
2025-03-18T09:20:47.585445+01:00,102.025,95.925,97.26,93.5,,102.05,92.85,101.75,102.125,98.18,99.275,94.42
2025-03-18T09:43:54.672544+01:00,102.025,95.95,97.275,93.5,,102.05,92.875,101.75,102.125,98.19,99.3,94.43
2025-03-18T09:54:56.774843+01:00,102.025,95.95,97.28,93.5,,102.05,92.875,101.75,102.125,98.2,99.3,94.44
2025-03-18T10:17:49.162780+01:00,102.025,95.975,97.31,93.5,,102.05,92.9,101.75,102.125,98.23,99.325,94.47
2025-03-18T10:39:58.084269+01:00,102.025,95.9,97.225,93.5,,102.05,92.825,101.75,102.125,98.13,99.25,94.39
2025-03-18T10:49:53.559466+01:00,102.025,95.9,97.225,93.5,,102.05,92.825,101.75,102.125,98.13,99.25,94.42
2025-03-18T11:17:00.862228+01:00,102.025,95.925,97.25,93.5,,102.05,92.85,101.75,102.125,98.14,99.275,94.45
2025-03-18T11:42:07.469518+01:00,102.025,95.925,97.25,93.5,,102.05,92.85,101.75,102.125,98.14,99.275,94.45
2025-03-18T11:51:26.225342+01:00,102.025,95.925,97.25,93.5,,102.05,92.85,101.75,102.125,98.15,99.275,94.46
2025-03-18T12:13:18.616719+01:00,102.025,95.9,97.225,93.5,,102.05,92.825,101.75,102.125,98.12,99.25,94.43
2025-03-18T12:26:36.951412+01:00,102.025,95.9,97.225,93.5,,102.05,92.825,101.75,102.125,98.13,99.25,94.44
2025-03-18T12:37:17.619194+01:00,102.025,95.925,97.25,93.5,,102.05,92.85,101.75,102.125,98.14,99.275,94.45
2025-03-18T12:50:08.724164+01:00,102.025,95.925,97.25,93.5,,102.05,92.875,101.75,102.125,98.16,99.275,94.47
2025-03-18T13:31:51.844337+01:00,102.025,95.9,97.225,93.5,,102.05,92.825,101.75,102.125,98.14,99.25,94.45
2025-03-18T14:13:50.168512+01:00,102.025,95.95,97.275,93.5,,102.05,92.875,101.75,102.125,98.19,99.4,94.5
2025-03-18T14:37:46.521375+01:00,102.025,95.95,97.275,93.5,,102.05,92.875,101.75,102.125,98.18,99.4,94.49
2025-03-18T14:49:45.671501+01:00,102.025,95.975,97.32,93.5,,102.05,92.925,101.75,102.125,98.24,99.425,94.55
2025-03-18T15:15:53.566283+01:00,102.025,96.0,97.325,93.5,,102.05,92.925,101.75,102.125,98.22,99.45,94.53
2025-03-18T15:41:34.569827+01:00,102.025,96.0,97.325,93.5,,102.05,92.925,101.75,102.125,98.21,99.45,94.52
2025-03-18T15:50:56.170821+01:00,102.025,95.975,97.3,93.5,,102.05,92.9,101.75,102.125,98.2,99.425,94.51
2025-03-18T16:17:45.114619+01:00,102.025,96.025,97.35,93.5,,102.05,92.95,101.75,102.125,98.24,99.475,94.55
2025-03-18T16:40:29.593929+01:00,102.025,96.05,97.375,93.5,,102.05,92.975,101.75,102.125,98.29,99.5,94.6
2025-03-18T16:49:55.850795+01:00,102.025,96.075,97.4,93.5,,102.05,93.0,101.75,102.125,98.31,99.525,94.62
2025-03-18T17:20:36.974242+01:00,102.025,96.05,97.375,93.5,,102.05,92.975,101.75,102.125,98.25,99.5,94.475
2025-03-18T17:45:43.952258+01:00,102.025,96.05,97.375,93.5,,102.05,92.975,101.75,102.125,98.25,99.5,94.475
2025-03-18T18:14:35.913834+01:00,102.025,96.05,97.375,93.5,,102.05,92.975,101.75,102.125,98.25,99.5,94.475
2025-03-18T18:32:08.521310+01:00,102.025,96.05,97.375,93.35,,102.05,92.975,101.75,102.125,98.25,99.5,94.475
2025-03-18T18:49:56.336375+01:00,102.025,96.05,97.375,93.35,,102.05,92.975,101.75,102.125,98.25,99.5,94.475
2025-03-19T08:16:10.844931+01:00,102.025,96.05,97.375,93.35,,102.05,92.975,101.75,102.125,98.25,99.5,94.475
2025-03-19T08:37:20.180740+01:00,102.025,96.05,97.375,93.35,,102.05,92.975,101.75,102.125,98.25,99.5,94.475
2025-03-19T08:49:46.494139+01:00,102.025,96.05,97.375,93.35,,102.05,92.975,101.75,102.125,98.25,99.5,94.475
2025-03-19T09:20:46.080331+01:00,102.025,96.225,97.55,93.55,,102.05,93.15,101.775,102.15,98.43,99.675,94.74
2025-03-19T09:45:28.190379+01:00,102.025,96.225,97.55,93.55,,102.05,93.15,101.75,102.125,98.43,99.675,94.74
2025-03-19T09:55:30.901567+01:00,102.025,96.225,97.55,93.55,,102.05,93.15,101.75,102.125,98.43,99.675,94.74
2025-03-19T10:17:50.553214+01:00,102.025,96.2,97.525,93.525,,102.05,93.125,101.75,102.125,98.41,99.65,94.67
2025-03-19T10:41:34.487482+01:00,102.025,96.15,97.49,93.5,,102.05,93.125,101.75,102.125,98.41,99.625,94.67
2025-03-19T10:51:04.740357+01:00,102.025,96.15,97.5,93.51,,102.05,93.125,101.75,102.125,98.42,99.625,94.68
2025-03-19T11:17:23.873557+01:00,102.025,96.15,97.5,93.51,,102.05,93.125,101.75,102.125,98.42,99.625,94.68
2025-03-19T11:42:32.057061+01:00,102.025,96.15,97.49,93.5,,102.05,93.125,101.75,102.125,98.41,99.625,94.67
2025-03-19T11:51:39.641267+01:00,102.025,96.15,97.48,93.5,,102.05,93.125,101.75,102.125,98.4,99.625,94.66
2025-03-19T12:13:28.017212+01:00,102.025,96.125,97.47,93.5,,102.05,93.1,101.75,102.125,98.39,99.6,94.65
2025-03-19T12:26:52.309138+01:00,102.025,96.1,97.43,93.5,,102.05,93.075,101.75,102.125,98.35,99.575,94.61
2025-03-19T12:37:31.905823+01:00,102.025,96.125,97.45,93.5,,102.05,93.1,101.75,102.125,98.36,99.6,94.62
2025-03-19T12:49:58.598287+01:00,102.025,96.1,97.41,93.5,,102.05,93.05,101.75,102.125,98.33,99.55,94.59
2025-03-19T13:31:37.588186+01:00,102.025,96.125,97.47,93.5,,102.05,93.1,101.75,102.125,98.39,99.6,94.65
2025-03-19T14:13:40.435395+01:00,102.025,96.15,97.475,93.5,,102.05,93.125,101.75,102.125,98.375,99.625,94.63
2025-03-19T14:37:25.840390+01:00,102.025,96.1,97.4,93.5,,102.05,93.05,101.75,102.125,98.31,99.55,94.57
2025-03-19T14:49:53.869054+01:00,102.025,96.1,97.375,93.5,,102.05,93.05,101.75,102.125,98.3,99.55,94.55
2025-03-19T15:15:44.218200+01:00,102.025,96.1,97.4,93.5,,102.05,93.05,101.75,102.125,98.3,99.55,94.56
2025-03-19T15:42:01.945268+01:00,102.025,96.1,97.4,93.5,,102.05,93.05,101.75,102.125,98.3,99.55,94.55
2025-03-19T15:51:43.634023+01:00,102.025,96.1,97.425,93.5,,102.05,93.075,101.75,102.125,98.325,99.575,94.58
2025-03-19T16:17:24.137680+01:00,102.025,96.1,97.4,93.5,,102.05,93.05,101.75,102.125,98.31,99.55,94.57
2025-03-19T16:40:03.995597+01:00,102.025,96.1,97.4,93.5,,102.05,93.05,101.75,102.125,98.31,99.55,94.57
2025-03-19T16:50:09.961516+01:00,102.025,96.1,97.425,93.5,,102.05,93.075,101.75,102.125,98.325,99.575,94.58
2025-03-19T17:19:55.616691+01:00,102.025,96.1,97.4,93.5,,102.05,93.05,101.75,102.125,98.3,99.55,94.5
2025-03-19T17:45:33.918941+01:00,102.025,96.1,97.4,93.5,,102.05,93.05,101.75,102.125,98.3,99.55,94.5
2025-03-19T17:55:46.328299+01:00,102.025,96.1,97.4,93.5,,102.05,93.05,101.75,102.125,98.3,99.55,94.5
2025-03-19T18:15:15.735548+01:00,102.025,96.075,97.4,93.375,,102.05,93.05,101.75,102.125,98.3,99.55,94.5
2025-03-19T18:32:50.810418+01:00,102.025,96.075,97.4,93.375,,102.05,93.05,101.75,102.125,98.3,99.55,94.5
2025-03-19T18:49:53.619388+01:00,102.025,96.075,97.4,93.375,,102.05,93.05,101.75,102.125,98.3,99.55,94.5
2025-03-20T08:15:20.062485+01:00,102.025,96.075,97.4,93.375,,102.05,93.05,101.75,102.125,98.3,99.55,94.5
2025-03-20T08:29:16.668673+01:00,102.025,96.075,97.4,93.375,,102.05,93.05,101.75,102.125,98.3,99.55,94.5
2025-03-20T08:39:09.425770+01:00,102.025,96.075,97.4,93.375,,102.05,93.05,101.75,102.125,98.3,99.55,94.5
2025-03-20T08:50:01.333860+01:00,102.025,96.075,97.4,93.375,,102.05,93.05,101.75,102.125,98.3,99.55,94.5
2025-03-20T09:20:41.463514+01:00,102.025,96.175,97.5,93.5,,102.05,93.15,101.75,102.125,98.4,99.65,94.6
2025-03-20T09:43:30.859515+01:00,102.025,96.175,97.5,93.5,,102.05,93.15,101.75,102.125,98.4,99.65,94.6
2025-03-20T09:53:13.492260+01:00,102.025,96.175,97.5,93.51,,102.05,93.15,101.75,102.125,98.42,99.65,94.67
2025-03-20T10:17:35.623379+01:00,102.025,96.225,97.57,93.63,,102.05,93.2,101.75,102.125,98.49,99.7,94.8
2025-03-20T10:38:58.166130+01:00,102.025,96.2,97.55,93.61,,102.05,93.175,101.75,102.125,98.47,99.675,94.78
2025-03-20T10:49:38.779126+01:00,102.025,96.15,97.6,93.66,,102.05,93.125,101.75,102.125,98.52,99.625,94.83
2025-03-20T11:17:11.112598+01:00,102.025,96.475,97.85,93.91,,102.05,93.25,101.8,102.175,98.77,99.95,95.08
2025-03-20T11:42:32.618067+01:00,102.025,96.5,97.87,93.93,,102.05,93.275,101.825,102.2,98.79,99.975,95.1
2025-03-20T11:51:47.738560+01:00,102.025,96.55,97.91,93.97,,102.05,93.3,101.825,102.2,98.83,100.025,95.14
2025-03-20T12:13:19.066579+01:00,102.025,96.525,97.89,93.95,,102.05,93.3,101.825,102.2,98.81,100.0,95.12
2025-03-20T12:26:53.829860+01:00,102.025,96.55,97.92,93.98,,102.05,93.325,101.825,102.2,98.84,100.025,95.15
2025-03-20T12:37:11.776274+01:00,102.025,96.55,97.93,93.99,,102.05,93.325,101.825,102.2,98.85,100.025,95.16
2025-03-20T12:50:04.913960+01:00,102.025,96.55,97.92,93.98,,102.05,93.325,101.825,102.2,98.85,100.025,95.15
2025-03-20T13:30:17.323975+01:00,102.025,96.625,97.96,94.05,,102.05,93.45,101.85,102.225,98.88,100.1,95.22
2025-03-20T14:03:26.064083+01:00,102.025,96.6,97.94,94.03,,102.05,93.425,101.85,102.225,98.86,100.075,95.2
2025-03-20T14:34:36.515553+01:00,102.025,96.75,98.075,94.1,,102.05,93.475,101.85,102.225,98.975,100.225,95.27
2025-03-20T14:50:08.942687+01:00,102.025,96.7,98.025,94.04,,102.05,93.425,101.85,102.225,98.925,100.175,95.21
2025-03-20T15:15:57.329372+01:00,102.025,96.675,98.0,94.04,,102.05,93.4,101.85,102.225,98.9,100.15,95.21
2025-03-20T15:42:48.453248+01:00,102.025,96.7,98.025,94.07,,102.05,93.525,101.85,102.225,98.925,100.175,95.24
2025-03-20T15:52:07.646220+01:00,102.025,96.725,98.05,94.08,,102.05,93.55,101.9,102.275,98.95,100.2,95.25
2025-03-20T16:17:43.007033+01:00,102.025,96.675,98.0,94.03,,102.05,93.5,101.9,102.275,98.9,100.15,95.2
2025-03-20T16:40:19.481218+01:00,102.025,96.65,97.975,93.95,,102.05,93.475,101.9,102.275,98.875,100.125,95.075
2025-03-20T16:49:36.669560+01:00,102.025,96.625,97.95,93.9,,102.05,93.45,101.9,102.275,98.85,100.1,95.025
2025-03-20T17:20:18.496029+01:00,102.025,96.625,97.95,93.9,,102.05,93.45,101.9,102.275,98.85,100.1,95.025
2025-03-20T17:45:34.376476+01:00,102.025,96.625,97.95,93.9,,102.05,93.45,101.9,102.275,98.85,100.1,95.025
2025-03-20T18:14:38.551171+01:00,102.025,96.625,97.95,93.9,,102.05,93.45,101.9,102.275,98.85,100.1,95.025
2025-03-20T18:32:19.062304+01:00,102.025,96.625,97.95,93.9,,102.05,93.45,101.9,102.275,98.85,100.1,95.025
2025-03-20T18:49:48.119647+01:00,102.025,96.625,97.95,93.9,,102.05,93.45,101.9,102.275,98.85,100.1,95.025
2025-03-21T08:15:29.398852+01:00,102.025,96.625,97.95,93.9,,102.05,93.45,101.9,102.275,98.85,100.1,95.025
2025-03-21T08:29:49.229336+01:00,102.025,96.625,97.95,93.9,,102.05,93.45,101.9,102.275,98.85,100.1,95.025
2025-03-21T08:39:51.651260+01:00,102.025,96.625,97.95,93.9,,102.05,93.45,101.9,102.275,98.85,100.1,95.025
2025-03-21T08:49:53.327878+01:00,102.025,96.625,97.95,93.9,,102.05,93.45,101.9,102.275,98.85,100.1,95.025
2025-03-21T09:20:13.820557+01:00,102.025,96.675,98.0,93.975,,102.05,93.5,101.9,102.275,98.9,100.15,95.1
2025-03-21T09:43:04.124976+01:00,102.025,96.725,98.08,94.15,,102.05,93.55,101.9,102.275,98.99,100.2,95.15
2025-03-21T09:53:34.052231+01:00,102.025,96.725,98.06,94.14,,102.05,93.55,101.9,102.275,98.98,100.2,95.31
2025-03-21T10:16:53.738328+01:00,102.025,96.8,98.125,94.12,,102.05,93.525,101.9,102.275,99.025,100.275,95.29
2025-03-21T10:38:31.602111+01:00,102.025,96.85,98.175,94.15,,102.05,93.525,101.9,102.275,99.075,100.325,95.31
2025-03-21T10:49:51.422380+01:00,102.025,96.85,98.175,94.23,,102.05,93.525,101.9,102.275,99.075,100.325,95.4
2025-03-21T11:16:54.276885+01:00,102.025,96.825,98.15,94.21,,102.05,93.65,101.9,102.275,99.05,100.3,95.38
2025-03-21T11:41:38.844140+01:00,102.025,96.85,98.175,94.2,,102.05,93.65,101.9,102.275,99.075,100.325,95.37
2025-03-21T11:50:52.170473+01:00,102.025,96.85,98.175,94.22,,102.05,93.675,101.9,102.275,99.075,100.325,95.39
2025-03-21T12:13:29.242597+01:00,102.025,96.85,98.175,94.15,,102.05,93.725,101.9,102.275,99.075,100.325,95.275
2025-03-21T12:26:41.608740+01:00,102.025,96.85,98.175,94.19,,102.05,93.725,101.9,102.275,99.075,100.325,95.36
2025-03-21T12:38:25.348023+01:00,102.025,96.85,98.175,94.19,,102.05,93.725,101.9,102.275,99.075,100.325,95.36
2025-03-21T12:50:01.893221+01:00,102.025,96.85,98.175,94.19,,102.05,93.725,101.9,102.275,99.075,100.325,95.36
2025-03-21T13:30:49.442451+01:00,102.025,96.875,98.2,94.22,,102.05,93.75,101.95,102.325,99.1,100.35,95.39
2025-03-21T14:05:48.302096+01:00,102.025,96.875,98.2,94.23,,102.05,93.75,101.95,102.325,99.1,100.35,95.4
2025-03-21T14:34:14.620273+01:00,102.025,96.825,98.15,94.21,,102.05,93.75,101.95,102.325,99.05,100.3,95.38
2025-03-21T14:49:54.596899+01:00,102.025,96.825,98.15,94.22,,102.05,93.75,101.95,102.325,99.05,100.3,95.39
2025-03-21T15:14:59.404051+01:00,102.025,96.8,98.125,94.17,,102.05,93.725,101.95,102.325,99.025,100.275,95.34
2025-03-21T15:34:02.901718+01:00,102.025,96.8,98.125,94.2,,102.05,93.7,101.95,102.325,99.025,100.275,95.37
2025-03-21T15:49:47.074196+01:00,102.025,96.775,98.1,94.18,,102.05,93.7,101.95,102.325,99.0,100.25,95.35
2025-03-21T16:16:47.525787+01:00,102.025,96.75,98.075,94.15,,102.05,93.675,101.95,102.325,98.975,100.225,95.32
2025-03-21T16:38:55.900521+01:00,102.025,96.775,98.1,94.16,,102.05,93.7,101.95,102.325,99.0,100.25,95.33
2025-03-21T16:49:49.867771+01:00,102.025,96.775,98.1,94.17,,102.05,93.7,101.95,102.325,99.0,100.25,95.34
2025-03-21T17:19:57.462750+01:00,102.025,96.8,98.125,94.2,,102.05,93.725,101.95,102.325,99.025,100.275,95.37
2025-03-21T17:45:47.390313+01:00,102.025,96.8,98.125,94.075,,102.05,93.725,101.95,102.325,99.025,100.275,95.2
2025-03-21T18:13:56.815588+01:00,102.025,96.8,98.125,94.075,,102.05,93.725,101.95,102.325,99.025,100.275,95.2
2025-03-21T18:31:39.953516+01:00,102.025,96.8,98.125,94.075,,102.05,93.725,101.95,102.325,99.025,100.275,95.2
2025-03-21T18:49:50.501106+01:00,102.025,96.8,98.125,94.075,,102.05,93.725,101.95,102.325,99.025,100.275,95.2
2025-03-24T08:16:47.919608+01:00,102.025,96.8,98.125,94.291,,102.05,93.725,101.95,102.325,99.025,100.275,95.2
2025-03-24T08:37:36.870562+01:00,102.025,96.8,98.125,94.291,,102.05,93.725,101.95,102.325,99.025,100.275,95.2
2025-03-24T08:49:47.534542+01:00,102.025,96.8,98.125,94.291,,102.05,93.725,101.95,102.325,99.025,100.275,95.2
2025-03-24T09:21:37.884433+01:00,102.025,96.725,98.05,93.975,,102.05,93.65,101.95,102.325,98.95,100.2,95.1
2025-03-24T09:45:14.960205+01:00,102.025,96.775,98.1,94.05,,102.05,93.7,101.95,102.325,99.0,100.25,95.175
2025-03-24T09:54:59.711455+01:00,102.025,96.775,98.1,94.05,,102.05,93.7,101.95,102.325,99.0,100.25,95.175
2025-03-24T10:18:21.798112+01:00,102.025,96.725,98.05,93.975,,102.05,93.65,101.95,102.325,98.95,100.2,95.1
2025-03-24T10:39:48.608540+01:00,102.025,96.725,98.05,93.975,,102.05,93.65,101.95,102.325,98.95,100.2,95.1
2025-03-24T10:49:47.001698+01:00,102.025,96.7,98.025,93.95,,102.05,93.625,101.95,102.325,98.925,100.175,95.075
2025-03-24T11:17:52.668680+01:00,102.025,96.725,98.05,94.0,,102.05,93.65,101.95,102.325,98.95,100.2,95.125
2025-03-24T11:43:19.389924+01:00,102.025,96.7,98.025,93.975,,102.05,93.65,101.95,102.325,98.925,100.175,95.1
2025-03-24T11:52:25.459374+01:00,102.025,96.65,97.975,93.925,,102.05,93.6,101.95,102.325,98.875,100.125,95.05
2025-03-24T12:13:34.332896+01:00,102.025,96.675,98.0,93.925,,102.05,93.625,101.95,102.325,98.9,100.15,95.05
2025-03-24T12:26:59.746313+01:00,102.025,96.675,98.0,93.95,,102.05,93.625,101.95,102.325,98.9,100.15,95.075
2025-03-24T12:37:32.348703+01:00,102.025,96.65,97.975,93.925,,102.05,93.6,101.95,102.325,98.875,100.125,95.05
2025-03-24T12:49:53.388257+01:00,102.025,96.65,97.975,93.9,,102.05,93.55,101.95,102.325,98.875,100.125,95.025
2025-03-24T13:32:56.314284+01:00,102.025,96.65,97.975,93.9,,102.05,93.55,101.95,102.325,98.875,100.125,95.025
2025-03-24T14:14:46.957153+01:00,102.025,96.675,98.0,93.95,,102.05,93.575,101.95,102.325,98.9,100.15,95.075
2025-03-24T14:39:18.313442+01:00,102.025,96.7,98.025,93.975,,102.05,93.6,101.95,102.325,98.925,100.175,95.1
2025-03-24T14:50:04.095032+01:00,102.025,96.575,98.0,93.975,,102.05,93.6,101.95,102.325,98.9,100.15,95.1
2025-03-24T15:15:47.298721+01:00,102.025,96.525,97.95,93.925,,102.05,93.55,101.95,102.325,98.85,100.1,95.05
2025-03-24T15:42:23.253076+01:00,102.025,96.525,97.95,93.925,,102.05,93.55,101.925,102.3,98.85,100.1,95.05
2025-03-24T15:51:41.012628+01:00,102.025,96.55,97.975,93.95,,102.05,93.575,101.925,102.3,98.875,100.125,95.075
2025-03-24T16:17:37.587962+01:00,102.025,96.475,97.9,93.925,,102.05,93.575,101.925,102.3,98.8,100.05,95.05
2025-03-24T16:40:15.867751+01:00,102.025,96.475,97.9,93.95,,102.05,93.575,101.925,102.3,98.8,100.05,95.075
2025-03-24T16:49:50.660852+01:00,102.025,96.475,97.9,93.925,,102.05,93.575,101.925,102.3,98.8,100.05,95.05
2025-03-24T17:20:52.467053+01:00,102.025,96.5,97.925,93.975,,102.05,93.6,101.925,102.3,98.825,100.075,95.1
2025-03-24T17:46:20.480069+01:00,102.025,96.5,97.925,93.975,,102.05,93.6,101.925,102.3,98.825,100.075,95.1
2025-03-24T18:14:44.112888+01:00,102.025,96.5,97.925,93.975,,102.05,93.6,101.925,102.3,98.825,100.075,95.1
2025-03-24T18:32:32.814048+01:00,102.025,96.5,97.925,93.975,,102.05,93.6,101.925,102.3,98.825,100.075,95.1
2025-03-24T18:49:50.994118+01:00,102.025,96.5,97.925,93.975,,102.05,93.6,101.925,102.3,98.825,100.075,95.1
2025-03-25T08:18:04.300495+01:00,102.025,96.5,97.925,93.975,,102.05,93.6,101.925,102.3,98.825,100.075,95.1
2025-03-25T08:37:17.957912+01:00,102.025,96.5,97.925,93.975,,102.05,93.6,101.925,102.3,98.825,100.075,95.1
2025-03-25T08:50:03.454708+01:00,102.025,96.5,97.925,93.975,,102.05,93.6,101.925,102.3,98.825,100.075,95.1
2025-03-25T09:21:13.958030+01:00,102.025,96.5,97.925,93.95,,102.05,93.6,101.925,102.3,98.825,100.075,95.075
2025-03-25T09:44:07.821597+01:00,102.025,96.475,97.9,93.9,,102.05,93.575,101.925,102.3,98.8,100.05,95.025
2025-03-25T09:54:38.614849+01:00,102.025,96.45,97.875,93.9,,102.05,93.55,101.925,102.3,98.775,100.025,95.025
2025-03-25T10:17:26.254853+01:00,102.025,96.5,97.775,93.775,,102.05,93.45,101.925,102.3,98.675,99.925,95.04
2025-03-25T10:39:18.084218+01:00,102.025,96.5,97.8,93.775,,102.05,93.475,101.925,102.3,98.7,99.95,94.9
2025-03-25T10:49:53.961060+01:00,102.025,96.5,97.775,93.87,,102.05,93.45,101.925,102.3,98.675,99.925,95.04
2025-03-25T11:17:24.013989+01:00,102.025,96.5,97.775,93.86,,102.05,93.45,101.925,102.3,98.675,99.925,95.03
2025-03-25T11:43:25.896773+01:00,102.025,96.5,97.75,93.75,,102.05,93.425,101.925,102.3,98.65,99.9,94.875
2025-03-25T11:52:41.864780+01:00,102.025,96.5,97.75,93.725,,102.05,93.425,101.925,102.3,98.65,99.9,94.85
2025-03-25T12:13:28.425020+01:00,102.025,96.5,97.75,93.84,,102.05,93.425,101.925,102.3,98.65,99.9,95.01
2025-03-25T12:28:12.305101+01:00,102.025,96.5,97.775,93.86,,102.05,93.45,101.9,102.275,98.675,99.925,95.03
2025-03-25T12:38:35.844267+01:00,102.025,96.5,97.75,93.85,,102.05,93.425,101.9,102.275,98.65,99.9,95.02
2025-03-25T12:49:47.358514+01:00,102.025,96.5,97.725,93.82,,102.05,93.4,101.9,102.275,98.625,99.875,94.99
2025-03-25T13:31:52.900378+01:00,102.025,96.5,97.725,93.82,,102.05,93.4,101.9,102.275,98.625,99.875,94.99
2025-03-25T14:14:22.866230+01:00,102.025,96.5,97.725,93.82,,102.05,93.4,101.9,102.275,98.625,99.875,94.99
2025-03-25T14:37:08.260625+01:00,102.025,96.5,97.775,93.75,,102.05,93.45,101.9,102.275,98.675,99.925,94.875
2025-03-25T14:50:16.669796+01:00,102.025,96.5,97.75,93.75,,102.05,93.425,101.9,102.275,98.65,99.9,94.875
2025-03-25T15:16:36.624267+01:00,102.025,96.5,97.8,93.8,,102.05,93.475,101.9,102.275,98.7,99.95,94.925
2025-03-25T15:42:51.260832+01:00,102.025,96.5,97.825,93.825,,102.05,93.5,101.9,102.275,98.725,99.975,94.95
2025-03-25T15:52:02.953775+01:00,102.025,96.5,97.825,93.85,,102.05,93.5,101.9,102.275,98.725,99.975,94.975
2025-03-25T16:17:37.371051+01:00,102.025,96.5,97.85,93.85,,102.05,93.525,101.9,102.275,98.75,100.0,94.975
2025-03-25T16:41:23.238008+01:00,102.025,96.5,97.875,93.875,,102.05,93.55,101.9,102.275,98.775,100.025,95.0
2025-03-25T16:50:39.675708+01:00,102.025,96.5,97.85,93.875,,102.05,93.525,101.9,102.275,98.75,100.0,95.0
2025-03-25T17:18:35.071733+01:00,102.025,96.5,97.85,93.875,,102.05,93.525,101.9,102.275,98.75,100.0,95.0
2025-03-25T17:44:36.208639+01:00,102.025,96.5,97.85,93.875,,102.05,93.525,101.9,102.275,98.75,100.0,95.0
2025-03-25T17:54:42.844694+01:00,102.025,96.5,97.85,93.875,,102.05,93.525,101.9,102.275,98.75,100.0,95.0
2025-03-25T18:14:39.700627+01:00,102.025,96.5,97.85,93.875,,102.05,93.525,101.9,102.275,98.75,100.0,95.0
2025-03-25T18:32:52.546691+01:00,102.025,96.425,97.85,93.875,,102.05,93.525,101.9,102.275,98.75,100.0,95.0
2025-03-25T18:50:00.449081+01:00,102.025,96.425,97.85,93.875,,102.05,93.525,101.9,102.275,98.75,100.0,95.0
2025-03-26T08:15:46.304460+01:00,102.025,96.425,97.85,93.875,,102.05,93.525,101.9,102.275,98.75,100.0,95.0
2025-03-26T08:37:05.934682+01:00,102.025,96.425,97.85,93.875,,102.05,93.525,101.9,102.275,98.75,100.0,95.0
2025-03-26T08:49:47.914196+01:00,102.025,96.425,97.85,93.875,,102.05,93.525,101.9,102.275,98.75,100.0,95.0
2025-03-26T09:20:59.434609+01:00,102.025,96.55,97.975,93.975,,102.05,93.625,101.9,102.275,98.85,100.1,95.1
2025-03-26T09:44:47.116581+01:00,102.025,96.55,97.975,94.0,,102.05,93.625,101.9,102.275,98.85,100.1,95.17
2025-03-26T09:55:45.039733+01:00,102.025,96.55,97.975,94.02,,102.05,93.625,101.9,102.275,98.85,100.1,95.19
2025-03-26T10:17:40.763925+01:00,102.025,96.5,97.925,93.95,,102.05,93.575,101.9,102.275,98.8,100.05,95.12
2025-03-26T10:39:28.227530+01:00,102.025,96.5,97.925,93.95,,102.05,93.575,101.9,102.275,98.8,100.05,95.12
2025-03-26T10:49:58.585363+01:00,102.025,96.5,97.925,93.94,,102.05,93.575,101.9,102.275,98.8,100.05,95.11
2025-03-26T11:17:14.372281+01:00,102.025,96.475,97.9,93.91,,102.05,93.55,101.9,102.275,98.775,100.025,95.08
2025-03-26T11:42:57.618739+01:00,102.025,96.45,97.875,93.9,,102.05,93.525,101.9,102.275,98.75,100.0,95.07
2025-03-26T11:52:07.676573+01:00,102.025,96.475,97.9,93.85,,102.05,93.55,101.9,102.275,98.775,100.025,94.975
2025-03-26T12:13:25.946820+01:00,102.025,96.45,97.875,93.91,,102.05,93.525,101.9,102.275,98.75,100.0,95.08
2025-03-26T12:27:15.650028+01:00,102.025,96.45,97.875,93.9,,102.05,93.525,101.9,102.275,98.75,100.0,95.07
2025-03-26T12:37:27.422382+01:00,102.025,96.45,97.875,93.9,,102.05,93.525,101.9,102.275,98.75,100.0,95.07
2025-03-26T12:49:50.980553+01:00,102.025,96.475,97.9,93.91,,102.05,93.55,101.9,102.275,98.775,100.025,95.08
2025-03-26T13:32:05.234338+01:00,102.025,96.45,97.875,93.89,,102.05,93.525,101.9,102.275,98.75,100.0,95.06
2025-03-26T14:14:40.490666+01:00,102.025,96.45,97.875,93.88,,102.05,93.525,101.9,102.275,98.75,100.0,95.06
2025-03-26T14:38:57.735219+01:00,102.025,96.5,97.925,93.95,,102.05,93.575,101.9,102.275,98.8,100.05,95.12
2025-03-26T14:50:42.905787+01:00,102.025,96.5,97.925,93.94,,102.05,93.575,101.9,102.275,98.8,100.05,95.11
2025-03-26T15:16:01.082592+01:00,102.025,96.525,97.95,93.95,,102.05,93.575,101.9,102.275,98.825,100.075,95.12
2025-03-26T15:42:45.955038+01:00,102.025,96.5,97.925,93.94,,102.05,93.575,101.9,102.275,98.8,100.05,95.11
2025-03-26T15:52:15.026982+01:00,102.025,96.475,97.9,93.91,,102.05,93.55,101.9,102.275,98.775,100.025,95.08
2025-03-26T16:17:56.898275+01:00,102.025,96.45,97.875,93.9,,102.05,93.525,101.9,102.275,98.75,100.0,95.07
2025-03-26T16:41:18.010744+01:00,102.025,96.45,97.875,93.9,,102.05,93.525,101.9,102.275,98.75,100.0,95.07
2025-03-26T16:50:42.896795+01:00,102.025,96.45,97.875,93.89,,102.05,93.525,101.9,102.275,98.75,100.0,95.06
2025-03-26T17:20:53.246869+01:00,102.025,96.475,97.9,93.93,,102.05,93.55,101.9,102.275,98.775,100.025,95.1
2025-03-26T17:46:57.665284+01:00,102.025,96.475,97.9,93.875,,102.05,93.55,101.9,102.275,98.775,100.025,95.0
2025-03-26T18:14:36.368754+01:00,102.025,96.475,97.9,93.875,,102.05,93.55,101.9,102.275,98.775,100.025,95.0
2025-03-26T18:32:29.320752+01:00,102.025,96.475,97.9,93.875,,102.05,93.55,101.9,102.275,98.775,100.025,95.0
2025-03-26T18:49:54.758070+01:00,102.025,96.475,97.9,93.875,,102.05,93.55,101.9,102.275,98.775,100.025,95.0
2025-03-27T08:15:44.262257+01:00,102.025,96.475,97.9,93.875,,102.05,93.55,101.9,102.275,98.775,100.025,95.0
2025-03-27T08:36:34.110311+01:00,102.025,96.475,97.9,93.875,,102.05,93.55,101.9,102.275,98.775,100.025,95.0
2025-03-27T08:49:55.501665+01:00,102.025,96.475,97.9,93.875,,102.05,93.55,101.9,102.275,98.775,100.025,95.0
2025-03-27T09:20:33.703919+01:00,102.025,96.625,98.05,94.05,,102.05,93.7,101.9,102.275,98.925,100.175,95.175
2025-03-27T09:44:20.872768+01:00,102.025,96.625,98.05,94.05,,102.05,93.7,101.9,102.275,98.925,100.175,95.175
2025-03-27T09:54:20.067885+01:00,102.025,96.6,98.025,94.025,,102.05,93.675,101.9,102.275,98.9,100.15,95.15
2025-03-27T10:17:34.326383+01:00,102.025,96.55,98.1,94.16,,102.05,93.7,101.925,102.3,98.975,100.225,95.33
2025-03-27T10:40:17.710564+01:00,102.025,96.5,98.05,94.15,,102.05,93.675,101.925,102.3,98.925,100.175,95.32
2025-03-27T10:49:43.972680+01:00,102.025,96.475,98.025,94.13,,102.05,93.65,101.925,102.3,98.9,100.15,95.3
2025-03-27T11:16:59.723499+01:00,102.025,96.45,98.0,94.025,,102.05,93.625,101.925,102.3,98.875,100.125,95.15
2025-03-27T11:42:38.410919+01:00,102.025,96.5,98.05,94.075,,102.05,93.675,101.925,102.3,98.925,100.175,95.2
2025-03-27T11:52:03.140019+01:00,102.025,96.5,98.05,94.075,,102.05,93.675,101.925,102.3,98.925,100.175,95.2
2025-03-27T12:13:16.637437+01:00,102.025,96.5,98.05,94.17,,102.05,93.675,101.925,102.3,98.925,100.175,95.34
2025-03-27T12:26:36.783057+01:00,102.025,96.525,98.075,94.18,,102.05,93.7,101.925,102.3,98.95,100.2,95.35
2025-03-27T12:37:14.278640+01:00,102.025,96.525,98.075,94.1,,102.05,93.7,101.925,102.3,98.95,100.2,95.225
2025-03-27T12:49:47.613306+01:00,102.025,96.5,98.05,94.075,,102.05,93.675,101.925,102.3,98.925,100.175,95.2
2025-03-27T13:32:28.384549+01:00,102.025,96.525,98.075,94.18,,102.05,93.7,101.925,102.3,98.95,100.2,95.35
2025-03-27T14:14:06.574787+01:00,102.025,96.6,98.15,94.26,,102.05,93.775,101.95,102.325,99.025,100.275,95.43
2025-03-27T14:38:23.715495+01:00,102.025,96.525,98.075,94.19,,102.05,93.75,101.925,102.3,98.95,100.2,95.36
2025-03-27T14:49:54.610053+01:00,102.025,96.575,98.125,94.22,,102.05,93.8,101.95,102.325,99.0,100.25,95.39
2025-03-27T15:15:50.900522+01:00,102.025,96.525,98.075,94.18,,102.05,93.75,101.95,102.325,98.95,100.2,95.35
2025-03-27T15:42:19.012975+01:00,102.025,96.55,98.1,94.2,,102.05,93.775,101.95,102.325,98.975,100.225,95.37
2025-03-27T15:51:39.429810+01:00,102.025,96.525,98.075,94.12,,102.05,93.75,101.95,102.325,98.95,100.2,95.29
2025-03-27T16:17:35.176589+01:00,102.025,96.475,98.025,94.07,,102.05,93.7,101.925,102.3,98.9,100.15,95.24
2025-03-27T16:40:48.573714+01:00,102.025,96.45,98.0,94.025,,102.05,93.675,101.925,102.3,98.875,100.125,95.15
2025-03-27T16:50:03.841390+01:00,102.025,96.475,98.025,94.05,,102.05,93.7,101.925,102.3,98.9,100.15,95.175
2025-03-27T17:21:02.390445+01:00,102.025,96.5,98.05,94.05,,102.05,93.7,101.925,102.3,98.925,100.175,95.175
2025-03-27T17:46:26.622874+01:00,102.025,96.5,98.05,94.05,,102.05,93.7,101.925,102.3,98.925,100.175,95.175
2025-03-27T18:14:20.196631+01:00,102.025,96.5,98.05,94.05,,102.05,93.7,101.925,102.3,98.925,100.175,95.175
2025-03-27T18:30:32.047542+01:00,102.025,96.5,98.05,94.05,,102.05,93.7,101.925,102.3,98.925,100.175,95.175
2025-03-27T18:41:15.848631+01:00,102.025,96.5,98.05,94.05,,102.05,93.7,101.925,102.3,98.925,100.175,95.175
2025-03-27T18:50:23.132271+01:00,102.025,96.5,98.05,94.05,,102.05,93.7,101.925,102.3,98.925,100.175,95.175
2025-03-28T08:15:52.719725+01:00,102.025,96.5,98.05,94.05,,102.05,93.7,101.925,102.3,98.925,100.175,95.175
2025-03-28T08:36:40.960622+01:00,102.025,96.5,98.05,94.05,,102.05,93.7,101.925,102.3,98.925,100.175,95.175
2025-03-28T08:49:40.408127+01:00,102.025,96.5,98.05,94.05,,102.05,93.7,101.925,102.3,98.925,100.175,95.175
2025-03-28T09:21:27.858020+01:00,102.025,96.775,98.325,94.425,,102.05,93.9,102.175,102.55,99.2,100.35,95.55
2025-03-28T09:43:59.983215+01:00,102.025,96.8,98.35,94.45,,102.05,93.9,102.175,102.55,99.225,100.375,95.575
2025-03-28T09:54:21.689646+01:00,102.025,96.775,98.325,94.4,,102.05,93.875,102.175,102.55,99.175,100.325,95.525
2025-03-28T10:17:31.748164+01:00,102.025,96.7,98.45,94.35,,102.05,93.825,102.175,102.55,99.125,100.275,95.475
2025-03-28T10:39:42.480368+01:00,102.025,96.725,98.45,94.35,,102.05,93.825,102.175,102.55,99.15,100.3,95.475
2025-03-28T10:49:42.218322+01:00,102.025,96.7,98.45,94.325,,102.05,93.825,102.175,102.55,99.125,100.275,95.45
2025-03-28T11:16:59.318239+01:00,102.025,96.725,98.45,94.35,,102.05,93.825,102.175,102.55,99.15,100.3,95.475
2025-03-28T11:41:54.733921+01:00,102.025,96.75,98.45,94.375,,102.05,93.85,102.175,102.55,99.175,100.325,95.5
2025-03-28T11:50:53.850461+01:00,102.025,96.725,98.45,94.35,,102.05,93.85,102.175,102.55,99.15,100.3,95.475
2025-03-28T12:13:14.301839+01:00,102.025,96.725,98.45,94.35,,102.05,93.85,102.175,102.55,99.15,100.3,95.475
2025-03-28T12:26:52.738406+01:00,102.025,96.7,98.45,94.35,,102.05,93.825,102.175,102.55,99.125,100.275,95.475
2025-03-28T12:37:12.377464+01:00,102.025,96.725,98.45,94.375,,102.05,93.85,102.175,102.55,99.15,100.3,95.5
2025-03-28T12:49:46.299586+01:00,102.025,96.725,98.45,94.35,,102.05,93.825,102.175,102.55,99.15,100.3,95.475
2025-03-28T13:31:21.861113+01:00,102.025,96.7,98.45,94.3,,102.05,93.8,102.175,102.55,99.125,100.275,95.425
2025-03-28T14:13:10.279342+01:00,102.025,96.675,98.45,94.275,,102.05,93.9,102.175,102.55,99.1,100.25,95.4
2025-03-28T14:35:47.134076+01:00,102.025,96.7,98.45,94.3,,102.05,93.9,102.175,102.55,99.125,100.275,95.45
2025-03-28T14:49:54.492688+01:00,102.025,96.75,98.45,94.375,,102.05,93.95,102.175,102.55,99.175,100.325,95.5
2025-03-28T15:15:30.163044+01:00,102.025,96.75,98.3,94.375,,102.05,93.975,102.2,102.575,99.175,100.325,95.5
2025-03-28T15:35:16.269566+01:00,102.025,96.75,98.3,94.375,,102.05,93.95,102.175,102.55,99.175,100.325,95.5
2025-03-28T15:49:33.544211+01:00,102.025,96.725,98.275,94.325,,102.05,93.925,102.175,102.55,99.15,100.3,95.45
2025-03-28T16:16:53.651100+01:00,102.025,96.65,98.2,94.25,,102.05,93.875,102.175,102.55,99.075,100.225,95.375
2025-03-28T16:39:43.425067+01:00,102.025,96.65,98.2,94.25,,102.05,93.875,102.175,102.55,99.075,100.225,95.375
2025-03-28T16:49:40.920572+01:00,102.025,96.675,98.225,94.275,,102.05,93.875,102.175,102.55,99.1,100.25,95.4
2025-03-28T17:19:41.567001+01:00,102.025,96.7,98.25,94.3,,102.05,93.9,102.175,102.55,99.125,100.275,95.425
2025-03-28T17:44:53.594616+01:00,102.025,96.7,98.25,94.3,,102.05,93.9,102.175,102.55,99.125,100.275,95.425
2025-03-28T17:54:49.247639+01:00,102.025,96.7,98.25,94.3,,102.05,93.9,102.175,102.55,99.125,100.275,95.425
2025-03-28T18:14:31.833853+01:00,102.025,96.7,98.25,94.3,,102.05,93.9,102.175,102.55,99.125,100.275,95.425
2025-03-28T18:32:00.740228+01:00,102.025,96.7,98.25,94.3,,102.05,93.9,102.175,102.55,99.125,100.275,95.425
2025-03-28T18:49:41.816948+01:00,102.025,96.7,98.25,94.3,,102.05,93.9,102.175,102.55,99.125,100.275,95.425
2025-04-09T13:38:43.368225+02:00,102.0,95.375,96.975,93.5,,102.05,93.175,,102.375,97.85,99.425,94.525
2025-04-09T17:35:48.143564+02:00,102.0,95.6,97.2,93.65,,102.05,93.425,,102.375,98.075,99.75,94.775
2025-04-09T17:37:29.867197+02:00,102.0,95.6,97.2,93.65,,102.05,93.425,,102.375,98.075,99.75,94.775
2025-04-09T17:38:17.395358+02:00,102.0,95.6,97.2,93.65,,102.05,93.425,,102.375,98.075,99.75,94.775
2025-04-09T17:42:47.878654+02:00,102.0,95.6,97.2,93.65,,102.05,93.425,,102.375,98.075,99.75,94.775
2025-04-09T17:45:12.694686+02:00,102.0,95.6,97.2,93.65,,102.05,93.425,,102.375,98.075,99.75,94.775
2025-04-09T17:52:18.016692+02:00,102.0,95.6,97.2,93.65,,102.05,93.425,,102.375,98.075,99.75,94.775
2025-04-09T18:21:06.479114+02:00,102.0,95.6,97.2,93.65,,102.05,93.425,,102.375,98.075,99.75,94.775
2025-04-09T18:48:22.066700+02:00,102.0,95.6,97.2,93.65,,102.05,93.425,,102.375,98.075,99.75,94.775
2025-04-09T19:14:35.412662+02:00,102.0,95.6,97.2,93.65,,102.05,93.425,,102.375,98.075,99.75,94.775
2025-04-09T19:33:10.276421+02:00,102.0,95.6,97.2,93.65,,102.05,93.425,,102.375,98.075,99.75,94.775
2025-04-09T19:49:59.272191+02:00,102.0,95.6,97.2,93.65,,102.05,93.425,,102.375,98.075,99.75,94.775
2025-04-10T09:16:24.884646+02:00,102.0,95.525,97.125,93.525,,102.05,93.25,101.975,102.35,98.0,99.675,94.65
2025-04-10T09:38:14.774728+02:00,102.0,95.75,97.35,93.725,,102.05,93.575,101.975,102.35,98.225,99.9,94.85
2025-04-10T09:49:47.697365+02:00,102.0,95.95,97.55,93.95,,102.05,93.625,101.975,102.35,98.425,100.1,95.075
2025-04-10T10:21:24.347174+02:00,102.0,96.0,97.6,94.025,,102.05,93.75,101.975,102.35,98.475,100.15,95.15
2025-04-10T10:45:08.877817+02:00,102.0,96.1,97.7,94.1,,102.05,93.825,102.025,102.4,98.55,100.225,95.225
2025-04-10T10:56:07.669711+02:00,102.0,96.1,97.7,94.1,,102.05,93.825,102.025,102.4,98.55,100.225,95.225
2025-04-10T11:18:50.285849+02:00,102.0,96.125,97.725,94.175,,102.05,93.85,102.025,102.4,98.6,100.275,95.3
2025-04-10T11:39:24.847147+02:00,102.0,96.125,97.725,94.175,,102.05,93.85,102.025,102.4,98.6,100.275,95.3
2025-04-10T11:49:45.424568+02:00,102.0,96.15,97.75,94.2,,102.05,93.9,102.025,102.4,98.625,100.3,95.325
2025-04-10T12:18:02.974355+02:00,102.0,96.1,97.7,94.15,,102.05,93.825,102.025,102.4,98.575,100.25,95.25
2025-04-10T12:43:28.714631+02:00,102.0,96.15,97.75,94.2,,102.05,93.875,102.025,102.4,98.625,100.3,95.325
2025-04-10T12:52:48.303964+02:00,102.0,96.075,97.675,94.125,,102.05,93.8,102.025,102.4,98.55,100.225,95.25
2025-04-10T13:13:49.230703+02:00,102.0,96.15,97.75,94.2,,102.05,93.875,102.025,102.4,98.625,100.3,95.325
2025-04-10T13:27:29.280882+02:00,102.0,96.1,97.7,94.15,,102.05,93.825,102.025,102.4,98.575,100.25,95.25
2025-04-10T13:37:48.315044+02:00,102.0,96.1,97.7,94.15,,102.05,93.825,102.025,102.4,98.575,100.25,95.275
2025-04-10T13:49:57.766462+02:00,102.0,96.125,97.725,94.2,,102.05,93.875,102.025,102.4,98.6,100.275,95.325
2025-04-10T14:33:22.331796+02:00,102.0,95.975,97.575,94.025,,102.05,93.775,102.025,102.4,98.45,100.125,95.15
2025-04-10T15:15:42.940994+02:00,102.0,95.95,97.55,94.0,,102.05,93.75,102.025,102.4,98.425,100.1,95.125
2025-04-10T15:44:39.977277+02:00,102.0,96.0,97.6,94.05,,102.05,93.8,102.025,102.4,98.475,100.15,95.175
2025-04-10T15:54:00.378614+02:00,102.0,96.125,97.725,94.225,,102.05,93.925,,102.425,98.6,100.275,95.35
2025-04-10T16:16:12.139000+02:00,102.0,96.2,97.8,94.3,,102.05,93.975,,102.425,98.675,100.35,95.425
2025-04-10T16:41:35.418928+02:00,102.0,96.15,97.75,94.225,,102.05,93.925,102.025,102.4,98.625,100.3,95.375
2025-04-10T16:50:49.649743+02:00,102.0,96.15,97.75,94.275,,102.05,93.95,,102.425,98.625,100.3,95.4
2025-04-10T17:17:48.584397+02:00,102.0,96.15,97.75,94.3,,102.05,93.975,,102.425,98.625,100.3,95.425
2025-04-10T17:40:03.890355+02:00,102.0,96.15,97.75,94.3,,102.05,93.975,,102.425,98.625,100.3,95.425
2025-04-10T17:49:46.804558+02:00,102.0,96.15,97.75,94.3,,102.05,93.975,,102.425,98.625,100.3,95.425
2025-04-10T18:20:14.024064+02:00,102.0,96.15,97.75,94.3,,102.05,93.975,,102.425,98.625,100.3,95.425
2025-04-10T18:46:41.169985+02:00,102.0,96.15,97.75,94.3,,102.05,93.975,,102.425,98.625,100.3,95.425
2025-04-10T19:14:40.204444+02:00,102.0,96.15,97.75,94.3,,102.05,93.975,,102.425,98.625,100.3,95.425
2025-04-10T19:32:32.986379+02:00,102.0,96.15,97.75,94.3,,102.05,93.975,,102.425,98.625,100.3,95.425
2025-04-10T19:49:55.820442+02:00,102.0,96.15,97.75,94.3,,102.05,93.975,,102.425,98.625,100.3,95.425
2025-04-11T09:15:48.815202+02:00,102.0,96.1,97.7,94.2,,102.05,93.9,,102.425,98.575,100.25,95.325
2025-04-11T09:36:46.894948+02:00,102.0,96.075,97.675,94.175,,102.05,93.875,,102.425,98.55,100.225,95.3
2025-04-11T09:49:46.843876+02:00,102.0,95.975,97.575,94.05,,102.05,93.775,,102.425,98.45,100.125,95.175
2025-04-11T10:21:35.792067+02:00,102.0,96.1,97.7,94.175,,102.05,93.875,,102.425,98.575,100.25,95.3
2025-04-11T10:44:42.778524+02:00,102.0,96.125,97.725,94.225,,102.05,93.9,,102.425,98.6,100.275,95.35
2025-04-11T10:55:07.463527+02:00,102.0,96.05,97.65,94.175,,102.05,93.85,,102.425,98.53,100.2,95.3
2025-04-11T11:17:31.789685+02:00,102.0,96.05,97.65,94.175,,102.05,93.8,,102.425,98.525,100.2,95.3
2025-04-11T11:39:23.561120+02:00,102.0,95.95,97.55,94.075,,102.05,93.725,,102.425,98.425,100.1,95.2
2025-04-11T11:49:52.039876+02:00,102.0,95.925,97.525,94.025,,102.05,93.675,,102.425,98.4,100.075,95.15
2025-04-11T12:17:19.474652+02:00,102.0,95.85,97.45,94.0,,102.05,93.8,,102.425,98.325,100.0,95.125
2025-04-11T12:42:32.652422+02:00,102.0,95.85,97.45,94.0,,102.05,93.7,,102.425,98.325,100.0,95.125
2025-04-11T12:51:47.149561+02:00,102.0,95.875,97.475,94.025,,102.05,93.725,,102.425,98.35,100.025,95.15
2025-04-11T13:13:29.354179+02:00,102.0,95.825,97.425,93.975,,102.05,93.7,,102.425,98.3,99.975,95.1
2025-04-11T13:27:05.188247+02:00,102.0,95.825,97.425,93.975,,102.05,93.725,,102.425,98.3,99.975,95.1
2025-04-11T13:37:34.692903+02:00,102.0,95.85,97.45,94.0,,102.05,93.725,,102.425,98.325,100.0,95.125
2025-04-11T13:49:48.343485+02:00,102.0,95.825,97.425,93.975,,102.05,93.7,,102.425,98.3,99.975,95.1
2025-04-11T14:32:28.457217+02:00,102.0,95.9,97.5,94.075,,102.05,93.775,,102.425,98.375,100.05,95.2
2025-04-11T15:14:38.342675+02:00,102.0,96.025,97.625,94.175,,102.05,93.75,,102.425,98.51,100.175,95.3
2025-04-11T15:39:52.192247+02:00,102.0,96.025,97.625,94.2,,102.05,93.775,,102.425,98.53,100.175,95.325
2025-04-11T15:50:26.691384+02:00,102.0,95.9,97.5,94.05,,102.05,93.65,,102.425,98.44,100.05,95.175
2025-04-11T16:16:06.920471+02:00,102.0,96.1,97.7,94.25,,102.05,93.975,,102.425,98.575,100.25,95.375
2025-04-11T16:41:30.770121+02:00,102.0,96.075,97.675,94.225,,102.05,93.95,,102.425,98.55,100.225,95.35
2025-04-11T16:50:47.184461+02:00,102.0,96.025,97.625,94.2,,102.05,93.925,,102.425,98.51,100.175,95.325
2025-04-11T17:17:21.390258+02:00,102.0,96.0,97.6,94.15,,102.05,93.9,,102.425,98.475,100.15,95.275
2025-04-11T17:39:32.697220+02:00,102.0,96.0,97.6,94.15,,102.05,93.9,,102.425,98.475,100.15,95.275
2025-04-11T17:49:51.806242+02:00,102.0,96.0,97.6,94.15,,102.05,93.9,,102.425,98.475,100.15,95.275
2025-04-11T18:20:26.608007+02:00,102.0,96.0,97.6,94.15,,102.05,93.9,,102.425,98.475,100.15,95.275
2025-04-11T18:45:52.799636+02:00,102.0,96.0,97.6,94.15,,102.05,93.9,,102.425,98.475,100.15,95.275
2025-04-11T19:14:19.724565+02:00,102.0,96.0,97.6,94.15,,102.05,93.9,,102.425,98.475,100.15,95.275
2025-04-11T19:30:25.390598+02:00,102.0,96.0,97.6,94.15,,102.05,93.9,,102.425,98.475,100.15,95.275
2025-04-11T19:43:02.438842+02:00,102.0,96.0,97.6,94.15,,102.05,93.9,,102.425,98.475,100.15,95.275
2025-04-11T19:52:20.320016+02:00,102.0,96.0,97.6,94.15,,102.05,93.9,,102.425,98.475,100.15,95.275
2025-04-14T09:16:53.771623+02:00,102.0,96.1,97.7,94.225,,102.05,93.975,,102.425,98.575,100.25,95.35
2025-04-14T09:37:53.057403+02:00,102.0,96.075,97.675,94.2,,102.05,93.95,,102.425,98.55,100.225,95.325
2025-04-14T09:49:45.954408+02:00,102.0,96.025,97.625,94.125,,102.05,93.9,102.025,102.4,98.5,100.175,95.25
2025-04-14T10:22:20.699291+02:00,102.0,96.075,97.675,94.175,,102.05,93.95,,102.425,98.55,100.225,95.3
2025-04-14T10:46:30.851878+02:00,102.0,96.15,97.75,94.3,,102.05,94.025,,102.425,98.625,100.3,95.425
2025-04-14T11:18:44.322045+02:00,102.0,96.125,97.725,94.2,,102.05,94.0,,102.425,98.6,100.275,95.325
2025-04-14T11:41:20.169628+02:00,102.0,96.15,97.75,94.25,,102.05,94.025,,102.425,98.625,100.3,95.375
2025-04-14T11:50:47.953029+02:00,102.0,96.175,97.775,94.275,,102.05,94.05,,102.425,98.65,100.325,95.4
2025-04-14T12:18:50.029958+02:00,102.0,96.2,97.8,94.3,,102.05,94.075,,102.425,98.675,100.35,95.425
2025-04-14T12:44:23.456617+02:00,102.0,96.2,97.8,94.3,,102.05,94.075,,102.425,98.675,100.35,95.425
2025-04-14T12:53:27.024818+02:00,102.0,96.2,97.8,94.3,,102.05,94.075,,102.425,98.675,100.35,95.425
2025-04-14T13:13:53.217213+02:00,102.0,96.175,97.775,94.25,,102.05,94.05,,102.425,98.65,100.325,95.375
2025-04-14T13:27:41.987448+02:00,102.0,96.15,97.75,94.25,,102.05,94.025,,102.425,98.625,100.3,95.375
2025-04-14T13:38:11.637494+02:00,102.0,96.175,97.775,94.275,,102.05,94.05,,102.425,98.65,100.325,95.4
2025-04-14T13:49:59.418990+02:00,102.0,96.175,97.775,94.275,,102.05,94.075,,102.425,98.65,100.325,95.4
2025-04-14T14:33:01.570681+02:00,102.0,96.275,97.875,94.35,,102.05,94.125,,102.425,98.75,100.425,95.475
2025-04-14T15:17:05.072253+02:00,102.0,96.275,97.875,94.375,,102.05,94.15,,102.425,98.75,100.425,95.5
2025-04-14T15:45:05.217615+02:00,102.0,96.35,97.95,94.45,,102.05,94.2,,102.425,98.825,100.5,95.575
2025-04-14T15:54:24.290694+02:00,102.0,96.35,97.95,94.45,,102.05,94.2,,102.425,98.825,100.5,95.575
2025-04-14T16:16:39.759863+02:00,102.0,96.35,97.95,94.45,,102.05,94.2,,102.425,98.825,100.5,95.575
2025-04-14T16:43:26.130904+02:00,102.0,96.35,97.95,94.45,,102.05,94.2,,102.425,98.825,100.5,95.575
2025-04-14T16:52:48.225660+02:00,102.0,96.375,97.975,94.475,,102.05,94.225,,102.425,98.85,100.525,95.6
2025-04-14T17:17:41.978372+02:00,102.0,96.375,97.975,94.475,,102.05,94.225,,102.425,98.85,100.525,95.6
2025-04-14T17:39:19.833367+02:00,102.0,96.375,97.975,94.475,,102.05,94.225,,102.425,98.85,100.525,95.6
2025-04-14T17:50:04.773310+02:00,102.0,96.375,97.975,94.475,,102.05,94.225,,102.425,98.85,100.525,95.6
2025-04-14T18:20:35.891620+02:00,102.0,96.375,97.975,94.475,,102.05,94.225,,102.425,98.85,100.525,95.6
2025-04-14T18:47:09.938812+02:00,102.0,96.375,97.975,94.475,,102.05,94.225,,102.425,98.85,100.525,95.6
2025-04-14T19:14:41.626928+02:00,102.0,96.375,97.975,94.475,,102.05,94.225,,102.425,98.85,100.525,95.6
2025-04-14T19:32:43.340398+02:00,102.0,96.375,97.975,94.475,,102.05,94.225,,102.425,98.85,100.525,95.6
2025-04-14T19:49:52.399367+02:00,102.0,96.375,97.975,94.475,,102.05,94.225,,102.425,98.85,100.525,95.6
2025-04-15T09:16:54.148232+02:00,102.0,96.4,98.0,94.5,,102.05,94.275,,102.425,98.875,100.55,95.65
2025-04-15T09:39:11.859684+02:00,102.0,96.375,97.975,94.475,,102.05,94.25,,102.425,98.85,100.525,95.625
2025-04-15T09:49:50.427139+02:00,102.0,96.4,98.0,94.525,,102.05,94.275,,102.425,98.875,100.55,95.65
2025-04-15T10:22:41.117267+02:00,102.0,96.425,98.025,94.525,,102.05,94.3,102.075,102.45,98.9,100.575,95.65
2025-04-15T10:46:49.933409+02:00,102.0,96.425,98.025,94.525,,102.05,94.3,102.075,102.45,98.9,100.575,95.65
2025-04-15T11:18:23.513838+02:00,102.0,96.4,98.0,94.5,,102.05,94.3,102.075,102.45,98.875,100.55,95.625
2025-04-15T11:40:39.489326+02:00,102.0,96.375,97.975,94.45,,102.05,94.25,102.075,102.45,98.85,100.525,95.575
2025-04-15T11:50:02.643219+02:00,102.0,96.275,97.875,94.325,,102.05,94.175,102.075,102.45,98.75,100.425,95.45
2025-04-15T12:17:58.532400+02:00,102.0,96.225,97.825,94.275,,102.05,94.15,102.075,102.45,98.7,100.375,95.4
2025-04-15T12:43:59.069309+02:00,102.0,96.25,97.85,94.275,,102.05,94.15,102.075,102.45,98.725,100.375,95.4
2025-04-15T12:53:10.714733+02:00,102.0,96.175,97.775,94.2,,102.05,94.1,102.075,102.45,98.65,100.325,95.325
2025-04-15T13:13:49.316512+02:00,102.0,96.2,97.8,94.225,,102.05,94.1,102.075,102.45,98.675,100.35,95.35
2025-04-15T13:28:12.731001+02:00,102.0,96.225,97.825,94.275,,102.05,94.15,102.075,102.45,98.7,100.375,95.4
2025-04-15T13:40:12.338565+02:00,102.0,96.2,97.8,94.225,,102.05,94.125,102.075,102.45,98.675,100.35,95.35
2025-04-15T13:49:43.602359+02:00,102.0,96.225,97.825,94.25,,102.05,94.15,102.075,102.45,98.7,100.375,95.375
2025-04-15T14:32:43.917456+02:00,102.0,96.275,97.875,94.325,,102.05,94.225,102.075,102.45,98.75,100.425,95.45
2025-04-15T15:16:14.112562+02:00,102.0,96.225,97.825,94.275,,102.05,94.175,102.075,102.45,98.7,100.375,95.4
2025-04-15T15:45:23.041133+02:00,102.0,96.275,97.875,94.3,,102.05,94.225,102.075,102.45,98.75,100.425,95.45
2025-04-15T15:54:31.619213+02:00,102.0,96.275,97.875,94.3,,102.05,94.225,102.075,102.45,98.75,100.425,95.45
2025-04-15T16:16:55.541733+02:00,102.0,96.2,97.8,94.225,,102.05,94.15,102.075,102.45,98.675,100.35,95.35
2025-04-15T16:43:15.458915+02:00,102.0,96.275,97.875,94.325,,102.05,94.225,102.075,102.45,98.75,100.425,95.45
2025-04-15T16:52:18.955691+02:00,102.0,96.25,97.85,94.275,,102.05,94.2,102.075,102.45,98.725,100.4,95.4
2025-04-15T17:17:38.171184+02:00,102.0,96.25,97.85,94.3,,102.05,94.2,102.075,102.45,98.725,100.4,95.425
2025-04-15T17:40:37.603170+02:00,102.0,96.25,97.85,94.3,,102.05,94.2,102.075,102.45,98.725,100.4,95.425
2025-04-15T17:49:44.752060+02:00,102.0,96.25,97.85,94.3,,102.05,94.2,102.075,102.45,98.725,100.4,95.425
2025-04-15T18:19:01.656941+02:00,102.0,96.25,97.85,94.3,,102.05,94.2,102.075,102.45,98.725,100.4,95.425
2025-04-15T18:44:59.117643+02:00,102.0,96.25,97.85,94.3,,102.05,94.2,102.075,102.45,98.725,100.4,95.425
2025-04-15T18:55:40.802625+02:00,102.0,96.25,97.85,94.3,,102.05,94.2,102.075,102.45,98.725,100.4,95.425
2025-04-15T19:15:08.709525+02:00,102.0,96.25,97.85,94.3,,102.05,94.2,102.075,102.45,98.725,100.4,95.425
2025-04-15T19:33:03.089980+02:00,102.0,96.25,97.85,94.3,,102.05,94.2,102.075,102.45,98.725,100.4,95.425
2025-04-15T19:49:46.087290+02:00,102.0,96.25,97.85,94.3,,102.05,94.2,102.075,102.45,98.725,100.4,95.425
2025-04-16T09:16:17.306662+02:00,102.075,96.35,97.95,94.425,,102.05,94.3,,102.45,98.825,100.5,95.55
2025-04-16T09:37:45.362328+02:00,102.075,96.375,97.975,94.425,,102.05,94.3,,102.45,98.85,100.525,95.55
2025-04-16T09:50:01.997222+02:00,102.075,96.4,98.0,94.425,,102.05,94.3,,102.45,98.875,100.55,95.55
2025-04-16T10:22:29.028549+02:00,102.075,96.375,97.975,94.4,,102.05,94.275,102.1,102.475,98.85,100.525,95.525
2025-04-16T10:46:55.864351+02:00,102.075,96.275,97.875,94.275,,102.05,94.2,,102.45,98.75,100.425,95.4
2025-04-16T11:18:17.650937+02:00,102.075,96.225,97.825,94.275,,102.05,94.225,,102.45,98.72,100.375,95.4
2025-04-16T11:41:26.900048+02:00,102.075,96.175,97.775,94.225,,102.05,94.2,,102.45,98.7,100.325,95.35
2025-04-16T11:50:39.651621+02:00,102.075,96.125,97.725,94.175,,102.05,,,102.45,98.65,100.275,95.3
2025-04-16T12:18:34.608658+02:00,102.075,96.125,97.725,94.15,,102.05,,,102.45,98.63,100.275,95.275
2025-04-16T12:44:12.398774+02:00,102.075,96.125,97.725,94.15,,102.05,,,102.45,98.64,100.275,95.275
2025-04-16T12:53:24.644787+02:00,102.075,96.175,97.775,94.2,,102.05,,,102.45,98.68,100.325,95.325
2025-04-16T13:14:01.624083+02:00,102.075,96.2,97.8,94.25,,102.05,94.225,,102.45,98.71,100.35,95.375
2025-04-16T13:28:15.636086+02:00,102.075,96.175,97.775,94.225,,102.05,94.2,,102.45,98.7,100.325,95.35
2025-04-16T13:38:56.514378+02:00,102.075,96.2,97.8,94.275,,102.05,94.225,,102.45,98.73,100.35,95.4
2025-04-16T13:49:51.509243+02:00,102.075,96.25,97.85,94.325,,102.05,94.275,,102.45,98.77,100.4,95.45
2025-04-16T14:33:10.040113+02:00,102.075,96.3,97.9,94.3,,102.05,94.275,,102.45,98.775,100.45,95.425
2025-04-16T15:16:17.536543+02:00,102.075,96.275,97.875,94.275,,102.05,94.25,102.1,102.475,98.75,100.425,95.4
2025-04-16T15:44:19.768325+02:00,102.075,96.275,97.875,94.275,,102.05,94.25,102.1,102.475,98.75,100.425,95.4
2025-04-16T15:53:44.523092+02:00,102.075,96.275,97.875,94.275,,102.05,94.25,102.1,102.475,98.75,100.425,95.4
2025-04-16T16:17:01.092666+02:00,102.075,96.325,97.925,94.35,,102.05,94.325,102.1,102.475,98.82,100.475,95.475
2025-04-16T16:41:50.025585+02:00,102.075,96.325,97.925,94.35,,102.05,94.325,102.1,102.475,98.82,100.475,95.475
2025-04-16T16:51:05.104641+02:00,102.075,96.25,97.85,94.25,,102.05,,,102.45,98.73,100.4,95.375
2025-04-16T17:17:46.155153+02:00,102.075,96.25,97.85,94.25,,102.05,,,102.45,98.73,100.4,95.375
2025-04-16T17:41:26.664321+02:00,102.075,96.25,97.85,94.25,,102.05,94.275,102.1,102.475,98.725,100.4,95.4
2025-04-16T17:50:46.738338+02:00,102.075,96.25,97.85,94.25,,102.05,94.275,102.1,102.475,98.725,100.4,95.4
2025-04-16T18:21:04.571587+02:00,102.075,96.25,97.85,94.25,,102.05,94.275,102.1,102.475,98.725,100.4,95.4
2025-04-16T18:47:50.197967+02:00,102.075,96.25,97.85,94.25,,102.05,94.275,102.1,102.475,98.725,100.4,95.4
2025-04-16T19:14:20.188940+02:00,102.075,96.25,97.85,94.25,,102.05,94.275,102.1,102.475,98.725,100.4,95.4
2025-04-16T19:32:26.529121+02:00,102.075,96.25,97.85,94.25,,102.05,94.275,102.1,102.475,98.725,100.4,95.4
2025-04-16T19:49:53.059100+02:00,102.075,96.25,97.85,94.25,,102.05,94.275,102.1,102.475,98.725,100.4,95.4
2025-04-17T09:16:49.299650+02:00,102.075,96.25,97.85,94.5,,102.05,94.275,102.1,102.475,98.725,100.4,95.4
2025-04-17T09:39:52.006732+02:00,102.075,96.25,97.85,94.5,,102.05,94.275,102.1,102.475,98.725,100.4,95.4
2025-04-17T09:49:46.836625+02:00,102.075,96.25,97.85,94.5,,102.05,94.275,102.1,102.475,98.725,100.4,95.4
2025-04-17T10:22:09.334873+02:00,102.075,96.25,97.85,94.5,,102.05,94.275,102.1,102.475,98.725,100.4,95.4
2025-04-17T10:45:28.049365+02:00,102.075,96.25,97.85,94.5,,102.05,94.275,102.1,102.475,98.725,100.4,95.4
2025-04-17T10:56:30.496533+02:00,102.075,96.25,97.85,94.5,,102.05,94.275,102.1,102.475,98.725,100.4,95.4
2025-04-17T11:20:05.438239+02:00,102.075,96.25,97.85,94.5,,102.05,94.275,102.1,102.475,98.725,100.4,95.4
2025-04-17T11:40:06.007908+02:00,102.075,96.25,97.85,94.5,,102.05,94.275,102.1,102.475,98.725,100.4,95.4
2025-04-17T11:49:41.473219+02:00,102.075,96.25,97.85,94.5,,102.05,94.275,102.1,102.475,98.725,100.4,95.4
2025-04-17T12:17:46.882579+02:00,102.075,96.25,97.85,94.5,,102.05,94.275,102.1,102.475,98.725,100.4,95.4
2025-04-17T12:43:19.569173+02:00,102.075,96.25,97.85,94.5,,102.05,94.275,102.1,102.475,98.725,100.4,95.4
2025-04-17T12:52:29.842031+02:00,102.075,96.25,97.85,94.5,,102.05,94.275,102.1,102.475,98.725,100.4,95.4
2025-04-17T13:13:23.741238+02:00,102.075,96.25,97.85,94.5,,102.05,94.275,102.1,102.475,98.725,100.4,95.4
2025-04-17T13:27:35.784521+02:00,102.075,96.25,97.85,94.5,,102.05,94.275,102.1,102.475,98.725,100.4,95.4
2025-04-17T13:37:52.820766+02:00,102.075,96.25,97.85,94.5,,102.05,94.275,102.1,102.475,98.725,100.4,95.4
2025-04-17T13:49:36.346002+02:00,102.075,96.25,97.85,94.5,,102.05,94.275,102.1,102.475,98.725,100.4,95.4
2025-04-17T14:32:34.743316+02:00,102.075,96.25,97.85,94.5,,102.05,94.275,102.1,102.475,98.725,100.4,95.4
2025-04-17T15:15:14.716712+02:00,102.075,96.25,97.85,94.5,,102.05,94.275,102.1,102.475,98.725,100.4,95.4
2025-04-17T15:39:26.488249+02:00,102.075,96.25,97.85,94.5,,102.05,94.275,102.1,102.475,98.725,100.4,95.4
2025-04-17T15:50:22.351877+02:00,102.075,96.25,97.85,94.5,,102.05,94.275,102.1,102.475,98.725,100.4,95.4
2025-04-17T16:16:03.109785+02:00,102.075,96.25,97.85,94.5,,102.05,94.275,102.1,102.475,98.725,100.4,95.4
2025-04-17T16:41:22.814190+02:00,102.075,96.25,97.85,94.5,,102.05,94.275,102.1,102.475,98.725,100.4,95.4
2025-04-17T16:50:21.764474+02:00,102.075,96.25,97.85,94.5,,102.05,94.275,102.1,102.475,98.725,100.4,95.4
2025-04-17T17:17:07.089010+02:00,102.075,96.25,97.85,94.5,,102.05,94.275,102.1,102.475,98.725,100.4,95.4
2025-04-17T17:39:39.522908+02:00,102.075,96.25,97.85,94.5,,102.05,94.275,102.1,102.475,98.725,100.4,95.4
2025-04-17T17:49:57.526727+02:00,102.075,96.25,97.85,94.5,,102.05,94.275,102.1,102.475,98.725,100.4,95.4
2025-04-17T18:20:26.319759+02:00,102.075,96.25,97.85,94.5,,102.05,94.275,102.1,102.475,98.725,100.4,95.4
2025-04-17T18:46:26.982585+02:00,102.075,96.25,97.85,94.5,,102.05,94.275,102.1,102.475,98.725,100.4,95.4
2025-04-17T19:14:12.518448+02:00,102.075,96.25,97.85,94.5,,102.05,94.275,102.1,102.475,98.725,100.4,95.4
2025-04-17T19:33:12.743635+02:00,102.075,96.25,97.85,94.5,,102.05,94.275,102.1,102.475,98.725,100.4,95.4
2025-04-17T19:49:49.139941+02:00,102.075,96.25,97.85,94.5,,102.05,94.275,102.1,102.475,98.725,100.4,95.4
2025-04-18T09:16:21.997167+02:00,102.075,96.25,97.85,94.5,,102.05,94.275,102.1,102.475,98.725,100.4,95.4
2025-04-18T09:37:54.217345+02:00,102.075,96.25,97.85,94.5,,102.05,94.275,102.1,102.475,98.725,100.4,95.4
2025-04-18T09:49:34.100784+02:00,102.075,96.25,97.85,94.5,,102.05,94.275,102.1,102.475,98.725,100.4,95.4
2025-04-18T10:20:46.353773+02:00,102.075,96.25,97.85,94.5,,102.05,94.275,102.1,102.475,98.725,100.4,95.4
2025-04-18T10:44:05.179142+02:00,102.075,96.25,97.85,94.5,,102.05,94.275,102.1,102.475,98.725,100.4,95.4
2025-04-18T10:54:20.564716+02:00,102.075,96.25,97.85,94.5,,102.05,94.275,102.1,102.475,98.725,100.4,95.4
2025-04-18T11:17:02.306752+02:00,102.075,96.25,97.85,94.5,,102.05,94.275,102.1,102.475,98.725,100.4,95.4
2025-04-18T11:39:42.029937+02:00,102.075,96.25,97.85,94.5,,102.05,94.275,102.1,102.475,98.725,100.4,95.4
2025-04-18T11:49:33.809887+02:00,102.075,96.25,97.85,94.5,,102.05,94.275,102.1,102.475,98.725,100.4,95.4
2025-04-18T12:17:20.978764+02:00,102.075,96.25,97.85,94.5,,102.05,94.275,102.1,102.475,98.725,100.4,95.4
2025-04-18T12:43:46.715797+02:00,102.075,96.25,97.85,94.5,,102.05,94.275,102.1,102.475,98.725,100.4,95.4
2025-04-18T12:53:02.132183+02:00,102.075,96.25,97.85,94.5,,102.05,94.275,102.1,102.475,98.725,100.4,95.4
2025-04-18T13:13:11.901525+02:00,102.075,96.25,97.85,94.5,,102.05,94.275,102.1,102.475,98.725,100.4,95.4
2025-04-18T13:26:34.258008+02:00,102.075,96.25,97.85,94.5,,102.05,94.275,102.1,102.475,98.725,100.4,95.4
2025-04-18T13:38:12.074678+02:00,102.075,96.25,97.85,94.5,,102.05,94.275,102.1,102.475,98.725,100.4,95.4
2025-04-18T13:49:53.428879+02:00,102.075,96.25,97.85,94.5,,102.05,94.275,102.1,102.475,98.725,100.4,95.4
2025-04-18T14:31:07.171844+02:00,102.075,96.25,97.85,94.5,,102.05,94.275,102.1,102.475,98.725,100.4,95.4
2025-04-18T15:06:51.511571+02:00,102.075,96.25,97.85,94.5,,102.05,94.275,102.1,102.475,98.725,100.4,95.4
2025-04-18T15:34:19.115126+02:00,102.075,96.25,97.85,94.5,,102.05,94.275,102.1,102.475,98.725,100.4,95.4
2025-04-18T15:50:02.208342+02:00,102.075,96.25,97.85,94.5,,102.05,94.275,102.1,102.475,98.725,100.4,95.4
2025-04-18T16:14:52.991476+02:00,102.075,96.25,97.85,94.5,,102.05,94.275,102.1,102.475,98.725,100.4,95.4
2025-04-18T16:33:46.626159+02:00,102.075,96.25,97.85,94.5,,102.05,94.275,102.1,102.475,98.725,100.4,95.4
2025-04-18T16:49:49.629395+02:00,102.075,96.25,97.85,94.5,,102.05,94.275,102.1,102.475,98.725,100.4,95.4
2025-04-18T17:16:38.187781+02:00,102.075,96.25,97.85,94.5,,102.05,94.275,102.1,102.475,98.725,100.4,95.4
2025-04-18T17:39:05.534552+02:00,102.075,96.25,97.85,94.5,,102.05,94.275,102.1,102.475,98.725,100.4,95.4
2025-04-18T17:49:58.975731+02:00,102.075,96.25,97.85,94.5,,102.05,94.275,102.1,102.475,98.725,100.4,95.4
2025-04-18T18:19:49.192771+02:00,102.075,96.25,97.85,94.5,,102.05,94.275,102.1,102.475,98.725,100.4,95.4
2025-04-18T18:43:44.768569+02:00,102.075,96.25,97.85,94.5,,102.05,94.275,102.1,102.475,98.725,100.4,95.4
2025-04-18T18:54:14.683004+02:00,102.075,96.25,97.85,94.5,,102.05,94.275,102.1,102.475,98.725,100.4,95.4
2025-04-18T19:14:02.818263+02:00,102.075,96.25,97.85,94.5,,102.05,94.275,102.1,102.475,98.725,100.4,95.4
2025-04-18T19:31:26.421715+02:00,102.075,96.25,97.85,94.5,,102.05,94.275,102.1,102.475,98.725,100.4,95.4
2025-04-18T19:49:53.722108+02:00,102.075,96.25,97.85,94.5,,102.05,94.275,102.1,102.475,98.725,100.4,95.4
2025-04-21T09:16:39.893601+02:00,102.075,96.25,97.85,94.5,,102.05,94.275,102.1,102.475,98.725,100.4,95.4
2025-04-21T09:37:30.540809+02:00,102.075,96.25,97.85,94.5,,102.05,94.275,102.1,102.475,98.725,100.4,95.4
2025-04-21T09:49:51.197141+02:00,102.075,96.25,97.85,94.5,,102.05,94.275,102.1,102.475,98.725,100.4,95.4
2025-04-21T10:21:47.499896+02:00,102.075,96.25,97.85,94.5,,102.05,94.275,102.1,102.475,98.725,100.4,95.4
2025-04-21T10:46:10.726580+02:00,102.075,96.25,97.85,94.5,,102.05,94.275,102.1,102.475,98.725,100.4,95.4
2025-04-21T11:17:39.934049+02:00,102.075,96.25,97.85,94.5,,102.05,94.275,102.1,102.475,98.725,100.4,95.4
2025-04-21T11:39:29.485774+02:00,102.075,96.25,97.85,94.5,,102.05,94.275,102.1,102.475,98.725,100.4,95.4
2025-04-21T11:49:49.341059+02:00,102.075,96.25,97.85,94.5,,102.05,94.275,102.1,102.475,98.725,100.4,95.4
2025-04-21T12:17:49.800163+02:00,102.075,96.25,97.85,94.5,,102.05,94.275,102.1,102.475,98.725,100.4,95.4
2025-04-21T12:44:23.446253+02:00,102.075,96.25,97.85,94.5,,102.05,94.275,102.1,102.475,98.725,100.4,95.4
2025-04-21T12:53:30.218771+02:00,102.075,96.25,97.85,94.5,,102.05,94.275,102.1,102.475,98.725,100.4,95.4
2025-04-21T13:13:46.868413+02:00,102.075,96.25,97.85,94.5,,102.05,94.275,102.1,102.475,98.725,100.4,95.4
2025-04-21T13:27:26.904774+02:00,102.075,96.25,97.85,94.5,,102.05,94.275,102.1,102.475,98.725,100.4,95.4
2025-04-21T13:38:12.090357+02:00,102.075,96.25,97.85,94.5,,102.05,94.275,102.1,102.475,98.725,100.4,95.4
2025-04-21T13:49:45.918139+02:00,102.075,96.25,97.85,94.5,,102.05,94.275,102.1,102.475,98.725,100.4,95.4
2025-04-21T14:31:57.331939+02:00,102.075,96.25,97.85,94.5,,102.05,94.275,102.1,102.475,98.725,100.4,95.4
2025-04-21T15:14:04.694601+02:00,102.075,96.25,97.85,94.5,,102.05,94.275,102.1,102.475,98.725,100.4,95.4
2025-04-21T15:37:50.132901+02:00,102.075,96.25,97.85,94.5,,102.05,94.275,102.1,102.475,98.725,100.4,95.4
2025-04-21T15:49:44.229051+02:00,102.075,96.25,97.85,94.5,,102.05,94.275,102.1,102.475,98.725,100.4,95.4
2025-04-21T16:15:38.968182+02:00,102.075,96.25,97.85,94.5,,102.05,94.275,102.1,102.475,98.725,100.4,95.4
2025-04-21T16:35:08.376028+02:00,102.075,96.25,97.85,94.5,,102.05,94.275,102.1,102.475,98.725,100.4,95.4
2025-04-21T16:50:08.243514+02:00,102.075,96.25,97.85,94.5,,102.05,94.275,102.1,102.475,98.725,100.4,95.4
2025-04-21T17:17:08.287256+02:00,102.075,96.25,97.85,94.5,,102.05,94.275,102.1,102.475,98.725,100.4,95.4
2025-04-21T17:40:05.580424+02:00,102.075,96.25,97.85,94.5,,102.05,94.275,102.1,102.475,98.725,100.4,95.4
2025-04-21T17:49:45.780433+02:00,102.075,96.25,97.85,94.5,,102.05,94.275,102.1,102.475,98.725,100.4,95.4
2025-04-21T18:19:46.804388+02:00,102.075,96.25,97.85,94.5,,102.05,94.275,102.1,102.475,98.725,100.4,95.4
2025-04-21T18:45:56.497931+02:00,102.075,96.25,97.85,94.5,,102.05,94.275,102.1,102.475,98.725,100.4,95.4
2025-04-21T19:15:18.619164+02:00,102.075,96.25,97.85,94.5,,102.05,94.275,102.1,102.475,98.725,100.4,95.4
2025-04-21T19:33:38.531747+02:00,102.075,96.25,97.85,94.5,,102.05,94.275,102.1,102.475,98.725,100.4,95.4
2025-04-21T19:49:54.081678+02:00,102.075,96.25,97.85,94.5,,102.05,94.275,102.1,102.475,98.725,100.4,95.4
2025-04-22T09:16:40.167038+02:00,102.075,96.475,98.075,94.5,,102.05,94.475,102.15,102.525,98.95,100.625,95.625
2025-04-22T09:37:51.888212+02:00,102.075,96.425,98.025,94.4,,102.05,,102.15,102.525,98.9,100.575,95.525
2025-04-22T09:49:36.541763+02:00,102.075,96.45,98.05,94.45,,102.05,94.525,102.15,102.525,98.925,100.6,95.575
2025-04-22T10:21:36.193566+02:00,102.075,96.45,98.05,94.45,,102.05,94.525,102.15,102.525,98.925,100.6,95.575
2025-04-22T10:46:08.065056+02:00,102.075,96.425,98.025,94.425,,102.05,94.475,102.15,102.525,98.9,100.575,95.55
2025-04-22T11:17:45.506773+02:00,102.075,96.45,98.05,94.45,,102.05,94.5,102.15,102.525,98.925,100.6,95.6
2025-04-22T11:40:00.583052+02:00,102.075,96.425,98.025,94.45,,102.05,94.525,102.125,102.5,98.9,100.575,95.575
2025-04-22T11:49:48.349834+02:00,102.075,96.425,98.025,94.425,,102.05,94.5,102.125,102.5,98.9,100.575,95.55
2025-04-22T12:17:28.721595+02:00,102.075,96.4,98.0,94.425,,102.05,94.5,102.125,102.5,98.875,100.55,95.55
2025-04-22T12:42:54.933095+02:00,102.075,96.425,98.025,94.475,,102.05,94.525,102.125,102.5,98.9,100.575,95.6
2025-04-22T12:52:29.387280+02:00,102.075,96.425,98.025,94.45,,102.05,94.525,102.125,102.5,98.9,100.575,95.575
2025-04-22T13:14:02.449175+02:00,102.075,96.425,98.025,94.45,,102.05,94.5,102.125,102.5,98.9,100.575,95.575
2025-04-22T13:29:27.279552+02:00,102.075,96.4,98.0,94.425,,102.05,94.5,102.125,102.5,98.875,100.55,95.55
2025-04-22T13:40:48.801207+02:00,102.075,96.425,98.025,94.45,,102.05,94.525,102.125,102.5,98.9,100.575,95.575
2025-04-22T13:49:54.264721+02:00,102.075,96.45,98.05,94.475,,102.05,94.525,102.125,102.5,98.925,100.6,95.6
2025-04-22T14:32:48.626391+02:00,102.075,96.475,98.075,94.5,,102.05,94.55,102.125,102.5,98.95,100.625,95.625
2025-04-22T15:16:18.433793+02:00,102.075,96.45,98.05,94.5,,102.05,,102.125,102.5,98.925,100.6,95.625
2025-04-22T15:44:05.615112+02:00,102.075,96.45,98.05,94.525,,102.05,,102.125,102.5,98.925,100.6,95.65
2025-04-22T15:53:32.791055+02:00,102.075,96.4,98.0,94.45,,102.05,94.5,102.125,102.5,98.875,100.55,95.575
2025-04-22T16:16:30.722528+02:00,102.075,96.425,98.025,94.475,,102.05,94.525,102.125,102.5,98.9,100.575,95.6
2025-04-22T16:42:58.084210+02:00,102.075,96.45,98.05,94.525,,102.05,94.575,102.125,102.5,98.925,100.6,95.65
2025-04-22T16:52:11.805325+02:00,102.075,96.45,98.05,94.5,,102.05,94.55,102.125,102.5,98.925,100.6,95.625
2025-04-22T17:17:13.493593+02:00,102.075,96.475,98.075,94.5,,102.05,94.575,102.15,102.525,98.95,100.625,95.625
2025-04-22T17:40:16.574558+02:00,102.075,96.475,98.075,94.5,,102.05,94.575,102.15,102.525,98.95,100.625,95.625
2025-04-22T17:50:10.645090+02:00,102.075,96.475,98.075,94.5,,102.05,94.575,102.15,102.525,98.95,100.625,95.625
2025-04-22T18:20:37.041348+02:00,102.075,96.475,98.075,94.5,,102.05,94.575,102.15,102.525,98.95,100.625,95.625
2025-04-22T18:46:13.736413+02:00,102.075,96.475,98.075,94.5,,102.05,94.575,102.15,102.525,98.95,100.625,95.625
2025-04-22T19:14:53.036913+02:00,102.075,96.475,98.075,94.5,,102.05,94.575,102.15,102.525,98.95,100.625,95.625
2025-04-22T19:33:47.627773+02:00,102.075,96.475,98.075,94.5,,102.05,94.575,102.15,102.525,98.95,100.625,95.625
2025-04-22T19:49:55.924645+02:00,102.075,96.475,98.075,94.5,,102.05,94.575,102.15,102.525,98.95,100.625,95.625
2025-04-23T09:20:48.950263+02:00,102.075,96.525,98.125,94.5,,102.05,94.55,102.125,102.5,99.03,100.675,95.625
2025-04-23T09:40:37.920444+02:00,102.075,96.475,98.075,94.425,,102.05,94.5,102.125,102.5,98.95,100.625,95.55
2025-04-23T09:49:45.941858+02:00,102.075,96.475,98.075,94.425,,102.05,94.5,102.125,102.5,98.99,100.625,95.55
2025-04-23T10:21:55.742538+02:00,102.075,96.525,98.125,94.5,,102.05,94.55,102.125,102.5,99.03,100.675,95.625
2025-04-23T10:46:45.353674+02:00,102.075,96.5,98.1,94.525,,102.05,94.575,102.125,102.5,99.01,100.65,95.65
2025-04-23T11:18:04.146386+02:00,102.075,96.5,98.1,94.525,,102.05,94.55,102.125,102.5,99.0,100.6,95.65
2025-04-23T11:40:04.514928+02:00,102.075,96.525,98.125,94.55,,102.05,94.6,102.125,102.5,99.02,100.625,95.675
2025-04-23T11:49:52.457716+02:00,102.075,96.525,98.125,94.525,,102.05,94.6,102.125,102.5,99.01,100.625,95.65
2025-04-23T12:18:10.840914+02:00,102.075,96.5,98.1,94.5,,102.05,94.575,102.125,102.5,98.975,100.6,95.625
2025-04-23T12:44:18.856017+02:00,102.075,96.5,98.1,94.5,,102.05,94.575,102.125,102.5,98.98,100.6,95.625
2025-04-23T12:54:09.991964+02:00,102.075,96.525,98.125,94.525,,102.05,94.6,102.125,102.5,99.0,100.625,95.65
2025-04-23T13:14:23.292468+02:00,102.075,96.55,98.15,94.575,,102.05,94.625,102.125,102.5,99.025,100.65,95.7
2025-04-23T13:28:54.043652+02:00,102.075,96.525,98.125,94.55,,102.05,94.6,102.125,102.5,99.01,100.625,95.675
2025-04-23T13:39:33.866024+02:00,102.075,96.525,98.125,94.55,,102.05,94.6,102.125,102.5,99.0,100.625,95.675
2025-04-23T13:49:45.312888+02:00,102.075,96.55,98.15,94.575,,102.05,94.625,102.125,102.5,99.03,100.65,95.7
2025-04-23T14:33:10.801485+02:00,102.075,96.525,98.125,94.525,,102.05,94.6,102.125,102.5,99.0,100.625,95.65
2025-04-23T15:16:51.570998+02:00,102.075,96.525,98.125,94.55,,102.05,94.6,102.125,102.5,99.0,100.625,95.675
2025-04-23T15:45:17.320233+02:00,102.075,96.4,98.0,94.425,,102.05,94.5,102.125,102.5,98.89,100.525,95.525
2025-04-23T15:54:32.355904+02:00,102.075,96.4,98.0,94.425,,102.05,94.5,102.125,102.5,98.89,100.525,95.525
2025-04-23T16:17:23.923247+02:00,102.075,96.425,98.025,94.425,,102.05,94.45,102.125,102.5,98.96,100.525,95.55
2025-04-23T16:43:58.606576+02:00,102.075,96.425,98.025,94.425,,102.05,94.525,102.125,102.5,98.9,100.525,95.55
2025-04-23T16:53:33.921301+02:00,102.075,96.425,98.025,94.425,,102.05,94.525,102.125,102.5,98.9,100.525,95.55
2025-04-23T17:18:25.024563+02:00,102.075,96.375,97.975,94.375,,102.05,94.475,102.125,102.5,98.85,100.475,95.5
2025-04-23T17:41:40.466515+02:00,102.075,96.375,97.975,94.375,,102.05,94.475,102.125,102.5,98.85,100.475,95.5
2025-04-23T17:51:09.721517+02:00,102.075,96.375,97.975,94.375,,102.05,94.475,102.125,102.5,98.85,100.475,95.5
2025-04-23T18:21:22.128472+02:00,102.075,96.375,97.975,94.375,,102.05,94.475,102.125,102.5,98.85,100.475,95.5
2025-04-23T18:48:48.595165+02:00,102.075,96.375,97.975,94.375,,102.05,94.475,102.125,102.5,98.85,100.475,95.5
2025-04-23T19:14:40.704716+02:00,102.075,96.375,97.975,94.375,,102.05,94.475,102.125,102.5,98.85,100.475,95.5
2025-04-23T19:33:30.178529+02:00,102.075,96.375,97.975,94.375,,102.05,94.475,102.125,102.5,98.85,100.475,95.5
2025-04-23T19:50:05.134465+02:00,102.075,96.375,97.975,94.375,,102.05,94.475,102.125,102.5,98.85,100.475,95.5
2025-04-24T09:16:30.824710+02:00,102.075,96.575,98.175,94.5,,102.05,94.6,102.125,102.5,99.05,100.675,95.625
2025-04-24T09:37:57.409650+02:00,102.075,96.6,98.2,94.5,,102.05,94.575,102.125,102.5,99.075,100.7,95.625
2025-04-24T09:49:54.445202+02:00,102.075,96.625,98.225,94.525,,102.05,94.6,102.15,102.525,99.1,100.725,95.65
2025-04-24T10:21:50.900012+02:00,102.075,96.65,98.25,94.525,,102.05,94.575,102.15,102.525,99.125,100.75,95.65
2025-04-24T10:46:35.375234+02:00,102.075,96.7,98.3,94.575,,102.05,94.625,102.15,102.525,99.175,100.8,95.7
2025-04-24T11:18:21.672242+02:00,102.075,96.725,98.325,94.6,,102.05,94.65,102.15,102.525,99.2,100.825,95.725
2025-04-24T11:40:47.712905+02:00,102.075,96.75,98.35,94.575,,102.05,94.625,102.15,102.525,99.225,100.85,95.7
2025-04-24T11:49:53.561121+02:00,102.075,96.725,98.325,94.625,,102.05,94.6,102.15,102.525,99.2,100.825,95.75
2025-04-24T12:18:16.469145+02:00,102.075,96.7,98.3,94.6,,102.05,94.575,102.15,102.525,99.175,100.8,95.725
2025-04-24T12:43:57.895016+02:00,102.075,96.7,98.3,94.575,,102.05,,102.15,102.525,99.175,100.8,95.7
2025-04-24T12:53:24.107520+02:00,102.075,96.65,98.25,94.675,,102.05,94.55,102.15,102.525,99.125,100.75,95.8
2025-04-24T13:14:12.390385+02:00,102.075,96.675,98.275,94.725,,102.05,94.575,102.15,102.525,99.15,100.775,95.85
2025-04-24T13:28:42.353573+02:00,102.075,96.75,98.35,94.725,,102.05,94.575,102.15,102.525,99.225,100.85,95.85
2025-04-24T13:39:24.040034+02:00,102.075,96.725,98.325,94.725,,102.05,94.575,102.15,102.525,99.2,100.825,95.85
2025-04-24T13:49:53.526212+02:00,102.075,96.75,98.35,94.725,,102.05,94.6,102.15,102.525,99.225,100.85,95.85
2025-04-24T14:33:57.621959+02:00,102.075,96.85,98.45,94.875,,102.05,94.7,102.15,102.525,99.325,100.95,96.0
2025-04-24T15:17:24.328822+02:00,102.075,96.85,98.45,94.875,,102.05,94.7,102.15,102.525,99.325,100.95,96.0
2025-04-24T15:45:50.291536+02:00,102.075,96.85,98.45,94.875,,102.05,94.75,102.125,102.5,99.325,100.95,96.0
2025-04-24T16:15:26.417829+02:00,102.075,96.85,98.45,94.875,,102.05,94.75,102.125,102.5,99.325,100.95,96.0
2025-04-24T16:37:26.813963+02:00,102.075,96.875,98.475,94.9,,102.05,94.775,102.125,102.5,99.35,100.975,96.025
2025-04-24T16:51:19.459411+02:00,102.075,96.875,98.475,94.875,,102.05,94.75,102.125,102.5,99.35,100.975,96.0
2025-04-24T17:17:55.792693+02:00,102.075,96.85,98.45,94.875,,102.05,94.75,102.125,102.5,99.325,100.95,96.0
2025-04-24T17:41:37.326649+02:00,102.075,96.85,98.45,94.875,,102.05,94.75,102.125,102.5,99.325,100.95,96.0
2025-04-24T17:50:53.339364+02:00,102.075,96.85,98.45,94.875,,102.05,94.75,102.125,102.5,99.325,100.95,96.0
2025-04-24T18:20:49.498415+02:00,102.075,96.85,98.45,94.875,,102.05,94.75,102.125,102.5,99.325,100.95,96.0
2025-04-24T18:46:41.421609+02:00,102.075,96.85,98.45,94.875,,102.05,94.75,102.125,102.5,99.325,100.95,96.0
2025-04-24T19:14:36.626243+02:00,102.075,96.85,98.45,94.875,,102.05,94.75,102.125,102.5,99.325,100.95,96.0
2025-04-24T19:31:28.659583+02:00,102.075,96.85,98.45,94.875,,102.05,94.75,102.125,102.5,99.325,100.95,96.0
2025-04-24T19:49:49.422151+02:00,102.075,96.85,98.45,94.875,,102.05,94.75,102.125,102.5,99.325,100.95,96.0
2025-04-25T09:16:16.384925+02:00,102.075,96.825,98.425,94.85,,102.05,94.725,102.2,102.575,99.3,100.925,95.975
2025-04-25T09:37:07.286380+02:00,102.075,96.85,98.45,94.875,,102.05,94.75,102.2,102.575,99.325,100.95,96.0
2025-04-25T09:49:35.215700+02:00,102.075,96.85,98.45,94.875,,102.05,94.75,102.2,102.575,99.325,100.9,96.0
2025-04-25T10:21:45.119004+02:00,102.075,96.925,98.525,94.95,,102.05,94.8,102.2,102.575,99.4,100.975,96.075
2025-04-25T10:45:32.035117+02:00,102.075,96.875,98.475,94.9,,102.05,94.775,102.2,102.575,99.35,100.925,96.025
2025-04-25T10:57:37.521332+02:00,102.075,96.875,98.475,94.9,,102.05,94.775,102.2,102.575,99.35,100.925,96.025
2025-04-25T11:22:17.320725+02:00,102.075,96.85,98.45,94.875,,102.05,94.725,102.2,102.575,99.325,100.9,96.0
2025-04-25T11:39:27.116867+02:00,102.075,96.875,98.475,94.9,,102.05,94.75,102.2,102.575,99.35,100.925,96.025
2025-04-25T11:49:41.916146+02:00,102.075,96.875,98.475,94.9,,102.05,94.75,102.2,102.575,99.35,100.925,96.025
2025-04-25T12:17:41.698532+02:00,102.075,96.825,98.425,94.85,,102.05,94.7,102.2,102.575,99.3,100.875,95.975
2025-04-25T12:43:12.480225+02:00,102.075,96.825,98.425,94.85,,102.05,94.7,102.2,102.575,99.3,100.875,95.975
2025-04-25T12:52:16.941544+02:00,102.075,96.9,98.5,94.925,,102.05,94.75,102.2,102.575,99.375,100.95,96.05
2025-04-25T13:13:31.295857+02:00,102.075,96.95,98.55,94.925,,102.05,94.75,102.225,102.6,99.425,101.0,96.05
2025-04-25T13:27:48.898875+02:00,102.075,96.925,98.525,94.9,,102.05,94.725,102.225,102.6,99.4,100.975,96.025
2025-04-25T13:38:37.499939+02:00,102.075,96.95,98.55,94.925,,102.05,94.75,102.225,102.6,99.425,101.0,96.05
2025-04-25T13:49:53.828506+02:00,102.075,96.95,98.55,94.95,,102.05,94.75,102.225,102.6,99.425,101.0,96.075
2025-04-25T14:32:56.827464+02:00,102.075,96.975,98.575,94.975,,102.05,94.775,102.225,102.6,99.45,100.925,96.1
2025-04-25T15:15:54.628124+02:00,102.075,96.925,98.525,94.925,,102.05,94.75,102.225,102.6,99.4,100.875,96.05
2025-04-25T15:43:00.460334+02:00,102.075,96.925,98.63,94.95,,102.05,94.75,102.225,102.6,99.4,100.875,96.075
2025-04-25T15:52:25.520923+02:00,102.075,96.925,98.63,94.925,,102.05,94.8,102.225,102.6,99.4,100.875,96.05
2025-04-25T16:15:51.526843+02:00,102.075,96.925,98.525,94.95,,102.05,94.8,102.225,102.6,99.4,100.875,96.075
2025-04-25T16:41:22.598873+02:00,102.075,96.925,98.525,94.925,,102.05,94.8,102.225,102.6,99.4,100.875,96.05
2025-04-25T16:50:38.728214+02:00,102.075,96.9,98.5,94.9,,102.05,94.775,102.225,102.6,99.375,100.85,96.025
2025-04-25T17:16:59.851492+02:00,102.075,96.9,98.5,94.9,,102.05,94.775,102.225,102.6,99.375,100.85,96.025
2025-04-25T17:39:42.596725+02:00,102.075,96.9,98.5,94.9,,102.05,94.775,102.225,102.6,99.375,100.85,96.025
2025-04-25T17:49:33.774649+02:00,102.075,96.9,98.5,94.9,,102.05,94.775,102.225,102.6,99.375,100.85,96.025
2025-04-25T18:20:13.694944+02:00,102.075,96.9,98.5,94.9,,102.05,94.775,102.225,102.6,99.375,100.85,96.025
2025-04-25T18:45:20.351480+02:00,102.075,96.9,98.5,94.9,,102.05,94.775,102.225,102.6,99.375,100.85,96.025
2025-04-25T18:57:59.638868+02:00,102.075,96.9,98.5,94.9,,102.05,94.775,102.225,102.6,99.375,100.85,96.025
2025-04-25T19:18:54.781686+02:00,102.075,96.9,98.5,94.9,,102.05,94.775,102.225,102.6,99.375,100.85,96.025
2025-04-25T19:38:57.522852+02:00,102.075,96.9,98.5,94.9,,102.05,94.775,102.225,102.6,99.375,100.85,96.025
2025-04-25T19:49:50.005699+02:00,102.075,96.9,98.5,94.9,,102.05,94.775,102.225,102.6,99.375,100.85,96.025
2025-04-28T09:41:43.216252+02:00,102.075,96.825,98.425,94.825,,102.05,94.675,102.275,102.65,99.31,100.775,95.95
2025-04-28T10:27:27.539645+02:00,102.075,96.95,98.55,94.9,,102.05,94.775,102.3,102.8,99.425,100.9,96.025
2025-04-28T12:29:57.657781+02:00,102.075,96.75,98.46,94.725,,102.05,94.6,102.275,102.87,99.41,100.7,95.85
2025-04-28T12:32:07.335684+02:00,102.075,96.75,98.47,94.725,,102.05,94.6,102.275,102.87,99.42,100.7,95.85
2025-04-28T13:28:28.799784+02:00,102.075,96.95,98.55,95.0,,102.05,94.75,102.325,102.87,99.425,100.9,96.125
2025-04-28T13:46:01.497165+02:00,102.075,96.975,98.575,95.025,,102.05,94.775,102.325,102.87,99.45,100.925,96.15
2025-04-28T14:34:25.804782+02:00,102.075,96.975,98.575,95.025,,102.05,94.775,102.325,102.87,99.45,100.925,96.15
2025-04-28T15:30:00.645314+02:00,102.075,97.05,98.65,95.025,,102.05,94.775,102.325,102.87,99.5,100.925,96.15
2025-04-28T15:55:01.019212+02:00,102.075,97.05,98.65,95.05,,102.05,94.775,102.325,102.87,99.5,100.925,96.15
2025-04-28T16:18:17.918546+02:00,102.075,97.075,98.675,95.05,,102.05,94.8,102.325,102.87,99.525,100.95,96.175
2025-04-28T16:46:28.466938+02:00,102.075,97.025,98.625,95.0,,102.05,94.75,102.325,102.87,99.475,100.9,96.125
2025-04-28T17:17:59.735254+02:00,102.075,97.1,98.7,95.1,,102.05,94.825,102.325,102.7,99.55,100.975,96.225
2025-04-28T17:40:49.068578+02:00,102.075,97.1,98.7,95.1,,102.05,94.825,102.325,102.7,99.55,100.975,96.225
2025-04-28T17:50:05.783340+02:00,102.075,97.1,98.7,95.1,,102.05,94.825,102.325,102.7,99.55,100.975,96.225
2025-04-28T18:19:43.440431+02:00,102.075,97.1,98.7,95.1,,102.05,94.825,102.325,102.7,99.55,100.975,96.225
2025-04-28T18:45:10.413798+02:00,102.075,97.1,98.7,95.1,,102.05,94.825,102.325,102.7,99.55,100.975,96.225
2025-04-28T18:55:24.738462+02:00,102.075,97.1,98.7,95.1,,102.05,94.825,102.325,102.7,99.55,100.975,96.225
2025-04-28T19:14:34.995928+02:00,102.075,97.1,98.7,95.1,,102.05,94.825,102.325,102.7,99.55,100.975,96.225
2025-04-28T19:32:02.675597+02:00,102.075,97.1,98.7,95.1,,102.05,94.825,102.325,102.7,99.55,100.975,96.225
2025-04-28T19:50:03.381132+02:00,102.075,97.1,98.7,95.1,,102.05,94.825,102.325,102.7,99.55,100.975,96.225
2025-04-29T09:17:19.514546+02:00,102.075,97.1,98.7,95.075,,102.05,94.825,102.325,102.85,99.55,100.975,96.2
2025-04-29T09:38:20.719121+02:00,102.075,97.125,98.725,95.1,,102.05,94.85,102.325,102.85,99.575,101.0,96.25
2025-04-29T09:49:42.041828+02:00,102.075,97.075,98.675,95.05,,102.05,94.85,102.325,102.85,99.525,100.925,96.175
2025-04-29T10:23:10.025209+02:00,102.075,97.125,98.725,95.15,,102.05,94.9,102.325,102.85,99.575,100.975,96.275
2025-04-29T10:47:40.910874+02:00,102.075,97.125,98.725,95.1,,102.05,94.9,102.4,102.85,99.575,100.975,96.225
2025-04-29T11:18:19.770171+02:00,102.075,97.1,98.7,95.075,,102.05,94.875,102.4,102.85,99.55,100.95,96.2
2025-04-29T11:41:51.388213+02:00,102.075,97.025,98.625,95.05,,102.05,94.85,102.4,102.85,99.49,100.9,96.175
2025-04-29T11:51:16.449566+02:00,102.075,97.0,98.6,95.025,,102.05,94.825,102.4,102.85,99.45,100.875,96.15
2025-04-29T12:18:46.698182+02:00,102.075,97.0,98.6,95.025,,102.05,94.825,102.4,102.85,99.45,100.875,96.15
2025-04-29T12:45:17.579389+02:00,102.075,97.0,98.6,95.05,,102.05,94.825,102.4,102.87,99.45,100.875,96.175
2025-04-29T12:54:23.918989+02:00,102.075,97.0,98.6,95.05,,102.05,94.825,102.4,102.87,99.45,100.875,96.175
2025-04-29T13:14:06.221000+02:00,102.075,97.025,98.625,95.05,,102.05,94.85,102.4,102.87,99.475,100.9,96.175
2025-04-29T13:28:28.035088+02:00,102.075,97.025,98.625,95.05,,102.05,94.85,102.4,102.87,99.475,100.9,96.175
2025-04-29T13:39:50.734445+02:00,102.075,96.975,98.575,95.0,,102.05,94.8,102.4,102.87,99.425,100.85,96.125
2025-04-29T13:49:43.397880+02:00,102.075,96.95,98.55,94.975,,102.05,94.8,102.4,102.87,99.4,100.825,96.075
2025-04-29T14:35:08.755027+02:00,102.075,96.9,98.5,94.925,,102.05,94.8,102.4,102.87,99.35,100.775,96.05
2025-04-29T15:21:02.502021+02:00,102.075,96.875,98.475,94.9,,102.05,94.8,102.4,102.87,99.325,100.75,96.025
2025-04-29T15:49:13.098635+02:00,102.075,96.875,98.475,94.9,,102.05,94.8,102.4,102.87,99.325,100.75,96.025
2025-04-29T16:17:09.787758+02:00,102.075,96.9,98.5,94.95,,102.05,94.825,102.4,102.87,99.35,100.775,96.075
2025-04-29T16:43:36.141019+02:00,102.075,96.9,98.5,94.925,,102.05,94.825,102.4,102.87,99.35,100.775,96.05
2025-04-29T16:53:05.440012+02:00,102.075,96.875,98.475,94.9,,102.05,94.8,102.4,102.7,99.325,100.75,96.025
2025-04-29T17:17:57.357353+02:00,102.075,96.925,98.525,94.95,,102.05,94.85,102.4,102.7,99.375,100.8,96.075
2025-04-29T17:41:14.399819+02:00,102.075,96.925,98.525,94.975,,102.05,94.85,102.4,102.7,99.375,100.8,96.1
2025-04-29T17:50:48.920575+02:00,102.075,96.925,98.525,94.975,,102.05,94.85,102.4,102.7,99.375,100.8,96.1
2025-04-29T18:20:22.869486+02:00,102.075,96.925,98.525,94.975,,102.05,94.85,102.325,102.7,99.375,100.8,96.1
2025-04-29T18:46:06.435951+02:00,102.075,96.925,98.525,94.975,,102.05,94.85,102.325,102.7,99.375,100.8,96.1
2025-04-29T19:15:13.747605+02:00,102.075,96.925,98.525,94.975,,102.05,94.85,102.325,102.7,99.375,100.8,96.1
2025-04-29T19:33:17.278427+02:00,102.075,96.925,98.525,94.975,,102.05,94.85,102.325,102.7,99.375,100.8,96.1
2025-04-29T19:49:48.810875+02:00,102.075,96.925,98.525,94.975,,102.05,94.85,102.325,102.7,99.375,100.8,96.1
2025-04-30T09:16:06.553028+02:00,102.075,96.975,98.575,95.05,,102.05,94.9,102.325,102.7,99.425,100.85,96.175
2025-04-30T09:37:40.691290+02:00,102.075,97.0,98.6,95.1,,102.05,94.95,102.325,102.87,99.45,100.875,96.225
2025-04-30T09:49:55.440681+02:00,102.075,97.05,98.65,95.15,,102.05,94.975,102.325,102.87,99.5,100.925,96.275
2025-04-30T10:22:20.179639+02:00,102.075,97.0,98.6,95.075,,102.05,94.975,102.325,102.87,99.45,100.875,96.2
2025-04-30T10:46:09.088876+02:00,102.075,97.0,98.6,95.1,,102.05,95.0,102.325,102.87,99.45,100.875,96.225
2025-04-30T11:17:38.906869+02:00,102.075,97.0,98.6,95.1,,102.05,94.975,102.325,102.87,99.45,100.875,96.225
2025-04-30T11:40:28.004105+02:00,102.075,97.025,98.625,95.1,,102.05,95.0,102.325,102.87,99.475,100.9,96.225
2025-04-30T11:49:44.882572+02:00,102.075,97.0,98.6,95.1,,102.05,95.0,102.325,102.87,99.45,100.875,96.225
2025-04-30T12:17:51.496745+02:00,102.075,96.975,98.575,95.05,,102.05,94.95,102.325,102.87,99.425,100.85,96.175
2025-04-30T12:43:26.374056+02:00,102.075,96.975,98.575,95.075,,102.05,94.975,102.325,102.87,99.425,100.85,96.2
2025-04-30T12:52:34.037243+02:00,102.075,96.975,98.575,95.075,,102.05,94.975,102.325,102.87,99.425,100.85,96.2
2025-04-30T13:13:51.014401+02:00,102.075,96.975,98.575,95.05,,102.05,94.95,102.325,102.87,99.425,100.85,96.175
2025-04-30T13:27:49.930737+02:00,102.075,97.0,98.6,95.075,,102.05,94.975,102.325,102.7,99.45,100.875,96.2
2025-04-30T13:38:24.366034+02:00,102.075,96.975,98.575,95.05,,102.05,94.95,102.325,102.87,99.425,100.85,96.175
2025-04-30T13:49:58.089824+02:00,102.075,96.975,98.575,95.05,,102.05,94.95,102.325,102.87,99.425,100.85,96.175
2025-04-30T14:33:03.887371+02:00,102.075,96.975,98.575,95.05,,102.05,94.95,102.325,102.87,99.425,100.85,96.175
2025-04-30T15:15:49.734618+02:00,102.075,97.025,98.625,95.125,,102.05,95.025,102.325,102.7,99.475,100.9,96.25
2025-04-30T15:44:14.454463+02:00,102.075,97.0,98.6,95.075,,102.05,94.975,102.325,102.87,99.45,100.875,96.2
2025-04-30T15:53:34.863948+02:00,102.075,97.025,98.72,95.125,,102.05,95.025,102.325,102.7,99.475,100.9,96.25
2025-04-30T16:16:14.456567+02:00,102.075,97.0,98.72,95.075,,102.05,94.975,102.325,102.7,99.45,100.875,96.2
2025-04-30T16:42:32.635036+02:00,102.075,97.025,98.72,95.1,,102.05,95.0,102.325,102.7,99.475,100.9,96.225
2025-04-30T16:51:46.108206+02:00,102.075,97.025,98.72,95.1,,102.05,95.0,102.325,102.7,99.475,100.9,96.225
2025-04-30T17:17:54.451802+02:00,102.075,97.05,98.72,95.125,,102.05,95.025,102.325,102.7,99.5,100.925,96.25
2025-04-30T17:40:34.854100+02:00,102.075,97.05,98.72,95.125,,102.05,95.025,102.325,102.7,99.5,100.925,96.25
2025-04-30T17:50:08.000502+02:00,102.075,97.05,98.72,95.125,,102.05,95.025,102.325,102.7,99.5,100.925,96.25
2025-04-30T18:20:28.594888+02:00,102.075,97.05,98.65,95.125,,102.05,95.025,102.325,102.7,99.5,100.925,96.25
2025-04-30T18:46:46.336500+02:00,102.075,97.05,98.65,95.125,,102.05,95.025,102.325,102.7,99.5,100.925,96.25
2025-04-30T19:14:45.078046+02:00,102.075,97.05,98.65,95.125,,102.05,95.025,102.325,102.7,99.5,100.925,96.25
2025-04-30T19:32:47.016025+02:00,102.075,97.05,98.65,95.125,,102.05,95.025,102.325,102.7,99.5,100.925,96.25
2025-04-30T19:49:44.790729+02:00,102.075,97.05,98.65,95.125,,102.05,95.025,102.325,102.7,99.5,100.925,96.25
2025-05-01T09:17:11.234609+02:00,102.075,97.025,98.625,95.1,,102.05,95.0,102.325,102.7,99.475,100.9,96.225
2025-05-01T09:37:18.034312+02:00,102.075,97.025,98.625,95.1,,102.05,95.0,102.325,102.7,99.475,100.9,96.225
2025-05-01T09:49:46.124869+02:00,102.075,97.025,98.625,95.125,,102.05,95.0,102.325,102.7,99.475,100.9,96.25
2025-05-01T10:21:36.315700+02:00,102.075,97.05,98.65,95.15,,102.05,95.025,102.325,102.7,99.5,100.925,96.275
2025-05-01T10:45:20.584499+02:00,102.075,97.05,98.65,95.15,,102.05,95.025,102.325,102.7,99.5,100.925,96.275
2025-05-01T10:56:34.160624+02:00,102.075,97.05,98.65,95.15,,102.05,95.025,102.325,102.7,99.5,100.925,96.275
2025-05-01T11:20:06.248246+02:00,102.075,97.05,98.65,95.125,,102.05,95.025,102.325,102.7,99.5,100.925,96.25
2025-05-01T11:39:38.891935+02:00,102.075,97.05,98.65,95.15,,102.05,95.025,102.325,102.7,99.5,100.925,96.275
2025-05-01T11:49:52.803345+02:00,102.075,97.025,98.625,95.125,,102.05,95.025,102.325,102.7,99.475,100.9,96.25
2025-05-01T12:18:15.898795+02:00,102.075,97.025,98.625,95.125,,102.05,95.025,102.325,102.7,99.475,100.9,96.25
2025-05-01T12:43:37.820086+02:00,102.075,97.05,98.65,95.125,,102.05,95.05,102.325,102.7,99.5,100.925,96.25
2025-05-01T12:52:54.080580+02:00,102.075,97.05,98.65,95.15,,102.05,95.05,102.325,102.7,99.5,100.925,96.275
2025-05-01T13:13:38.100751+02:00,102.075,97.05,98.65,95.15,,102.05,95.05,102.325,102.7,99.5,100.925,96.275
2025-05-01T13:27:23.290235+02:00,102.075,97.05,98.65,95.15,,102.05,95.05,102.325,102.7,99.5,100.925,96.275
2025-05-01T13:38:11.802908+02:00,102.075,97.075,98.675,95.15,,102.05,95.075,102.325,102.7,99.525,100.95,96.275
2025-05-01T13:50:03.009960+02:00,102.075,97.05,98.65,95.15,,102.05,95.05,102.325,102.7,99.5,100.925,96.275
2025-05-01T14:32:15.280083+02:00,102.075,97.05,98.65,95.125,,102.05,95.025,102.325,102.7,99.475,100.9,96.25
2025-05-01T15:14:39.895737+02:00,102.075,97.05,98.65,95.125,,102.05,95.025,102.325,102.7,99.5,100.925,96.25
2025-05-01T15:38:44.473492+02:00,102.075,97.075,98.675,95.15,,102.05,95.05,102.325,102.7,99.525,100.95,96.275
2025-05-01T15:50:04.360389+02:00,102.075,97.025,98.625,95.1,,102.05,95.025,102.325,102.7,99.475,100.9,96.225
2025-05-01T16:15:11.434370+02:00,102.075,96.925,98.525,94.975,,102.05,94.9,102.325,102.7,99.375,100.8,96.1
2025-05-01T16:34:46.064273+02:00,102.075,96.875,98.475,94.925,,102.05,94.85,102.325,102.7,99.325,100.75,96.05
2025-05-01T16:49:55.993699+02:00,102.075,96.875,98.475,94.9,,102.05,94.85,102.325,102.7,99.325,100.75,96.025
2025-05-01T17:16:35.204349+02:00,102.075,96.875,98.475,94.925,,102.05,94.875,102.325,102.7,99.325,100.75,96.05
2025-05-01T17:40:25.913199+02:00,102.075,96.875,98.475,94.925,,102.05,94.875,102.325,102.7,99.325,100.75,96.05
2025-05-01T17:50:03.132134+02:00,102.075,96.875,98.475,94.925,,102.05,94.875,102.325,102.7,99.325,100.75,96.05
2025-05-01T18:20:38.041962+02:00,102.075,96.875,98.475,94.925,,102.05,94.875,102.325,102.7,99.325,100.75,96.05
2025-05-01T18:45:57.478396+02:00,102.075,96.875,98.475,94.925,,102.05,94.875,102.325,102.7,99.325,100.75,96.05
2025-05-01T19:14:52.362278+02:00,102.075,96.875,98.475,94.925,,102.05,94.875,102.325,102.7,99.325,100.75,96.05
2025-05-01T19:32:46.873260+02:00,102.075,96.875,98.475,94.925,,102.05,94.875,102.325,102.7,99.325,100.75,96.05
2025-05-01T19:49:53.545668+02:00,102.075,96.875,98.475,94.925,,102.05,94.875,102.325,102.7,99.325,100.75,96.05
2025-05-02T09:16:27.624952+02:00,102.075,96.925,98.525,95.025,,102.05,94.9,102.325,102.7,99.375,100.8,96.15
2025-05-02T09:37:12.254434+02:00,102.075,96.95,98.55,95.025,,102.05,94.925,102.325,102.7,99.4,100.825,96.15
2025-05-02T09:49:47.406180+02:00,102.075,96.975,98.575,95.05,,102.05,94.9,102.325,102.7,99.425,100.85,96.15
2025-05-02T10:21:27.731663+02:00,102.075,97.0,98.6,95.05,,102.05,94.9,102.325,102.7,99.45,100.875,96.175
2025-05-02T10:45:25.029391+02:00,102.075,97.025,98.625,95.1,,102.05,94.925,102.325,102.87,99.475,100.9,96.225
2025-05-02T10:56:24.988758+02:00,102.075,97.025,98.625,95.1,,102.05,94.925,102.325,102.87,99.475,100.9,96.225
2025-05-02T11:19:19.847805+02:00,102.075,97.025,98.625,95.125,,102.05,94.95,102.325,102.87,99.475,100.9,96.25
2025-05-02T11:39:25.049559+02:00,102.075,97.0,98.6,95.1,,102.05,94.95,102.325,102.87,99.45,100.875,96.225
2025-05-02T11:49:39.004869+02:00,102.075,97.0,98.6,95.075,,102.05,94.925,102.325,102.87,99.45,100.875,96.2
2025-05-02T12:17:32.055165+02:00,102.075,96.95,98.55,95.025,,102.05,94.875,102.325,102.87,99.4,100.825,96.15
2025-05-02T12:43:16.098499+02:00,102.075,96.975,98.575,95.05,,102.05,94.9,102.325,102.87,99.425,100.85,96.175
2025-05-02T12:52:28.161395+02:00,102.075,96.95,98.55,95.025,,102.05,94.875,102.325,102.87,99.4,100.825,96.15
2025-05-02T13:14:01.401952+02:00,102.075,96.95,98.55,95.0,,102.05,94.875,102.325,102.87,99.4,100.825,96.15
2025-05-02T13:28:02.975786+02:00,102.075,96.95,98.55,95.025,,102.05,94.875,102.325,102.87,99.4,100.825,96.15
2025-05-02T13:39:56.897817+02:00,102.075,97.0,98.6,95.075,,102.05,94.925,102.325,102.87,99.45,100.875,96.2
2025-05-02T13:50:01.141840+02:00,102.075,96.95,98.55,95.0,,102.05,94.875,102.325,102.87,99.4,100.825,96.125
2025-05-02T14:32:22.956344+02:00,102.075,97.0,98.6,95.175,,102.05,94.9,102.325,102.7,99.45,100.875,96.3
2025-05-02T15:15:19.227933+02:00,102.075,96.925,98.525,95.1,,102.05,94.85,102.325,102.7,99.375,100.8,96.225
2025-05-02T15:39:46.234065+02:00,102.075,96.925,98.525,95.1,,102.05,94.875,102.325,102.7,99.375,100.8,96.225
2025-05-02T15:50:11.888324+02:00,102.075,96.95,98.55,95.15,,102.05,94.925,102.325,102.7,99.4,100.825,96.275
2025-05-02T16:16:03.092018+02:00,102.075,96.825,98.425,95.0,,102.05,94.775,102.325,102.7,99.275,100.7,96.125
2025-05-02T16:41:41.245495+02:00,102.075,96.825,98.425,95.0,,102.05,94.775,102.325,102.7,99.275,100.7,96.125
2025-05-02T16:51:00.771830+02:00,102.075,96.85,98.45,95.025,,102.05,94.8,102.325,102.7,99.3,100.725,96.15
2025-05-02T17:17:04.398444+02:00,102.075,96.825,98.425,95.0,,102.05,94.775,102.325,102.7,99.275,100.7,96.125
2025-05-02T17:39:41.770788+02:00,102.075,96.825,98.425,95.0,,102.05,94.775,102.325,102.7,99.275,100.7,96.125
2025-05-02T17:49:48.090864+02:00,102.075,96.825,98.425,95.0,,102.05,94.775,102.325,102.7,99.275,100.7,96.125
2025-05-02T18:20:13.592028+02:00,102.075,96.825,98.425,95.0,,102.05,94.775,102.325,102.7,99.275,100.7,96.125
2025-05-02T18:45:49.365155+02:00,102.075,96.825,98.425,95.0,,102.05,94.775,102.325,102.7,99.275,100.7,96.125
2025-05-02T19:14:53.189305+02:00,102.075,96.825,98.425,95.0,,102.05,94.775,102.325,102.7,99.275,100.7,96.125
2025-05-02T19:32:44.515685+02:00,102.075,96.825,98.425,95.0,,102.05,94.775,102.325,102.7,99.275,100.7,96.125
2025-05-02T19:49:51.035929+02:00,102.075,96.825,98.425,95.0,,102.05,94.775,102.325,102.7,99.275,100.7,96.125
2025-05-05T09:17:30.110763+02:00,102.075,96.825,98.425,94.975,,102.05,94.75,102.325,102.7,99.275,100.7,96.1
2025-05-05T09:38:21.274828+02:00,102.075,96.825,98.425,94.975,,102.05,94.75,102.325,102.7,99.275,100.7,96.1
2025-05-05T09:49:41.210304+02:00,102.075,96.85,98.45,95.0,,102.05,94.775,102.325,102.87,99.3,100.725,96.125
2025-05-05T10:23:25.143235+02:00,102.075,96.875,98.475,95.025,,102.05,94.8,102.325,102.7,99.325,100.75,96.15
2025-05-05T10:47:31.126997+02:00,102.075,96.875,98.475,95.05,,102.05,94.8,102.325,102.7,99.325,100.75,96.175
2025-05-05T11:18:11.686823+02:00,102.075,96.875,98.475,95.05,,102.05,94.8,102.325,102.7,99.325,100.75,96.175
2025-05-05T11:41:44.822806+02:00,102.075,96.875,98.475,95.025,,102.05,94.8,102.325,102.86,99.325,100.75,96.15
2025-05-05T11:51:01.361146+02:00,102.075,96.9,98.5,95.05,,102.05,94.825,102.325,102.86,99.35,100.775,96.175
2025-05-05T12:18:37.078002+02:00,102.075,96.875,98.475,95.05,,102.05,94.8,102.325,102.86,99.325,100.75,96.175
2025-05-05T12:44:52.376300+02:00,102.075,96.9,98.5,95.075,,102.05,94.825,102.325,102.86,99.35,100.775,96.2
2025-05-05T12:54:13.431773+02:00,102.075,96.925,98.525,95.075,,102.05,94.825,102.325,102.7,99.375,100.8,96.2
2025-05-05T13:13:54.672116+02:00,102.075,96.95,98.55,95.05,,102.05,94.825,102.325,102.86,99.4,100.825,96.175
2025-05-05T13:27:58.847316+02:00,102.075,96.95,98.55,95.05,,102.05,94.825,102.325,102.86,99.4,100.825,96.175
2025-05-05T13:38:48.390154+02:00,102.075,96.975,98.575,95.075,,102.05,94.85,102.325,102.86,99.425,100.85,96.2
2025-05-05T13:49:55.365506+02:00,102.075,96.975,98.575,95.1,,102.05,94.85,102.325,102.86,99.425,100.85,96.225
2025-05-05T14:33:31.346386+02:00,102.075,96.95,98.55,95.05,,102.05,94.825,102.325,102.7,99.4,100.825,96.175
2025-05-05T15:17:27.970021+02:00,102.075,96.9,98.5,95.0,,102.05,94.775,102.325,102.7,99.35,100.775,96.125
2025-05-05T15:44:59.378733+02:00,102.075,96.925,98.525,95.025,,102.05,94.8,102.325,102.7,99.375,100.8,96.15
2025-05-05T15:54:18.713051+02:00,102.075,96.925,98.525,95.025,,102.05,94.8,102.325,102.7,99.375,100.8,96.15
2025-05-05T16:17:01.602088+02:00,102.075,96.85,98.45,94.95,,102.05,94.725,102.325,102.7,99.3,100.725,96.075
2025-05-05T16:44:04.678322+02:00,102.075,96.875,98.475,94.95,,102.05,94.75,102.325,102.7,99.325,100.75,96.075
2025-05-05T16:53:28.920201+02:00,102.075,96.85,98.45,94.95,,102.05,94.725,102.325,102.7,99.3,100.725,96.075
2025-05-05T17:17:47.600553+02:00,102.075,96.925,98.525,95.025,,102.05,94.8,102.325,102.7,99.375,100.8,96.15
2025-05-05T17:40:50.699304+02:00,102.075,96.925,98.525,95.025,,102.05,94.8,102.325,102.7,99.375,100.8,96.15
2025-05-05T17:50:09.717343+02:00,102.075,96.925,98.525,95.025,,102.05,94.8,102.325,102.7,99.375,100.8,96.15
2025-05-05T18:21:29.158770+02:00,102.075,96.925,98.525,95.025,,102.05,94.8,102.325,102.7,99.375,100.8,96.15
2025-05-05T18:46:44.397343+02:00,102.075,96.925,98.525,95.025,,102.05,94.8,102.325,102.7,99.375,100.8,96.15
2025-05-05T19:14:55.792531+02:00,102.075,96.925,98.525,95.025,,102.05,94.8,102.325,102.7,99.375,100.8,96.15
2025-05-05T19:33:16.042463+02:00,102.075,96.925,98.525,95.025,,102.05,94.8,102.325,102.7,99.375,100.8,96.15
2025-05-05T19:49:48.577853+02:00,102.075,96.925,98.525,95.025,,102.05,94.8,102.325,102.7,99.375,100.8,96.15
2025-05-06T09:16:46.545661+02:00,102.075,96.8,98.6,94.875,,102.05,94.675,102.325,102.88,99.25,100.675,96.0
2025-05-06T09:39:13.085608+02:00,102.075,96.8,98.6,94.875,,102.05,94.65,102.325,102.88,99.25,100.675,96.0
2025-05-06T09:49:45.661181+02:00,102.075,96.8,98.6,94.875,,102.05,94.675,102.325,102.7,99.25,100.675,96.0
2025-05-06T10:22:40.509238+02:00,102.075,96.8,98.6,94.875,,102.05,94.675,102.325,102.91,99.25,100.675,96.0
2025-05-06T10:46:44.750086+02:00,102.075,96.825,98.6,94.925,,102.05,94.7,102.325,102.91,99.275,100.7,96.05
2025-05-06T11:18:23.099140+02:00,102.075,96.8,98.6,94.875,,102.05,94.65,102.325,102.91,99.25,100.675,96.0
2025-05-06T11:41:03.158102+02:00,102.075,96.8,98.6,94.875,,102.05,94.65,102.325,102.91,99.25,100.675,96.0
2025-05-06T11:50:19.853436+02:00,102.075,96.775,98.6,94.85,,102.05,94.625,102.325,102.91,99.225,100.6,95.975
2025-05-06T12:18:01.429825+02:00,102.075,96.85,98.6,94.9,,102.05,94.75,102.325,102.7,99.3,100.675,96.025
2025-05-06T12:44:30.355648+02:00,102.075,96.875,98.6,94.925,,102.05,94.8,102.325,102.7,99.325,100.7,96.05
2025-05-06T12:53:48.702068+02:00,102.075,96.875,98.6,94.95,,102.05,94.8,102.325,102.7,99.325,100.7,96.075
2025-05-06T13:14:09.426671+02:00,102.075,96.9,98.6,94.975,,102.05,94.825,102.325,102.7,99.35,100.725,96.1
2025-05-06T13:28:17.924914+02:00,102.075,96.85,98.6,94.9,,102.05,94.775,102.325,102.91,99.3,100.675,96.025
2025-05-06T13:39:32.339547+02:00,102.075,96.9,98.6,94.95,,102.05,94.825,102.325,102.91,99.35,100.725,96.075
2025-05-06T13:49:54.398681+02:00,102.075,96.875,98.6,94.925,,102.05,94.8,102.325,102.91,99.325,100.7,96.05
2025-05-06T14:35:35.804114+02:00,102.075,96.85,98.6,94.9,,102.05,94.775,102.325,102.91,99.3,100.675,96.025
2025-05-06T15:19:41.626008+02:00,102.075,96.825,98.6,94.875,,102.05,94.75,102.325,102.91,99.275,100.65,96.0
2025-05-06T15:47:03.747543+02:00,102.075,96.85,98.6,94.875,,102.05,94.725,102.325,102.91,99.3,100.675,96.0
2025-05-06T16:16:56.928246+02:00,102.075,96.85,98.6,94.9,,102.05,94.725,102.325,102.91,99.3,100.675,96.025
2025-05-06T16:44:17.216353+02:00,102.075,96.9,98.6,94.95,,102.05,94.775,102.325,102.91,99.35,100.725,96.075
2025-05-06T16:54:03.049285+02:00,102.075,96.925,98.6,94.975,,102.05,94.8,102.325,102.91,99.375,100.75,96.1
2025-05-06T17:21:41.959666+02:00,102.075,96.975,98.6,95.05,,102.05,94.85,102.325,102.7,99.425,100.8,96.175
2025-05-06T17:45:18.720219+02:00,102.075,96.975,98.6,95.05,,102.05,94.85,102.325,102.7,99.425,100.8,96.175
2025-05-06T17:55:55.512697+02:00,102.075,96.975,98.6,95.05,,102.05,94.85,102.325,102.7,99.425,100.8,96.175
2025-05-06T18:20:46.705255+02:00,102.075,96.975,98.575,95.05,,102.05,94.85,102.325,102.7,99.425,100.8,96.175
2025-05-06T18:45:49.401248+02:00,102.075,96.975,98.575,95.05,,102.05,94.85,102.325,102.7,99.425,100.8,96.175
2025-05-06T19:15:00.172639+02:00,102.075,96.975,98.575,95.05,,102.05,94.85,102.325,102.7,99.425,100.8,96.175
2025-05-06T19:33:17.336525+02:00,102.075,96.975,98.575,95.05,,102.05,94.85,102.325,102.7,99.425,100.8,96.175
2025-05-06T19:49:50.720745+02:00,102.075,96.975,98.575,95.05,,102.05,94.85,102.325,102.7,99.425,100.8,96.175
2025-05-07T09:16:47.846649+02:00,102.075,96.975,98.6,95.025,,102.05,94.85,102.325,102.91,99.425,100.8,96.15
2025-05-07T09:38:42.248023+02:00,102.075,96.975,98.6,95.05,,102.05,94.85,102.325,102.91,99.425,100.725,96.175
2025-05-07T09:50:05.182189+02:00,102.075,96.975,98.6,95.05,,102.05,94.85,102.325,102.91,99.425,100.725,96.175
2025-05-07T10:23:29.262261+02:00,102.075,97.0,98.6,95.05,,102.05,94.875,102.325,102.91,99.425,100.725,96.175
2025-05-07T10:48:10.496761+02:00,102.075,96.95,98.6,95.025,,102.05,94.85,102.325,102.91,99.4,100.7,96.15
2025-05-07T11:18:18.485707+02:00,102.075,97.05,98.65,95.125,,102.05,94.925,102.325,102.91,99.5,100.8,96.25
2025-05-07T11:42:00.787557+02:00,102.075,97.025,98.625,95.1,,102.05,94.925,102.325,103.06,99.475,100.775,96.225
2025-05-07T11:51:26.237290+02:00,102.075,97.025,98.625,95.1,,102.05,94.9,102.325,103.06,99.475,100.775,96.225
2025-05-07T12:18:24.788991+02:00,102.075,97.075,98.675,95.15,,102.05,94.95,102.325,103.18,99.525,100.825,96.275
2025-05-07T12:45:06.994296+02:00,102.075,97.075,98.675,95.175,,102.05,94.95,102.325,103.18,99.525,100.825,96.3
2025-05-07T12:54:41.185162+02:00,102.075,97.075,98.675,95.175,,102.05,94.95,102.325,103.18,99.525,100.825,96.3
2025-05-07T13:14:37.274015+02:00,102.075,97.075,98.675,95.175,,102.05,94.975,102.325,103.18,99.525,100.825,96.3
2025-05-07T13:29:23.893255+02:00,102.075,97.1,98.7,95.175,,102.05,94.975,102.325,103.18,99.55,100.85,96.3
2025-05-07T13:41:35.124112+02:00,102.075,97.1,98.7,95.175,,102.05,94.975,102.325,103.18,99.55,100.85,96.3
2025-05-07T13:50:35.270759+02:00,102.075,97.075,98.675,95.15,,102.05,94.95,102.325,103.18,99.525,100.825,96.275
2025-05-07T14:35:40.644443+02:00,102.075,97.125,98.725,95.2,,102.05,95.0,102.475,103.18,99.575,100.875,96.325
2025-05-07T15:20:46.913392+02:00,102.075,97.15,98.75,95.25,,102.05,95.05,102.475,103.18,99.6,100.9,96.375
2025-05-07T15:48:18.451457+02:00,102.075,97.05,98.775,95.275,,102.05,95.05,102.475,103.18,99.625,100.925,96.4
2025-05-07T16:17:29.794814+02:00,102.075,97.075,98.8,95.3,,102.05,95.075,102.475,103.18,99.65,100.95,96.425
2025-05-07T16:45:00.325182+02:00,102.075,97.075,98.8,95.3,,102.05,95.075,102.475,103.18,99.65,100.95,96.425
2025-05-07T16:55:11.318738+02:00,102.075,97.075,98.8,95.3,,102.05,95.075,102.475,103.18,99.65,100.95,96.425
2025-05-07T17:19:27.890879+02:00,102.075,97.075,98.8,95.325,,102.05,95.075,102.475,102.8,99.65,100.95,96.45
2025-05-07T17:43:14.534381+02:00,102.075,97.075,98.8,95.325,,102.05,95.075,102.475,102.8,99.65,100.95,96.45
2025-05-07T17:53:49.688939+02:00,102.075,97.075,98.8,95.325,,102.05,95.075,102.475,102.8,99.65,100.95,96.45
2025-05-07T18:21:54.095478+02:00,102.075,97.075,98.8,95.325,,102.05,95.075,102.475,102.8,99.65,100.95,96.45
2025-05-07T18:48:54.400835+02:00,102.075,97.075,98.8,95.325,,102.05,95.075,102.475,102.8,99.65,100.95,96.45
2025-05-07T19:14:59.477397+02:00,102.075,97.075,98.8,95.325,,102.05,95.075,102.475,102.8,99.65,100.95,96.45
2025-05-07T19:34:12.656174+02:00,102.075,97.075,98.8,95.325,,102.05,95.075,102.475,102.8,99.65,100.95,96.45
2025-05-07T19:49:39.545899+02:00,102.075,97.075,98.8,95.325,,102.05,95.075,102.475,102.8,99.65,100.95,96.45
2025-05-08T09:16:46.234162+02:00,102.075,97.075,98.8,95.325,,102.05,95.1,102.475,103.21,99.65,100.95,96.45
2025-05-08T09:39:27.527291+02:00,102.075,97.1,98.825,95.35,,102.05,95.125,102.475,103.21,99.675,100.975,96.475
2025-05-08T09:49:41.387319+02:00,102.075,97.25,98.8,95.325,,102.05,95.1,102.475,103.21,99.65,100.95,96.45
2025-05-08T10:22:24.125458+02:00,102.075,97.25,98.76,95.275,,102.05,95.05,102.525,103.21,99.6,100.9,96.4
2025-05-08T10:47:04.155092+02:00,102.075,97.25,98.75,95.275,,102.05,95.05,102.525,103.21,99.6,100.9,96.4
2025-05-08T11:18:00.532643+02:00,102.075,97.25,98.7,95.2,,102.05,95.0,102.525,103.21,99.55,100.875,96.325
2025-05-08T11:40:33.034664+02:00,102.075,97.25,98.68,95.175,,102.05,94.975,102.525,103.21,99.525,100.85,96.3
2025-05-08T11:49:53.326291+02:00,102.075,97.25,98.675,95.175,,102.05,94.975,102.525,103.21,99.525,100.85,96.3
2025-05-08T12:18:37.860646+02:00,102.075,97.25,98.7,95.2,,102.05,94.975,102.525,103.21,99.55,100.875,96.325
2025-05-08T12:44:52.047250+02:00,102.075,97.25,98.7,95.2,,102.05,95.0,102.525,103.21,99.55,100.875,96.325
2025-05-08T12:53:57.152653+02:00,102.075,97.25,98.69,95.175,,102.05,94.975,102.525,103.21,99.525,100.85,96.3
2025-05-08T13:14:15.819633+02:00,102.075,97.25,98.7,95.2,,102.05,95.0,102.525,103.21,99.55,100.925,96.325
2025-05-08T13:29:08.483449+02:00,102.075,97.25,98.69,95.175,,102.05,94.975,102.525,103.21,99.525,100.9,96.3
2025-05-08T13:40:21.993951+02:00,102.075,97.25,98.7,95.225,,102.05,95.0,102.525,103.21,99.55,100.925,96.35
2025-05-08T13:49:54.542163+02:00,102.075,97.25,98.71,95.225,,102.05,95.1,102.525,103.21,99.55,100.925,96.35
2025-05-08T14:33:49.521967+02:00,102.075,97.25,98.725,95.225,,102.05,95.125,102.525,103.21,99.575,100.95,96.35
2025-05-08T15:18:49.014023+02:00,102.075,97.25,98.775,95.275,,102.05,95.125,102.525,103.21,99.625,101.0,96.4
2025-05-08T15:42:45.239510+02:00,102.075,97.25,98.75,95.25,,102.05,95.15,102.525,103.21,99.6,100.975,96.375
2025-05-08T15:51:58.132547+02:00,102.075,97.25,98.7,95.2,,102.05,95.1,102.525,103.21,99.55,100.925,96.325
2025-05-08T16:15:07.920656+02:00,102.075,97.25,98.66,95.175,,102.05,95.125,102.525,103.21,99.5,100.875,96.3
2025-05-08T16:38:14.824025+02:00,102.075,97.25,98.64,95.125,,102.05,95.075,102.525,103.21,99.475,100.85,96.25
2025-05-08T16:50:10.102258+02:00,102.075,97.25,98.62,95.1,,102.05,95.075,102.525,103.21,99.45,100.825,96.225
2025-05-08T17:17:59.264042+02:00,102.075,97.25,98.6,95.125,,102.05,95.075,102.525,102.85,99.45,100.825,96.25
2025-05-08T17:42:32.084156+02:00,102.075,97.25,98.6,95.125,,102.05,95.075,102.525,102.85,99.45,100.825,96.25
2025-05-08T17:52:22.980009+02:00,102.075,97.25,98.6,95.125,,102.05,95.075,102.525,102.85,99.45,100.825,96.25
2025-05-08T18:21:13.811123+02:00,102.075,96.875,98.6,95.125,,102.05,95.075,102.525,102.85,99.45,100.825,96.25
2025-05-08T18:48:12.715862+02:00,102.075,96.875,98.6,95.125,,102.05,95.075,102.525,102.85,99.45,100.825,96.25
2025-05-08T19:14:38.875196+02:00,102.075,96.875,98.6,95.125,,102.05,95.075,102.525,102.85,99.45,100.825,96.25
2025-05-08T19:33:09.713298+02:00,102.075,96.875,98.6,95.125,,102.05,95.075,102.525,102.85,99.45,100.825,96.25
2025-05-08T19:49:51.700443+02:00,102.075,96.875,98.6,95.125,,102.05,95.075,102.525,102.85,99.45,100.825,96.25
2025-05-09T09:16:28.428861+02:00,102.075,96.625,98.6,94.825,,102.05,94.875,102.525,103.21,99.23,100.575,95.95
2025-05-09T09:37:38.240296+02:00,102.075,96.65,98.6,94.825,,102.05,94.85,102.525,103.21,99.225,100.6,95.95
2025-05-09T09:49:54.588751+02:00,102.075,96.65,98.6,94.8,,102.05,94.825,102.525,103.21,99.225,100.6,95.925
2025-05-09T10:22:06.579496+02:00,102.075,96.625,98.35,94.775,,102.05,94.825,102.525,103.21,99.2,100.575,95.9
2025-05-09T10:46:09.387767+02:00,102.075,96.65,98.375,94.8,,102.05,94.875,102.525,103.21,99.225,100.6,95.925
2025-05-09T11:18:00.516901+02:00,102.075,96.625,98.35,94.775,,102.05,94.875,102.525,103.21,99.2,100.575,95.9
2025-05-09T11:40:23.602279+02:00,102.075,96.625,98.35,94.775,,102.05,94.85,102.525,103.21,99.2,100.575,95.9
2025-05-09T11:49:43.736244+02:00,102.075,96.65,98.375,94.8,,102.05,94.875,102.525,103.21,99.225,100.6,95.925
2025-05-09T12:17:42.460473+02:00,102.075,96.65,98.375,94.8,,102.05,94.875,102.525,103.21,99.225,100.6,95.925
2025-05-09T12:43:39.540636+02:00,102.075,96.675,98.4,94.85,,102.05,94.925,102.525,103.21,99.25,100.625,95.975
2025-05-09T12:52:54.150417+02:00,102.075,96.65,98.375,94.8,,102.05,94.875,102.525,103.21,99.225,100.6,95.925
2025-05-09T13:13:49.808499+02:00,102.075,96.675,98.4,94.825,,102.05,94.9,102.525,103.21,99.25,100.625,95.95
2025-05-09T13:27:48.569269+02:00,102.075,96.675,98.4,94.825,,102.05,94.9,102.525,103.21,99.25,100.625,95.95
2025-05-09T13:39:07.423180+02:00,102.075,96.7,98.425,94.85,,102.05,94.925,102.525,103.21,99.275,100.65,95.975
2025-05-09T13:49:59.375070+02:00,102.075,96.75,98.475,94.9,,102.05,94.975,102.525,103.21,99.325,100.7,96.025
2025-05-09T14:33:12.770158+02:00,102.075,96.675,98.4,94.875,,102.05,94.95,102.525,103.21,99.25,100.625,96.0
2025-05-09T15:16:46.936429+02:00,102.075,96.675,98.41,94.9,,102.05,94.975,102.525,103.21,99.25,100.625,96.025
2025-05-09T15:44:18.349583+02:00,102.075,96.7,98.43,94.9,,102.05,95.0,102.525,103.21,99.275,100.65,96.025
2025-05-09T15:53:34.091125+02:00,102.075,96.7,98.43,94.9,,102.05,95.0,102.525,103.21,99.275,100.65,96.025
2025-05-09T16:16:21.804065+02:00,102.075,96.775,98.5,94.975,,102.05,95.025,102.525,102.85,99.35,100.725,96.1
2025-05-09T16:42:20.308048+02:00,102.075,96.775,98.5,94.975,,102.05,95.05,102.525,102.85,99.35,100.725,96.1
2025-05-09T16:51:46.610020+02:00,102.075,96.75,98.475,94.975,,102.05,95.025,102.525,102.85,99.325,100.7,96.1
2025-05-09T17:17:20.799733+02:00,102.075,96.75,98.475,94.95,,102.05,95.025,102.525,102.85,99.325,100.7,96.075
2025-05-09T17:40:35.696410+02:00,102.075,96.75,98.475,94.95,,102.05,95.025,102.525,102.85,99.325,100.7,96.075
2025-05-09T17:49:53.346573+02:00,102.075,96.75,98.475,94.95,,102.05,95.025,102.525,102.85,99.325,100.7,96.075
2025-05-09T18:20:16.333397+02:00,102.075,96.75,98.475,94.95,,102.05,95.025,102.525,102.85,99.325,100.7,96.075
2025-05-09T18:44:23.900110+02:00,102.075,96.75,98.475,94.95,,102.05,95.025,102.525,102.85,99.325,100.7,96.075
2025-05-09T18:54:57.843413+02:00,102.075,96.75,98.475,94.95,,102.05,95.025,102.525,102.85,99.325,100.7,96.075
2025-05-09T19:14:51.553208+02:00,102.075,96.75,98.475,94.95,,102.05,95.025,102.525,102.85,99.325,100.7,96.075
2025-05-09T19:32:35.203768+02:00,102.075,96.75,98.475,94.95,,102.05,95.025,102.525,102.85,99.325,100.7,96.075
2025-05-09T19:49:43.812705+02:00,102.075,96.75,98.475,94.95,,102.05,95.025,102.525,102.85,99.325,100.7,96.075
2025-05-12T09:17:26.228657+02:00,102.075,96.425,98.15,94.7,,102.05,94.65,102.525,102.85,99.0,100.375,95.7
2025-05-12T09:38:28.590003+02:00,102.075,96.45,98.175,94.7,,102.05,94.675,102.525,102.85,99.025,100.4,95.725
2025-05-12T09:50:08.995936+02:00,102.075,96.45,98.175,94.7,,102.05,94.675,102.525,102.85,99.025,100.4,95.725
2025-05-12T10:23:34.639189+02:00,102.075,96.55,98.275,94.7,,102.05,94.675,102.525,103.21,99.125,100.5,95.775
2025-05-12T10:47:56.897402+02:00,102.075,96.525,98.25,94.7,,102.05,94.65,102.525,103.21,99.1,100.475,95.775
2025-05-12T11:19:20.502901+02:00,102.075,96.575,98.25,94.7,,102.05,94.65,102.525,103.21,99.1,100.475,95.775
2025-05-12T11:42:05.536303+02:00,102.075,96.575,98.25,94.7,,102.05,94.65,102.525,103.21,99.1,100.475,95.775
2025-05-12T11:51:19.145677+02:00,102.075,96.55,98.225,94.7,,102.05,94.6,102.525,103.21,99.075,100.45,95.75
2025-05-12T12:19:15.503559+02:00,102.075,96.6,98.275,94.7,,102.05,94.65,102.525,103.21,99.125,100.5,95.8
2025-05-12T12:45:03.246560+02:00,102.075,96.55,98.225,94.7,,102.05,94.625,102.525,103.21,99.075,100.45,95.75
2025-05-12T12:54:35.345657+02:00,102.075,96.55,98.225,94.7,,102.05,94.625,102.525,103.21,99.075,100.45,95.75
2025-05-12T13:14:24.747199+02:00,102.075,96.5,98.175,94.7,,102.05,94.6,102.525,103.21,99.025,100.4,95.75
2025-05-12T13:29:08.508082+02:00,102.075,96.525,98.2,94.7,,102.05,94.65,102.525,103.21,99.06,100.425,95.775
2025-05-12T13:40:27.549358+02:00,102.075,96.525,98.2,94.7,,102.05,94.65,102.525,103.21,99.06,100.425,95.775
2025-05-12T13:49:51.816118+02:00,102.075,96.525,98.2,94.7,,102.05,94.675,102.525,103.21,99.07,100.425,95.8
2025-05-12T14:35:01.991289+02:00,102.075,96.45,98.125,94.7,,102.05,94.625,102.525,103.21,99.01,100.375,95.75
2025-05-12T15:20:16.053643+02:00,102.075,96.425,98.1,94.7,,102.05,94.625,102.525,103.21,98.97,100.325,95.725
2025-05-12T15:47:04.023371+02:00,102.075,96.475,98.15,94.7,,102.05,94.675,102.525,103.21,99.0,100.375,95.75
2025-05-12T16:17:50.663928+02:00,102.075,96.45,98.125,94.7,,102.05,94.65,102.525,103.21,98.975,100.35,95.75
2025-05-12T16:45:00.500657+02:00,102.075,96.475,98.15,94.7,,102.05,94.675,102.525,103.21,99.0,100.375,95.775
2025-05-12T16:55:04.401136+02:00,102.075,96.475,98.15,94.7,,102.05,94.675,102.525,103.21,99.0,100.375,95.775
2025-05-12T17:20:03.803929+02:00,102.075,96.425,98.1,94.7,,102.05,94.625,102.525,102.85,98.95,100.325,95.7
2025-05-12T17:43:08.661355+02:00,102.075,96.425,98.1,94.7,,102.05,94.625,102.525,102.85,98.95,100.325,95.7
2025-05-12T17:53:38.791507+02:00,102.075,96.425,98.1,94.7,,102.05,94.625,102.525,102.85,98.95,100.325,95.7
2025-05-12T18:21:40.081662+02:00,102.075,96.425,98.1,94.575,,102.05,94.625,102.525,102.85,98.95,100.325,95.7
2025-05-12T18:48:25.861182+02:00,102.075,96.425,98.1,94.575,,102.05,94.625,102.525,102.85,98.95,100.325,95.7
2025-05-12T19:14:42.941735+02:00,102.075,96.425,98.1,94.575,,102.05,94.625,102.525,102.85,98.95,100.325,95.7
2025-05-12T19:33:24.089787+02:00,102.075,96.425,98.1,94.575,,102.05,94.625,102.525,102.85,98.95,100.325,95.7
2025-05-12T19:49:56.173866+02:00,102.075,96.425,98.1,94.575,,102.05,94.625,102.525,102.85,98.95,100.325,95.7
2025-05-13T09:17:17.996950+02:00,102.075,96.35,98.025,94.7,,102.05,94.55,102.525,103.21,98.875,100.225,95.625
2025-05-13T09:38:50.066464+02:00,102.075,96.275,97.97,94.7,,102.05,94.5,102.525,103.21,98.82,100.15,95.55
2025-05-13T09:49:44.385737+02:00,102.075,96.275,97.95,94.7,,102.05,94.475,102.525,102.85,98.8,100.15,95.525
2025-05-13T10:23:15.254293+02:00,102.075,96.3,97.99,94.7,,102.05,94.5,102.525,103.21,99.2,100.175,95.55
2025-05-13T10:47:50.649949+02:00,102.075,96.275,97.96,94.7,,102.05,94.475,102.525,103.21,98.81,100.15,95.525
2025-05-13T11:18:27.350677+02:00,102.075,96.25,97.94,94.7,,102.05,94.45,102.525,103.21,98.79,100.125,95.5
2025-05-13T11:41:36.885018+02:00,102.075,96.25,97.93,94.7,,102.05,94.45,102.525,103.21,98.775,100.125,95.475
2025-05-13T11:50:50.252683+02:00,102.075,96.25,97.93,94.7,,102.05,94.45,102.525,103.21,98.78,100.125,95.5
2025-05-13T12:18:31.347464+02:00,102.075,96.325,98.0,94.7,,102.05,94.5,102.525,103.23,98.85,100.2,95.575
2025-05-13T12:45:37.637480+02:00,102.075,96.325,98.01,94.7,,102.05,94.5,102.525,103.23,98.86,100.2,95.575
2025-05-13T13:14:33.729488+02:00,102.075,96.325,98.01,94.7,,102.05,94.5,102.525,103.23,98.86,100.2,95.6
2025-05-13T13:29:28.070786+02:00,102.075,96.325,98.02,94.7,,102.05,94.5,102.525,103.23,98.87,100.2,95.575
2025-05-13T13:41:37.578653+02:00,102.075,96.35,98.03,94.7,,102.05,94.5,102.525,103.23,98.88,100.225,95.575
2025-05-13T13:50:52.269456+02:00,102.075,96.35,98.03,94.7,,102.05,94.5,102.525,103.23,98.88,100.225,95.575
2025-05-13T14:35:25.567783+02:00,102.075,96.3,97.975,94.7,,102.05,94.475,102.525,102.85,98.825,100.175,95.55
2025-05-13T15:20:49.205596+02:00,102.075,96.35,98.03,94.7,,102.05,94.525,102.525,103.23,98.88,100.225,95.625
2025-05-13T15:48:44.225156+02:00,102.075,96.375,98.35,94.7,,102.05,94.55,102.525,103.23,98.9,100.25,95.625
2025-05-13T16:17:28.846382+02:00,102.075,96.325,98.01,94.7,,102.05,94.5,102.525,103.23,98.86,100.2,95.575
2025-05-13T16:45:15.245393+02:00,102.075,96.325,98.01,94.7,,102.05,94.5,102.525,103.23,98.86,100.2,95.575
2025-05-13T16:55:33.732205+02:00,102.075,96.325,98.01,94.7,,102.05,94.5,102.525,103.23,98.86,100.2,95.575
2025-05-13T17:18:03.746409+02:00,102.075,96.325,98.0,94.7,,102.05,94.5,102.525,102.85,98.85,100.2,95.575
2025-05-13T17:42:28.527550+02:00,102.075,96.325,98.0,94.7,,102.05,94.5,102.525,102.85,98.85,100.2,95.575
2025-05-13T17:52:16.379751+02:00,102.075,96.325,98.0,94.7,,102.05,94.5,102.525,102.85,98.85,100.2,95.575
2025-05-13T18:21:35.607933+02:00,102.075,96.325,98.0,94.45,,102.05,94.5,102.525,102.85,98.85,100.2,95.575
2025-05-13T18:48:20.717713+02:00,102.075,96.325,98.0,94.45,,102.05,94.5,102.525,102.85,98.85,100.2,95.575
2025-05-13T19:15:22.311419+02:00,102.075,96.325,98.0,94.45,,102.05,94.5,102.525,102.85,98.85,100.2,95.575
2025-05-13T19:34:10.139591+02:00,102.075,96.325,98.0,94.45,,102.05,94.5,102.525,102.85,98.85,100.2,95.575
2025-05-13T19:49:51.685683+02:00,102.075,96.325,98.0,94.45,,102.05,94.5,102.525,102.85,98.85,100.2,95.575
2025-05-14T09:16:55.059155+02:00,102.075,96.275,97.96,94.7,,102.05,94.475,102.525,103.23,98.81,100.15,95.525
2025-05-14T09:38:47.931073+02:00,102.075,96.3,97.975,94.7,,102.05,94.5,102.525,103.23,98.825,100.175,95.55
2025-05-14T09:50:01.437248+02:00,102.075,96.25,97.93,94.7,,102.05,94.45,102.55,103.23,98.78,100.125,95.5
2025-05-14T10:22:29.114043+02:00,102.075,96.275,97.96,94.7,,102.05,94.45,102.55,103.23,98.81,100.15,95.5
2025-05-14T10:47:33.407987+02:00,102.075,96.3,97.975,94.7,,102.05,94.475,102.55,103.23,98.825,100.175,95.525
2025-05-14T11:18:09.923870+02:00,102.075,96.325,98.0,94.7,,102.05,94.5,102.55,103.23,98.85,100.2,95.55
2025-05-14T11:40:46.175724+02:00,102.075,96.3,97.975,94.7,,102.05,94.475,102.55,103.23,98.825,100.175,95.525
2025-05-14T11:50:06.091274+02:00,102.075,96.35,98.025,94.7,,102.05,94.525,102.55,103.23,98.875,100.225,95.575
2025-05-14T12:18:18.403716+02:00,102.075,96.4,98.075,94.7,,102.05,94.575,102.55,103.23,98.925,100.275,95.625
2025-05-14T12:44:37.889774+02:00,102.075,96.375,98.05,94.7,,102.05,94.55,102.55,103.23,98.9,100.25,95.6
2025-05-14T12:53:53.462138+02:00,102.075,96.375,98.05,94.7,,102.05,94.55,102.55,103.23,98.9,100.25,95.6
2025-05-14T13:14:16.040677+02:00,102.075,96.375,98.05,94.7,,102.05,94.55,102.55,102.875,98.9,100.25,95.6
2025-05-14T13:29:05.919724+02:00,102.075,96.375,98.05,94.7,,102.05,94.55,102.55,102.875,98.9,100.25,95.6
2025-05-14T13:40:48.850755+02:00,102.075,96.4,98.075,94.7,,102.05,94.55,102.55,102.875,98.925,100.275,95.6
2025-05-14T13:49:49.048458+02:00,102.075,96.375,98.05,94.7,,102.05,94.525,102.55,103.23,98.9,100.25,95.575
2025-05-14T14:34:00.648640+02:00,102.075,96.4,98.075,94.7,,102.05,94.55,102.55,103.23,98.925,100.275,95.6
2025-05-14T15:19:06.038650+02:00,102.075,96.325,98.0,94.7,,102.05,94.45,102.55,103.23,98.85,100.2,95.5
2025-05-14T15:46:10.011430+02:00,102.075,96.325,98.0,94.7,,102.05,94.475,102.55,103.23,98.85,100.2,95.5
2025-05-14T16:17:14.781287+02:00,102.075,96.3,97.975,94.7,,102.05,94.45,102.55,103.23,98.825,100.175,95.475
2025-05-14T16:42:37.940090+02:00,102.075,96.325,98.0,94.7,,102.05,94.475,102.55,103.23,98.85,100.2,95.525
2025-05-14T16:52:16.424513+02:00,102.075,96.325,98.0,94.7,,102.05,94.475,102.55,102.875,98.85,100.2,95.525
2025-05-14T17:18:06.941663+02:00,102.075,96.3,97.975,94.7,,102.05,94.45,102.55,102.875,98.825,100.175,95.475
2025-05-14T17:42:05.584661+02:00,102.075,96.3,97.975,94.7,,102.05,94.45,102.55,102.875,98.825,100.175,95.475
2025-05-14T17:52:21.020560+02:00,102.075,96.3,97.975,94.7,,102.05,94.45,102.55,102.875,98.825,100.175,95.475
2025-05-14T18:20:56.296835+02:00,102.075,96.3,97.975,94.35,,102.05,94.45,102.55,102.875,98.825,100.175,95.475
2025-05-14T18:47:21.816668+02:00,102.075,96.3,97.975,94.35,,102.05,94.45,102.55,102.875,98.825,100.175,95.475
2025-05-14T19:15:05.295855+02:00,102.075,96.3,97.975,94.35,,102.05,94.45,102.55,102.875,98.825,100.175,95.475
2025-05-14T19:34:14.643451+02:00,102.075,96.3,97.975,94.35,,102.05,94.45,102.55,102.875,98.825,100.175,95.475
2025-05-14T19:50:15.065012+02:00,102.075,96.3,97.975,94.35,,102.05,94.45,102.55,102.875,98.825,100.175,95.475
2025-05-15T09:16:44.115679+02:00,102.075,96.3,97.975,94.7,,102.05,94.475,102.55,102.875,98.825,100.175,95.525
2025-05-15T09:38:31.461714+02:00,102.075,96.3,97.99,94.7,,102.05,94.45,102.55,103.23,98.84,100.175,95.525
2025-05-15T09:49:58.692540+02:00,102.075,96.3,97.975,94.7,,102.05,94.45,102.55,102.875,98.825,100.175,95.5
2025-05-15T10:22:57.685579+02:00,102.075,96.325,98.0,94.7,,102.05,94.475,102.55,102.875,98.85,100.2,95.525
2025-05-15T10:47:15.267297+02:00,102.075,96.35,98.025,94.7,,102.05,94.475,102.55,103.23,98.875,100.225,95.55
2025-05-15T11:18:15.360836+02:00,102.075,96.325,98.0,94.7,,102.05,94.475,102.55,103.23,98.85,100.2,95.525
2025-05-15T11:40:55.401148+02:00,102.075,96.325,98.0,94.7,,102.05,94.5,102.55,103.23,98.85,100.2,95.55
2025-05-15T11:50:01.690914+02:00,102.075,96.325,98.0,94.7,,102.05,94.475,102.55,103.23,98.85,100.2,95.525
2025-05-15T12:18:48.943107+02:00,102.075,96.35,98.025,94.7,,102.05,94.5,102.55,103.23,98.875,100.225,95.55
2025-05-15T12:45:12.958496+02:00,102.075,96.325,98.0,94.7,,102.05,94.5,102.55,103.23,98.85,100.2,95.525
2025-05-15T12:54:50.689934+02:00,102.075,96.325,98.0,94.7,,102.05,94.5,102.55,103.23,98.85,100.2,95.525
2025-05-15T13:14:23.084380+02:00,102.075,96.375,98.05,94.7,,102.05,94.55,102.55,103.23,98.9,100.25,95.6
2025-05-15T13:29:02.477831+02:00,102.075,96.375,98.05,94.7,,102.05,94.575,102.55,103.23,98.9,100.25,95.625
2025-05-15T13:40:49.689225+02:00,102.075,96.35,98.04,94.7,,102.05,94.575,102.55,103.23,98.89,100.225,95.575
2025-05-15T13:50:09.280015+02:00,102.075,96.35,98.04,94.7,,102.05,94.575,102.55,103.23,98.89,100.225,95.575
2025-05-15T14:34:28.098502+02:00,102.075,96.325,98.02,94.7,,102.05,94.575,102.55,103.23,98.87,100.2,95.55
2025-05-15T15:17:24.357200+02:00,102.075,96.425,98.1,94.7,,102.05,,102.55,102.875,98.95,100.3,95.675
2025-05-15T15:45:56.836527+02:00,102.075,96.4,98.11,94.7,,102.05,,102.55,103.23,98.96,100.275,95.675
2025-05-15T16:17:36.818538+02:00,102.075,96.4,98.075,94.7,,102.05,94.65,102.55,103.23,98.925,100.275,95.625
2025-05-15T16:43:05.229223+02:00,102.075,96.425,98.11,94.7,,102.05,,102.55,103.23,98.96,100.3,95.675
2025-05-15T16:52:31.222778+02:00,102.075,96.425,98.1,94.7,,102.05,94.675,102.55,102.875,98.95,100.3,95.675
2025-05-15T17:16:42.023306+02:00,102.075,96.45,98.125,94.7,,102.05,94.725,102.55,102.875,98.975,100.325,95.7
2025-05-15T17:41:08.456211+02:00,102.075,96.45,98.125,94.7,,102.05,94.725,102.55,102.875,98.975,100.325,95.7
2025-05-15T17:50:48.186238+02:00,102.075,96.45,98.125,94.7,,102.05,94.725,102.55,102.875,98.975,100.325,95.7
2025-05-15T18:21:01.658529+02:00,102.075,96.45,98.125,94.575,,102.05,94.725,102.55,102.875,98.975,100.325,95.7
2025-05-15T18:47:45.573299+02:00,102.075,96.45,98.125,94.575,,102.05,94.725,102.55,102.875,98.975,100.325,95.7
2025-05-15T19:15:01.818070+02:00,102.075,96.45,98.125,94.575,,102.05,94.725,102.55,102.875,98.975,100.325,95.7
2025-05-15T19:32:50.344387+02:00,102.075,96.45,98.125,94.575,,102.05,94.725,102.55,102.875,98.975,100.325,95.7
2025-05-15T19:49:52.869488+02:00,102.075,96.45,98.125,94.575,,102.05,94.725,102.55,102.875,98.975,100.325,95.7
2025-05-16T09:16:45.427151+02:00,102.075,96.675,98.35,94.825,,102.05,94.925,102.55,103.23,99.2,100.55,95.95
2025-05-16T09:38:30.759405+02:00,102.075,96.625,98.3,94.775,,102.05,94.9,102.55,103.23,99.15,100.5,95.9
2025-05-16T09:49:52.893988+02:00,102.075,96.575,98.26,94.75,,102.05,94.875,102.55,103.23,99.11,100.45,95.875
2025-05-16T10:22:16.386635+02:00,102.075,96.6,98.28,94.75,,102.05,94.875,102.55,103.23,99.13,100.475,95.875
2025-05-16T10:47:10.312841+02:00,102.075,96.575,98.28,94.725,,102.05,94.85,102.55,103.23,99.13,100.45,95.85
2025-05-16T11:17:48.912669+02:00,102.075,96.625,98.3,94.85,,102.05,94.9,102.55,103.23,99.15,100.475,95.95
2025-05-16T11:40:50.683095+02:00,102.075,96.675,98.35,94.925,,102.05,94.95,102.55,103.23,99.2,100.525,96.025
2025-05-16T11:50:07.064990+02:00,102.075,96.675,98.35,94.925,,102.05,94.95,102.55,103.23,99.2,100.525,96.025
2025-05-16T12:18:05.063671+02:00,102.075,96.675,98.35,94.95,,102.05,94.975,102.55,103.23,99.2,100.55,96.05
2025-05-16T12:44:08.206067+02:00,102.075,96.675,98.35,94.925,,102.05,94.95,102.55,102.875,99.2,100.55,96.025
2025-05-16T12:53:41.009869+02:00,102.075,96.65,98.325,94.875,,102.05,94.925,102.55,103.23,99.175,100.525,95.975
2025-05-16T13:14:16.653079+02:00,102.075,96.65,98.325,94.9,,102.05,94.925,102.55,103.23,99.175,100.525,96.0
2025-05-16T13:28:55.274443+02:00,102.075,96.675,98.35,94.925,,102.05,94.95,102.55,103.23,99.2,100.55,96.025
2025-05-16T13:40:15.775997+02:00,102.075,96.675,98.35,94.925,,102.05,94.975,102.55,103.23,99.2,100.55,96.025
2025-05-16T13:50:06.360602+02:00,102.075,96.65,98.325,94.9,,102.05,94.925,102.55,103.23,99.175,100.525,96.0
2025-05-16T14:34:23.111786+02:00,102.075,96.65,98.325,94.9,,102.05,94.925,102.55,103.23,99.175,100.525,96.0
2025-05-16T15:18:18.070747+02:00,102.075,96.65,98.33,94.9,,102.05,94.925,102.55,103.23,99.18,100.525,96.0
2025-05-16T15:45:22.356813+02:00,102.075,96.625,98.31,94.825,,102.05,94.9,102.55,103.23,99.16,100.5,95.925
2025-05-16T15:54:35.670173+02:00,102.075,96.625,98.31,94.825,,102.05,94.9,102.55,103.23,99.16,100.5,95.925
2025-05-16T16:16:13.236415+02:00,102.075,96.6,98.28,94.775,,102.05,94.85,102.55,103.23,99.13,100.475,95.875
2025-05-16T16:43:11.408533+02:00,102.075,96.6,98.275,94.775,,102.05,94.875,102.55,102.875,99.125,100.475,95.875
2025-05-16T16:52:34.110269+02:00,102.075,96.6,98.275,94.775,,102.05,94.85,102.55,102.875,99.125,100.475,95.875
2025-05-16T17:15:44.161097+02:00,102.075,96.575,98.25,94.75,,102.05,94.825,102.55,102.875,99.1,100.45,95.85
2025-05-16T17:39:55.694293+02:00,102.075,96.575,98.25,94.75,,102.05,94.825,102.55,102.875,99.1,100.45,95.85
2025-05-16T17:50:38.796020+02:00,102.075,96.575,98.25,94.75,,102.05,94.825,102.55,102.875,99.1,100.45,95.85
2025-05-16T18:20:32.461770+02:00,102.075,96.575,98.25,94.75,,102.05,94.825,102.55,102.875,99.1,100.45,95.85
2025-05-16T18:47:04.469747+02:00,102.075,96.575,98.25,94.75,,102.05,94.825,102.55,102.875,99.1,100.45,95.85
2025-05-16T19:13:38.656728+02:00,102.075,96.575,98.25,94.75,,102.05,94.825,102.55,102.875,99.1,100.45,95.85
2025-05-16T19:31:52.635162+02:00,102.075,96.575,98.25,94.75,,102.05,94.825,102.55,102.875,99.1,100.45,95.85
2025-05-16T19:49:56.868146+02:00,102.075,96.575,98.25,94.75,,102.05,94.825,102.55,102.875,99.1,100.45,95.85
2025-05-19T09:17:13.440868+02:00,102.075,96.525,98.2,94.7,,102.05,94.775,102.55,103.23,99.05,100.4,95.775
2025-05-19T09:38:57.154274+02:00,102.075,96.475,98.15,94.7,,102.05,94.75,102.55,103.23,99.0,100.35,95.725
2025-05-19T09:49:48.753016+02:00,102.075,96.475,98.15,94.7,,102.05,94.725,102.55,103.23,99.0,100.35,95.7
2025-05-19T10:24:53.553017+02:00,102.075,96.4,98.075,94.7,,102.05,94.625,102.55,103.23,98.925,100.275,95.625
2025-05-19T10:49:02.134306+02:00,102.075,96.375,98.05,94.7,,102.05,94.6,102.55,103.23,98.9,100.25,95.575
2025-05-19T11:19:19.540905+02:00,102.075,96.375,98.05,94.7,,102.05,94.575,102.55,103.23,98.9,100.25,95.575
2025-05-19T11:42:20.339092+02:00,102.075,96.325,98.0,94.7,,102.05,94.525,102.55,103.23,98.85,100.2,95.525
2025-05-19T11:51:40.696547+02:00,102.075,96.375,98.05,94.7,,102.05,94.55,102.55,103.23,98.9,100.25,95.575
2025-05-19T12:19:09.060300+02:00,102.075,96.425,98.1,94.7,,102.05,94.575,102.55,103.23,98.95,100.3,95.625
2025-05-19T12:45:41.976028+02:00,102.075,96.4,98.075,94.7,,102.05,94.575,102.55,103.23,98.925,100.275,95.6
2025-05-19T13:14:47.153993+02:00,102.075,96.4,98.075,94.7,,102.05,94.575,102.55,103.23,98.925,100.275,95.6
2025-05-19T13:29:21.562322+02:00,102.075,96.425,98.1,94.7,,102.05,94.6,102.55,103.23,98.95,100.3,95.625
2025-05-19T13:41:01.743006+02:00,102.075,96.4,98.075,94.7,,102.05,94.575,102.55,103.23,98.925,100.275,95.625
2025-05-19T13:50:15.236237+02:00,102.075,96.4,98.075,94.7,,102.05,94.575,102.55,103.23,98.925,100.275,95.625
2025-05-19T14:35:50.841494+02:00,102.075,96.475,98.15,94.7,,102.05,94.65,102.55,103.23,99.0,100.35,95.7
2025-05-19T15:20:18.284485+02:00,102.075,96.525,98.2,94.7,,102.05,,102.55,103.23,99.05,100.4,95.75
2025-05-19T15:48:03.742663+02:00,102.075,96.575,98.25,94.725,,102.05,94.75,102.55,103.23,99.1,100.45,95.825
2025-05-19T16:17:19.858790+02:00,102.075,96.575,98.25,94.725,,102.05,94.75,102.55,103.23,99.1,100.45,95.825
2025-05-19T16:44:14.264426+02:00,102.075,96.625,98.3,94.775,,102.05,94.8,102.55,103.23,99.15,100.5,95.875
2025-05-19T16:54:02.849059+02:00,102.075,96.65,98.325,94.825,,102.05,94.85,102.55,103.23,99.175,100.525,95.925
2025-05-19T17:18:40.988053+02:00,102.075,96.7,98.375,94.875,,102.05,,102.55,102.875,99.225,100.575,95.975
2025-05-19T17:41:46.367948+02:00,102.075,96.7,98.375,94.875,,102.05,,102.55,102.875,99.225,100.575,95.975
2025-05-19T17:51:31.183208+02:00,102.075,96.7,98.375,94.875,,102.05,,102.55,102.875,99.225,100.575,95.975
2025-05-19T18:21:16.696670+02:00,102.075,96.7,98.375,94.875,,102.05,,102.55,102.875,99.225,100.575,95.975
2025-05-19T18:47:41.219463+02:00,102.075,96.7,98.375,94.875,,102.05,,102.55,102.875,99.225,100.575,95.975
2025-05-19T19:15:09.969366+02:00,102.075,96.7,98.375,94.875,,102.05,,102.55,102.875,99.225,100.575,95.975
2025-05-19T19:33:36.605302+02:00,102.075,96.7,98.375,94.875,,102.05,,102.55,102.875,99.225,100.575,95.975
2025-05-19T19:49:49.179977+02:00,102.075,96.7,98.375,94.875,,102.05,,102.55,102.875,99.225,100.575,95.975
2025-05-20T09:16:57.944446+02:00,102.075,96.7,98.375,94.825,,102.4,94.8,102.55,103.23,99.225,100.575,95.925
2025-05-20T09:39:05.999882+02:00,102.075,96.75,98.425,94.875,,102.4,94.85,102.55,103.23,99.275,100.625,95.975
2025-05-20T09:49:45.851085+02:00,102.075,96.8,98.475,94.9,,102.4,94.85,102.55,103.23,99.325,100.675,96.0
2025-05-20T10:23:44.119088+02:00,102.075,96.8,98.475,94.9,,102.4,94.85,102.55,102.875,99.325,100.675,96.0
2025-05-20T10:48:38.528824+02:00,102.075,96.75,98.425,94.85,,102.4,94.8,102.55,103.23,99.275,100.625,95.95
2025-05-20T11:18:25.815908+02:00,102.075,96.75,98.425,94.85,,102.4,94.8,102.55,103.23,99.275,100.625,95.95
2025-05-20T11:41:39.894983+02:00,102.075,96.725,98.4,94.8,,102.4,94.75,102.55,102.875,99.25,100.6,95.9
2025-05-20T11:51:13.456143+02:00,102.075,96.725,98.4,94.8,,102.4,94.75,102.55,102.875,99.25,100.6,95.9
2025-05-20T12:19:04.366508+02:00,102.075,96.7,98.375,94.8,,102.4,94.725,102.55,103.26,99.225,100.575,95.9
2025-05-20T12:44:56.543559+02:00,102.075,96.7,98.375,94.8,,102.4,94.725,102.55,103.26,99.225,100.575,95.9
2025-05-20T12:54:29.839420+02:00,102.075,96.7,98.375,94.8,,102.4,94.725,102.55,103.26,99.225,100.575,95.9
2025-05-20T13:14:43.400690+02:00,102.075,96.7,98.375,94.775,,102.4,94.7,102.55,103.26,99.225,100.575,95.875
2025-05-20T13:29:39.264282+02:00,102.075,96.675,98.35,94.75,,102.4,94.7,102.55,103.26,99.2,100.55,95.85
2025-05-20T13:41:37.569336+02:00,102.075,96.675,98.35,94.8,,102.4,94.675,102.55,102.875,99.2,100.55,95.9
2025-05-20T13:50:57.104620+02:00,102.075,96.65,98.325,94.775,,102.4,94.65,102.55,103.26,99.175,100.525,95.875
2025-05-20T14:35:56.789719+02:00,102.075,96.675,98.35,94.775,,102.4,94.65,102.55,103.26,99.2,100.5,95.875
2025-05-20T15:20:42.738907+02:00,102.075,96.625,98.3,94.775,,102.4,94.675,102.55,103.26,99.15,100.45,95.875
2025-05-20T15:48:14.843613+02:00,102.075,96.575,98.25,94.7,,102.4,94.625,102.55,103.26,99.1,100.4,95.8
2025-05-20T16:17:04.198123+02:00,102.075,96.55,98.225,94.7,,102.4,94.65,102.55,103.26,99.075,100.375,95.8
2025-05-20T16:44:29.247738+02:00,102.075,96.575,98.25,94.725,,102.4,94.675,102.55,103.26,99.1,100.4,95.825
2025-05-20T16:54:31.081500+02:00,102.075,96.55,98.225,94.7,,102.4,94.625,102.55,103.26,99.075,100.375,95.8
2025-05-20T17:18:40.572142+02:00,102.075,96.6,98.275,94.75,,102.4,94.675,102.55,103.26,99.125,100.425,95.85
2025-05-20T17:42:41.113410+02:00,102.075,96.6,98.275,94.75,,102.4,94.675,102.55,103.26,99.125,100.425,95.85
2025-05-20T17:52:38.332295+02:00,102.075,96.6,98.275,94.75,,102.4,94.675,102.55,103.26,99.125,100.425,95.85
2025-05-20T18:21:27.096560+02:00,102.075,96.6,98.275,94.75,,102.4,94.675,102.55,102.875,99.125,100.425,95.85
2025-05-20T18:47:36.962311+02:00,102.075,96.6,98.275,94.75,,102.4,94.675,102.55,102.875,99.125,100.425,95.85
2025-05-20T19:14:58.718260+02:00,102.075,96.6,98.275,94.75,,102.4,94.675,102.55,102.875,99.125,100.425,95.85
2025-05-20T19:33:48.615160+02:00,102.075,96.6,98.275,94.75,,102.4,94.675,102.55,102.875,99.125,100.425,95.85
2025-05-20T19:50:00.643989+02:00,102.075,96.6,98.275,94.75,,102.4,94.675,102.55,102.875,99.125,100.425,95.85
2025-05-21T09:16:33.900930+02:00,102.075,96.5,98.175,94.7,,102.4,94.575,102.55,103.26,99.025,100.325,95.725
2025-05-21T09:39:04.488671+02:00,102.075,96.5,98.175,94.7,,102.4,94.575,102.55,103.26,99.025,100.325,95.725
2025-05-21T09:49:54.033844+02:00,102.075,96.45,98.125,94.7,,102.4,94.525,102.55,103.26,98.975,100.275,95.675
2025-05-21T10:22:31.310550+02:00,102.075,96.375,98.05,94.7,,102.4,94.45,102.55,103.26,98.9,100.2,95.575
2025-05-21T10:47:34.251238+02:00,102.075,96.375,98.05,94.7,,102.4,94.425,102.55,103.261,98.9,100.2,95.575
2025-05-21T11:18:55.971055+02:00,102.075,96.3,97.975,94.7,,102.4,94.35,102.55,103.261,98.825,100.125,95.475
2025-05-21T11:41:43.524688+02:00,102.075,96.275,97.95,94.7,,102.4,94.325,102.55,103.261,98.8,100.1,95.45
2025-05-21T11:51:03.877375+02:00,102.075,96.325,98.0,94.7,,102.4,94.35,102.55,103.261,98.85,100.15,95.5
2025-05-21T12:18:17.194413+02:00,102.075,96.325,98.0,94.7,,102.4,94.35,102.55,103.261,98.85,100.15,95.5
2025-05-21T12:44:49.788395+02:00,102.075,96.35,98.025,94.7,,102.4,94.4,102.55,103.261,98.875,100.175,95.525
2025-05-21T12:54:08.227741+02:00,102.075,96.325,98.0,94.7,,102.4,94.375,102.55,103.26,98.85,100.15,95.525
2025-05-21T13:14:33.619337+02:00,102.075,96.35,98.025,94.7,,102.4,94.375,102.55,103.26,98.875,100.15,95.525
2025-05-21T13:29:03.140508+02:00,102.075,96.35,98.025,94.7,,102.4,94.4,102.55,103.26,98.875,100.175,95.525
2025-05-21T13:40:45.957551+02:00,102.075,96.3,97.975,94.7,,102.4,94.425,102.55,103.261,98.825,100.125,95.55
2025-05-21T13:50:00.559795+02:00,102.075,96.225,97.92,94.7,,102.4,94.45,102.55,103.26,98.78,100.05,95.45
2025-05-21T14:34:50.119711+02:00,102.075,96.15,97.825,94.7,,102.4,94.425,102.55,103.26,98.68,99.975,95.45
2025-05-21T15:19:39.603246+02:00,102.075,96.15,97.825,94.7,,102.4,94.425,102.55,103.26,98.675,99.975,95.45
2025-05-21T15:47:03.527450+02:00,102.075,96.2,97.875,94.7,,102.4,94.425,102.55,103.26,98.725,100.025,95.45
2025-05-21T16:17:40.507562+02:00,102.075,96.225,97.9,94.7,,102.4,94.45,102.55,103.26,98.75,100.05,95.475
2025-05-21T16:44:18.664463+02:00,102.075,96.25,97.925,94.7,,102.4,94.425,102.55,103.26,98.775,100.075,95.5
2025-05-21T16:54:05.284842+02:00,102.075,96.25,97.925,94.7,,102.4,94.425,102.55,103.26,98.775,100.075,95.525
2025-05-21T17:18:57.924470+02:00,102.075,96.25,97.925,94.7,,102.4,94.425,102.55,103.261,98.775,100.075,95.5
2025-05-21T17:42:37.581139+02:00,102.075,96.25,97.925,94.7,,102.4,94.425,102.55,103.261,98.775,100.075,95.5
2025-05-21T17:52:46.600843+02:00,102.075,96.25,97.925,94.7,,102.4,94.425,102.55,103.261,98.775,100.075,95.5
2025-05-21T18:21:44.494443+02:00,102.075,96.25,97.925,94.4,,102.4,94.425,102.55,103.261,98.775,100.075,95.5
2025-05-21T18:48:38.488836+02:00,102.075,96.25,97.925,94.4,,102.4,94.425,102.55,103.261,98.775,100.075,95.5
2025-05-21T19:14:31.693962+02:00,102.075,96.25,97.925,94.4,,102.4,94.425,102.55,103.261,98.775,100.075,95.5
2025-05-21T19:33:08.487397+02:00,102.075,96.25,97.925,94.4,,102.4,94.425,102.55,103.261,98.775,100.075,95.5
2025-05-21T19:49:48.486735+02:00,102.075,96.25,97.925,94.4,,102.4,94.425,102.55,103.261,98.775,100.075,95.5
2025-05-22T09:16:46.794327+02:00,102.075,96.15,97.825,94.7,,102.4,94.35,102.55,103.26,98.675,99.975,95.275
2025-05-22T09:38:23.443873+02:00,102.075,96.1,97.775,94.7,,102.4,94.3,102.55,103.26,98.625,99.925,95.225
2025-05-22T09:49:55.279899+02:00,102.075,96.125,97.8,94.7,,102.4,94.325,102.55,103.26,98.65,99.95,95.25
2025-05-22T10:22:27.937396+02:00,102.075,96.125,97.8,94.7,,102.4,94.275,102.55,103.23,98.65,99.95,95.2
2025-05-22T10:47:29.204252+02:00,102.075,96.125,97.8,94.7,,102.4,94.275,102.55,103.23,98.65,99.95,95.2
2025-05-22T11:18:17.703561+02:00,102.075,96.15,97.825,94.7,,102.4,94.3,102.55,103.16,98.675,99.975,95.25
2025-05-22T11:41:32.724241+02:00,102.075,96.175,97.85,94.7,,102.4,94.325,102.55,103.16,98.7,100.0,95.275
2025-05-22T11:50:46.944960+02:00,102.075,96.15,97.825,94.7,,102.4,94.3,102.55,103.16,98.675,99.975,95.25
2025-05-22T12:18:25.008474+02:00,102.075,96.175,97.85,94.7,,102.4,94.35,102.55,103.16,98.7,100.0,95.3
2025-05-22T12:44:46.539753+02:00,102.075,96.175,97.85,94.7,,102.4,94.35,102.55,103.16,98.7,100.0,95.3
2025-05-22T12:54:17.040939+02:00,102.075,96.175,97.85,94.7,,102.4,94.35,102.55,103.16,98.7,100.0,95.275
2025-05-22T13:14:58.279015+02:00,102.075,96.15,97.825,94.7,,102.4,94.325,102.55,103.16,98.675,99.975,95.25
2025-05-22T13:29:27.240728+02:00,102.075,96.125,97.8,94.7,,102.4,94.275,102.55,103.16,98.65,99.95,95.2
2025-05-22T13:40:51.352293+02:00,102.075,96.125,97.8,94.7,,102.4,94.3,102.55,103.16,98.65,99.95,95.225
2025-05-22T13:49:50.907054+02:00,102.075,96.075,97.75,94.7,,102.4,94.25,102.55,103.16,98.6,99.9,95.175
2025-05-22T14:35:18.988196+02:00,102.075,96.05,97.725,94.025,,102.4,94.2,102.55,103.16,98.575,99.875,95.125
2025-05-22T15:19:46.759387+02:00,102.075,96.125,97.8,94.1,,102.4,94.275,102.55,103.16,98.65,99.95,95.2
2025-05-22T15:47:42.681903+02:00,102.075,96.1,97.775,94.1,,102.4,94.275,102.55,103.16,98.625,99.925,95.2
2025-05-22T16:16:54.878790+02:00,102.075,96.1,97.775,94.15,,102.4,94.275,102.55,103.16,98.625,99.925,95.25
2025-05-22T16:44:13.496778+02:00,102.075,96.1,97.775,94.125,,102.4,94.25,102.55,103.16,98.625,99.925,95.225
2025-05-22T16:54:28.707963+02:00,102.075,96.075,97.75,94.1,,102.4,94.225,102.55,103.16,98.6,99.9,95.2
2025-05-22T17:18:14.568054+02:00,102.075,96.125,97.8,94.175,,102.4,94.275,102.55,103.261,98.65,99.95,95.275
2025-05-22T17:41:52.359427+02:00,102.075,96.125,97.8,94.175,,102.4,94.275,102.55,103.261,98.65,99.95,95.275
2025-05-22T17:51:44.688738+02:00,102.075,96.125,97.8,94.175,,102.4,94.275,102.55,103.261,98.65,99.95,95.275
2025-05-22T18:21:30.051694+02:00,102.075,96.125,97.8,94.175,,102.4,94.275,102.55,103.261,98.65,99.95,95.275
2025-05-22T18:47:35.724901+02:00,102.075,96.125,97.8,94.175,,102.4,94.275,102.55,103.261,98.65,99.95,95.275
2025-05-22T19:15:10.438671+02:00,102.075,96.125,97.8,94.175,,102.4,94.275,102.55,103.261,98.65,99.95,95.275
2025-05-22T19:33:31.224333+02:00,102.075,96.125,97.8,94.175,,102.4,94.275,102.55,103.261,98.65,99.95,95.275
2025-05-22T19:49:58.196125+02:00,102.075,96.125,97.8,94.175,,102.4,94.275,102.55,103.261,98.65,99.95,95.275
2025-05-23T09:16:47.139711+02:00,102.075,96.275,97.95,94.375,,102.4,94.45,102.55,103.14,98.8,100.1,95.475
2025-05-23T09:38:46.819426+02:00,102.075,96.25,97.925,94.35,,102.4,94.425,102.55,103.14,98.775,100.075,95.45
2025-05-23T09:49:51.435052+02:00,102.075,96.25,97.925,94.35,,102.4,94.425,102.55,103.14,98.775,100.075,95.45
2025-05-23T10:22:54.406496+02:00,102.075,96.225,97.9,94.325,,102.4,94.4,102.55,103.14,98.75,100.05,95.425
2025-05-23T10:47:05.842370+02:00,102.075,96.2,97.875,94.3,,102.4,94.375,102.55,103.14,98.725,100.025,95.4
2025-05-23T11:18:14.584495+02:00,102.075,96.225,97.9,94.3,,102.4,94.375,102.55,103.14,98.75,100.05,95.4
2025-05-23T11:41:18.624954+02:00,102.075,96.2,97.875,94.275,,102.4,94.35,102.55,103.14,98.725,100.025,95.375
2025-05-23T11:50:20.523218+02:00,102.075,96.2,97.875,94.275,,102.4,94.375,102.55,103.14,98.725,100.025,95.375
2025-05-23T12:18:08.218870+02:00,102.075,96.2,97.875,94.275,,102.4,94.375,102.55,103.14,98.725,100.025,95.375
2025-05-23T12:44:15.436839+02:00,102.075,96.175,97.85,94.225,,102.4,94.325,102.55,103.14,98.7,100.0,95.325
2025-05-23T12:53:34.673485+02:00,102.075,96.15,97.825,94.225,,102.4,94.325,102.55,103.14,98.675,99.975,95.325
2025-05-23T13:14:08.971780+02:00,102.075,96.15,97.825,94.225,,102.4,94.325,102.55,103.14,98.675,99.975,95.325
2025-05-23T13:28:31.939078+02:00,102.075,96.175,97.85,94.25,,102.4,94.35,102.55,103.14,98.7,100.0,95.35
2025-05-23T13:40:03.777413+02:00,102.075,96.225,97.9,94.3,,102.4,94.4,102.55,103.14,98.75,100.05,95.4
2025-05-23T13:49:56.193872+02:00,102.075,96.425,98.1,94.525,,102.4,94.6,102.55,103.14,98.925,100.225,95.6
2025-05-23T14:33:41.035383+02:00,102.075,96.3,97.975,94.4,,102.4,94.55,102.55,103.14,98.83,100.125,95.5
2025-05-23T15:17:45.817239+02:00,102.075,96.375,98.05,94.5,,102.4,94.65,102.55,103.14,98.9,100.2,95.6
2025-05-23T15:45:03.108653+02:00,102.075,96.325,98.0,94.425,,102.4,94.6,102.55,103.14,98.85,100.15,95.525
2025-05-23T15:54:23.307616+02:00,102.075,96.325,98.0,94.425,,102.4,94.6,102.55,103.14,98.85,100.15,95.525
2025-05-23T16:16:21.163763+02:00,102.075,96.25,97.925,94.35,,102.4,94.5,102.55,103.14,98.775,100.075,95.45
2025-05-23T16:42:49.803600+02:00,102.075,96.275,97.95,94.35,,102.4,94.525,102.55,103.14,98.8,100.1,95.45
2025-05-23T16:52:09.786113+02:00,102.075,96.25,97.925,94.325,,102.4,94.5,102.55,103.14,98.775,100.075,95.425
2025-05-23T17:17:29.975850+02:00,102.075,96.25,97.925,94.35,,102.4,94.525,102.55,103.14,98.78,100.075,95.45
2025-05-23T17:39:34.940726+02:00,102.075,96.25,97.925,94.35,,102.4,94.525,102.55,103.14,98.78,100.075,95.45
2025-05-23T17:50:08.940102+02:00,102.075,96.25,97.925,94.35,,102.4,94.525,102.55,103.14,98.78,100.075,95.45
2025-05-23T18:20:16.074924+02:00,102.075,96.25,97.925,94.35,,102.4,94.525,102.55,103.16,98.775,100.075,95.45
2025-05-23T18:45:58.667015+02:00,102.075,96.25,97.925,94.35,,102.4,94.525,102.55,103.16,98.775,100.075,95.45
2025-05-23T19:15:10.869070+02:00,102.075,96.25,97.925,94.35,,102.4,94.525,102.55,103.16,98.775,100.075,95.45
2025-05-23T19:33:36.798968+02:00,102.075,96.25,97.925,94.35,,102.4,94.525,102.55,103.16,98.775,100.075,95.45
2025-05-23T19:49:52.634520+02:00,102.075,96.25,97.925,94.35,,102.4,94.525,102.55,103.16,98.775,100.075,95.45
2025-05-26T09:21:47.282802+02:00,102.075,96.2,97.875,94.275,,102.4,94.45,102.55,103.16,98.725,100.025,95.375
2025-05-26T09:51:37.285085+02:00,102.075,96.175,97.85,94.25,,102.4,94.425,102.55,103.16,98.7,100.0,95.35
2025-05-26T10:33:39.705125+02:00,102.075,96.15,97.825,94.2,,102.4,94.375,102.55,103.16,98.675,99.975,95.3
2025-05-26T11:34:31.768506+02:00,102.075,96.225,97.9,94.275,,102.4,94.45,102.55,103.16,98.75,100.05,95.375
2025-05-26T12:03:39.573472+02:00,102.075,96.25,97.925,94.3,,102.4,94.45,102.55,103.14,98.775,100.075,95.4
2025-05-26T12:39:58.971047+02:00,102.075,96.25,97.925,94.3,,102.4,94.45,102.55,103.14,98.775,100.075,95.4
2025-05-26T12:53:38.740829+02:00,102.075,96.25,97.925,94.3,,102.4,94.45,102.55,103.14,98.775,100.075,95.4
2025-05-26T13:13:27.577932+02:00,102.075,96.25,97.925,94.3,,102.4,94.45,102.55,103.14,98.775,100.075,95.4
2025-05-26T13:27:33.992717+02:00,102.075,96.275,97.95,94.3,,102.4,94.45,102.55,103.14,98.8,100.1,95.4
2025-05-26T13:38:47.760849+02:00,102.075,96.25,97.925,94.275,,102.4,94.45,102.55,103.14,98.775,100.075,95.375
2025-05-26T13:49:55.886956+02:00,102.075,96.25,97.925,94.275,,102.4,94.45,102.55,103.14,98.775,100.075,95.375
2025-05-26T14:33:29.382206+02:00,102.075,96.3,97.975,94.325,,102.4,94.475,102.55,103.14,98.825,100.125,95.425
2025-05-26T15:17:04.044570+02:00,102.075,96.325,98.0,94.25,,102.4,94.525,102.55,103.14,98.85,100.15,95.35
2025-05-26T15:46:04.688300+02:00,102.075,96.325,98.0,94.225,,102.4,94.525,102.55,103.14,98.85,100.15,95.325
2025-05-26T16:17:00.808169+02:00,102.075,96.375,98.05,94.275,,102.4,94.55,102.55,103.14,98.9,100.2,95.375
2025-05-26T16:42:58.445162+02:00,102.075,96.4,98.075,94.325,,102.4,94.575,102.55,103.14,98.925,100.225,95.425
2025-05-26T16:52:16.973447+02:00,102.075,96.425,98.1,94.325,,102.4,94.6,102.55,103.14,98.95,100.25,95.425
2025-05-26T17:17:37.893957+02:00,102.075,96.425,98.1,94.325,,102.4,94.6,102.55,103.16,98.95,100.25,95.425
2025-05-26T17:40:49.215657+02:00,102.075,96.425,98.1,94.325,,102.4,94.6,102.55,103.16,98.95,100.25,95.425
2025-05-26T17:50:21.349820+02:00,102.075,96.425,98.1,94.325,,102.4,94.6,102.55,103.16,98.95,100.25,95.425
2025-05-26T18:20:05.656350+02:00,102.075,96.425,98.1,94.325,,102.4,94.6,102.55,103.16,98.95,100.25,95.425
2025-05-26T18:46:39.387550+02:00,102.075,96.425,98.1,94.325,,102.4,94.6,102.55,103.16,98.95,100.25,95.425
2025-05-26T19:14:25.548770+02:00,102.075,96.425,98.1,94.325,,102.4,94.6,102.55,103.16,98.95,100.25,95.425
2025-05-26T19:32:59.508314+02:00,102.075,96.425,98.1,94.325,,102.4,94.6,102.55,103.16,98.95,100.25,95.425
2025-05-26T19:49:44.212374+02:00,102.075,96.425,98.1,94.325,,102.4,94.6,102.55,103.16,98.95,100.25,95.425
2025-05-27T09:17:05.453565+02:00,102.075,96.6,98.275,94.55,,102.4,94.775,102.55,103.14,99.125,100.425,95.65
2025-05-27T09:38:59.197143+02:00,102.075,96.55,98.225,94.475,,102.4,94.8,102.55,103.14,99.075,100.375,95.575
2025-05-27T09:49:49.439606+02:00,102.075,96.55,98.225,94.5,,102.4,94.825,102.55,103.14,99.08,100.375,95.6
2025-05-27T10:22:53.545229+02:00,102.075,96.625,98.3,94.525,,102.4,94.85,102.55,103.14,99.15,100.45,95.625
2025-05-27T10:47:31.272070+02:00,102.075,96.6,98.275,94.5,,102.4,94.825,102.55,103.14,99.125,100.425,95.6
2025-05-27T11:17:50.689623+02:00,102.075,96.6,98.275,94.475,,102.4,94.8,102.55,103.14,99.125,100.425,95.575
2025-05-27T11:41:24.071856+02:00,102.075,96.575,98.25,94.45,,102.4,94.775,102.55,103.14,99.1,100.4,95.55
2025-05-27T11:50:43.063246+02:00,102.075,96.55,98.225,94.45,,102.4,94.75,102.55,103.14,99.075,100.375,95.55
2025-05-27T12:19:02.491076+02:00,102.075,96.575,98.25,94.475,,102.4,94.75,102.55,103.14,99.1,100.4,95.575
2025-05-27T12:45:10.075648+02:00,102.075,96.55,98.225,94.45,,102.4,94.75,102.55,103.14,99.075,100.375,95.55
2025-05-27T12:54:35.809475+02:00,102.075,96.55,98.225,94.45,,102.4,94.75,102.55,103.14,99.075,100.375,95.55
2025-05-27T13:14:36.523230+02:00,102.075,96.55,98.225,94.425,,102.4,94.75,102.55,103.14,99.075,100.375,95.525
2025-05-27T13:29:48.990061+02:00,102.075,96.525,98.2,94.4,,102.4,94.725,102.55,103.14,99.05,100.35,95.5
2025-05-27T13:41:47.953623+02:00,102.075,96.5,98.175,94.375,,102.4,94.675,102.55,103.14,99.025,100.325,95.475
2025-05-27T13:51:19.412876+02:00,102.075,96.5,98.175,94.4,,102.4,94.7,102.55,103.14,99.025,100.325,95.5
2025-05-27T14:35:31.674047+02:00,102.075,96.525,98.2,94.425,,102.4,94.725,102.55,103.14,99.05,100.35,95.525
2025-05-27T15:20:33.002032+02:00,102.075,96.5,98.175,94.4,,102.4,94.725,102.55,103.14,99.025,100.325,95.5
2025-05-27T15:48:41.892813+02:00,102.075,96.5,98.175,94.375,,102.4,94.7,102.55,103.14,99.025,100.325,95.475
2025-05-27T16:16:39.183063+02:00,102.075,96.525,98.2,94.425,,102.4,94.725,102.55,103.16,99.05,100.35,95.525
2025-05-27T16:44:20.188765+02:00,102.075,96.525,98.2,94.425,,102.4,94.75,102.55,103.16,99.05,100.35,95.525
2025-05-27T16:54:17.974901+02:00,102.075,96.475,98.15,94.375,,102.4,94.7,102.55,103.16,99.0,100.3,95.475
2025-05-27T17:18:30.638426+02:00,102.075,96.475,98.15,94.375,,102.4,94.7,102.55,103.16,99.0,100.3,95.475
2025-05-27T17:42:16.704557+02:00,102.075,96.475,98.15,94.375,,102.4,94.7,102.55,103.14,99.0,100.3,95.475
2025-05-27T17:52:15.422263+02:00,102.075,96.475,98.15,94.375,,102.4,94.7,102.55,103.14,99.0,100.3,95.475
2025-05-27T18:21:18.909708+02:00,102.075,96.475,98.15,94.375,,102.4,94.7,102.55,103.14,99.0,100.3,95.475
2025-05-27T18:48:20.124508+02:00,102.075,96.475,98.15,94.375,,102.4,94.7,102.55,103.14,99.0,100.3,95.475
2025-05-27T19:15:06.365527+02:00,102.075,96.475,98.15,94.375,,102.4,94.7,102.55,103.14,99.0,100.3,95.475
2025-05-27T19:32:49.389204+02:00,102.075,96.475,98.15,94.375,,102.4,94.7,102.55,103.14,99.0,100.3,95.475
2025-05-27T19:49:33.197095+02:00,102.075,96.475,98.15,94.375,,102.4,94.7,102.55,103.14,99.0,100.3,95.475
2025-05-28T09:16:52.274901+02:00,102.075,96.475,98.15,94.375,,102.4,94.675,102.55,103.16,99.0,100.3,95.475
2025-05-28T09:38:56.844740+02:00,102.075,96.475,98.15,94.35,,102.4,94.675,102.55,103.16,99.0,100.3,95.45
2025-05-28T09:49:52.957546+02:00,102.075,96.475,98.15,94.375,,102.4,94.675,102.55,103.16,99.0,100.3,95.475
2025-05-28T10:22:56.725272+02:00,102.075,96.5,98.175,94.4,,102.4,94.7,102.55,103.16,99.025,100.325,95.5
2025-05-28T10:48:11.706952+02:00,102.075,96.475,98.15,94.375,,102.4,94.775,102.55,103.16,99.0,100.3,95.475
2025-05-28T11:18:15.042796+02:00,102.075,96.45,98.125,94.35,,102.4,94.75,102.55,103.16,98.975,100.275,95.45
2025-05-28T11:41:59.622576+02:00,102.075,96.45,98.125,94.325,,102.4,94.75,102.55,103.16,98.975,100.275,95.425
2025-05-28T11:51:11.910776+02:00,102.075,96.425,98.1,94.3,,102.4,94.725,102.55,103.16,98.95,100.25,95.4
2025-05-28T12:19:21.346461+02:00,102.075,96.475,98.15,94.375,,102.4,94.775,102.55,103.16,99.0,100.3,95.475
2025-05-28T12:45:05.462701+02:00,102.075,96.45,98.125,94.325,,102.4,94.75,102.55,103.16,98.975,100.275,95.425
2025-05-28T12:54:43.458667+02:00,102.075,96.45,98.125,94.325,,102.4,94.75,102.55,103.16,98.975,100.275,95.425
2025-05-28T13:15:05.639575+02:00,102.075,96.475,98.15,94.375,,102.4,94.775,102.55,103.16,99.0,100.3,95.475
2025-05-28T13:29:44.165493+02:00,102.075,96.475,98.15,94.375,,102.4,94.775,102.55,103.16,99.0,100.3,95.475
2025-05-28T13:41:34.492249+02:00,102.075,96.475,98.15,94.375,,102.4,94.775,102.55,103.16,99.0,100.3,95.475
2025-05-28T13:51:02.714801+02:00,102.075,96.5,98.175,94.4,,102.4,94.8,102.55,103.16,99.025,100.325,95.5
2025-05-28T14:35:29.807305+02:00,102.075,96.525,98.2,94.425,,102.4,94.825,102.55,103.16,99.05,100.35,95.525
2025-05-28T15:20:35.426243+02:00,102.075,96.475,98.15,94.35,,102.4,94.775,102.55,103.16,99.0,100.3,95.45
2025-05-28T15:48:13.486411+02:00,102.075,96.45,98.125,94.35,,102.4,94.775,102.55,103.16,98.975,100.275,95.45
2025-05-28T16:18:10.302793+02:00,102.075,96.45,98.125,94.325,,102.4,94.75,102.55,103.16,98.975,100.275,95.425
2025-05-28T16:45:55.328560+02:00,102.075,96.45,98.125,94.325,,102.4,94.75,102.55,103.14,98.975,100.275,95.425
2025-05-28T17:17:21.174195+02:00,102.075,96.425,98.1,94.3,,102.4,94.725,102.55,103.14,98.95,100.25,95.4
2025-05-28T17:42:03.166595+02:00,102.075,96.425,98.1,94.3,,102.4,94.725,102.55,103.14,98.95,100.25,95.4
2025-05-28T17:52:10.518336+02:00,102.075,96.425,98.1,94.3,,102.4,94.725,102.55,103.14,98.95,100.25,95.4
2025-05-28T18:20:31.063386+02:00,102.075,96.425,98.1,94.3,,102.4,94.725,102.55,103.14,98.95,100.25,95.4
2025-05-28T18:47:39.272260+02:00,102.075,96.425,98.1,94.3,,102.4,94.725,102.55,103.14,98.95,100.25,95.4
2025-05-28T19:15:14.048834+02:00,102.075,96.425,98.1,94.3,,102.4,94.725,102.55,103.14,98.95,100.25,95.4
2025-05-28T19:33:56.948470+02:00,102.075,96.425,98.1,94.3,,102.4,94.725,102.55,103.14,98.95,100.25,95.4
2025-05-28T19:49:49.401412+02:00,102.075,96.425,98.1,94.3,,102.4,94.725,102.55,103.14,98.95,100.25,95.4
2025-05-29T09:16:51.472094+02:00,102.075,96.425,98.1,94.375,,102.4,94.725,102.55,103.14,98.95,100.25,95.4
2025-05-29T09:38:47.398071+02:00,102.075,96.425,98.1,94.375,,102.4,94.725,102.55,103.14,98.95,100.25,95.4
2025-05-29T09:49:51.076066+02:00,102.075,96.425,98.1,94.375,,102.4,94.725,102.55,103.14,98.95,100.25,95.4
2025-05-29T10:23:10.094384+02:00,102.075,96.425,98.1,94.375,,102.4,94.725,102.55,103.14,98.95,100.25,95.4
2025-05-29T10:47:27.971443+02:00,102.075,96.425,98.1,94.375,,102.4,94.725,102.55,103.14,98.95,100.25,95.4
2025-05-29T11:18:22.626274+02:00,102.075,96.425,98.1,94.375,,102.4,94.725,102.55,103.14,98.95,100.25,95.4
2025-05-29T11:41:19.986442+02:00,102.075,96.425,98.1,94.375,,102.4,94.725,102.55,103.14,98.95,100.25,95.4
2025-05-29T11:50:18.493065+02:00,102.075,96.425,98.1,94.375,,102.4,94.725,102.55,103.14,98.95,100.25,95.4
2025-05-29T12:18:52.527402+02:00,102.075,96.425,98.1,94.375,,102.4,94.725,102.55,103.14,98.95,100.25,95.4
2025-05-29T12:45:23.588751+02:00,102.075,96.425,98.1,94.375,,102.4,94.725,102.55,103.14,98.95,100.25,95.4
2025-05-29T12:54:57.073634+02:00,102.075,96.425,98.1,94.375,,102.4,94.725,102.55,103.14,98.95,100.25,95.4
2025-05-29T13:14:33.730166+02:00,102.075,96.425,98.1,94.375,,102.4,94.725,102.55,103.14,98.95,100.25,95.4
2025-05-29T13:29:04.122762+02:00,102.075,96.425,98.1,94.375,,102.4,94.725,102.55,103.14,98.95,100.25,95.4
2025-05-29T13:40:33.514528+02:00,102.075,96.425,98.1,94.375,,102.4,94.725,102.55,103.14,98.95,100.25,95.4
2025-05-29T13:49:58.258390+02:00,102.075,96.425,98.1,94.375,,102.4,94.725,102.55,103.14,98.95,100.25,95.4
2025-05-29T14:34:30.668591+02:00,102.075,96.425,98.1,94.375,,102.4,94.725,102.55,103.14,98.95,100.25,95.4
2025-05-29T15:18:44.094874+02:00,102.075,96.425,98.1,94.375,,102.4,94.725,102.55,103.14,98.95,100.25,95.4
2025-05-29T15:45:51.065581+02:00,102.075,96.425,98.1,94.375,,102.4,94.725,102.55,103.14,98.95,100.25,95.4
2025-05-29T16:16:35.838459+02:00,102.075,96.425,98.1,94.375,,102.4,94.725,102.55,103.14,98.95,100.25,95.4
2025-05-29T16:42:57.690600+02:00,102.075,96.425,98.1,94.375,,102.4,94.725,102.55,103.14,98.95,100.25,95.4
2025-05-29T16:53:00.823428+02:00,102.075,96.425,98.1,94.375,,102.4,94.725,102.55,103.14,98.95,100.25,95.4
2025-05-29T17:17:41.217364+02:00,102.075,96.425,98.1,94.375,,102.4,94.725,102.55,103.14,98.95,100.25,95.4
2025-05-29T17:41:26.518754+02:00,102.075,96.425,98.1,94.375,,102.4,94.725,102.55,103.14,98.95,100.25,95.4
2025-05-29T17:51:27.910457+02:00,102.075,96.425,98.1,94.375,,102.4,94.725,102.55,103.14,98.95,100.25,95.4
2025-05-29T18:21:01.723255+02:00,102.075,96.425,98.1,94.375,,102.4,94.725,102.55,103.14,98.95,100.25,95.4
2025-05-29T18:48:10.191909+02:00,102.075,96.425,98.1,94.375,,102.4,94.725,102.55,103.14,98.95,100.25,95.4
2025-05-29T19:16:08.253454+02:00,102.075,96.425,98.1,94.375,,102.4,94.725,102.55,103.14,98.95,100.25,95.4
2025-05-29T19:40:48.956128+02:00,102.075,96.425,98.1,94.375,,102.4,94.725,102.55,103.14,98.95,100.25,95.4
2025-05-29T19:50:01.399339+02:00,102.075,96.425,98.1,94.375,,102.4,94.725,102.55,103.14,98.95,100.25,95.4
2025-05-30T09:16:33.265277+02:00,102.075,96.425,98.1,94.375,,102.4,94.725,102.55,103.14,98.95,100.25,95.4
2025-05-30T09:38:05.039852+02:00,102.075,96.425,98.1,94.375,,102.4,94.725,102.55,103.14,98.95,100.25,95.4
2025-05-30T09:49:41.481909+02:00,102.075,96.425,98.1,94.375,,102.4,94.725,102.55,103.14,98.95,100.25,95.4
2025-05-30T10:22:25.106171+02:00,102.075,96.425,98.1,94.375,,102.4,94.725,102.55,103.14,98.95,100.25,95.4
2025-05-30T10:46:57.477932+02:00,102.075,96.425,98.1,94.375,,102.4,94.725,102.55,103.14,98.95,100.25,95.4
2025-05-30T11:17:51.029577+02:00,102.075,96.425,98.1,94.375,,102.4,94.725,102.55,103.14,98.95,100.25,95.4
2025-05-30T11:40:31.244847+02:00,102.075,96.425,98.1,94.375,,102.4,94.725,102.55,103.14,98.95,100.25,95.4
2025-05-30T11:49:56.345418+02:00,102.075,96.425,98.1,94.375,,102.4,94.725,102.55,103.14,98.95,100.25,95.4
2025-05-30T12:17:50.667148+02:00,102.075,96.425,98.1,94.375,,102.4,94.725,102.55,103.14,98.95,100.25,95.4
2025-05-30T12:43:46.652053+02:00,102.075,96.425,98.1,94.375,,102.4,94.725,102.55,103.14,98.95,100.25,95.4
2025-05-30T12:53:11.809769+02:00,102.075,96.425,98.1,94.375,,102.4,94.725,102.55,103.14,98.95,100.25,95.4
2025-05-30T13:14:01.700305+02:00,102.075,96.425,98.1,94.375,,102.4,94.725,102.55,103.14,98.95,100.25,95.4
2025-05-30T13:28:31.517938+02:00,102.075,96.425,98.1,94.375,,102.4,94.725,102.55,103.14,98.95,100.25,95.4
2025-05-30T13:39:45.365243+02:00,102.075,96.425,98.1,94.375,,102.4,94.725,102.55,103.14,98.95,100.25,95.4
2025-05-30T13:49:53.637775+02:00,102.075,96.425,98.1,94.375,,102.4,94.725,102.55,103.14,98.95,100.25,95.4
2025-05-30T14:34:00.068310+02:00,102.075,96.425,98.1,94.375,,102.4,94.725,102.55,103.14,98.95,100.25,95.4
2025-05-30T15:18:48.585301+02:00,102.075,96.425,98.1,94.375,,102.4,94.725,102.55,103.14,98.95,100.25,95.4
2025-05-30T15:45:31.684732+02:00,102.075,96.425,98.1,94.375,,102.4,94.725,102.55,103.14,98.95,100.25,95.4
2025-05-30T15:54:43.344468+02:00,102.075,96.425,98.1,94.375,,102.4,94.725,102.55,103.14,98.95,100.25,95.4
2025-05-30T16:17:25.410221+02:00,102.075,96.425,98.1,94.375,,102.4,94.725,102.55,103.14,98.95,100.25,95.4
2025-05-30T16:43:05.149474+02:00,102.075,96.425,98.1,94.375,,102.4,94.725,102.55,103.14,98.95,100.25,95.4
2025-05-30T16:52:34.286870+02:00,102.075,96.425,98.1,94.375,,102.4,94.725,102.55,103.14,98.95,100.25,95.4
2025-05-30T17:17:36.154522+02:00,102.075,96.425,98.1,94.375,,102.4,94.725,102.55,103.14,98.95,100.25,95.4
2025-05-30T17:40:57.292722+02:00,102.075,96.425,98.1,94.375,,102.4,94.725,102.55,103.14,98.95,100.25,95.4
2025-05-30T17:50:34.201907+02:00,102.075,96.425,98.1,94.375,,102.4,94.725,102.55,103.14,98.95,100.25,95.4
2025-05-30T18:21:24.989828+02:00,102.075,96.425,98.1,94.375,,102.4,94.725,102.55,103.14,98.95,100.25,95.4
2025-05-30T18:47:01.606093+02:00,102.075,96.425,98.1,94.375,,102.4,94.725,102.55,103.14,98.95,100.25,95.4
2025-05-30T19:14:53.391630+02:00,102.075,96.425,98.1,94.375,,102.4,94.725,102.55,103.14,98.95,100.25,95.4
2025-05-30T19:33:17.324222+02:00,102.075,96.425,98.1,94.375,,102.4,94.725,102.55,103.14,98.95,100.25,95.4
2025-05-30T19:49:50.197456+02:00,102.075,96.425,98.1,94.375,,102.4,94.725,102.55,103.14,98.95,100.25,95.4
2025-06-02T09:18:13.305178+02:00,102.075,96.45,98.125,94.3,,102.4,94.775,102.55,103.14,98.975,100.275,95.4
2025-06-02T09:39:52.261932+02:00,102.075,96.4,98.075,94.25,,102.4,94.7,102.55,103.14,98.925,100.225,95.35
2025-06-02T09:49:58.794553+02:00,102.075,96.425,98.1,94.25,,102.4,94.7,102.55,103.14,98.95,100.25,95.35
2025-06-02T10:24:25.158810+02:00,102.075,96.375,98.05,94.2,,102.4,94.65,102.55,103.16,98.9,100.2,95.3
2025-06-02T10:48:46.667181+02:00,102.075,96.35,98.025,94.175,,102.4,94.625,102.55,103.16,98.875,100.175,95.275
2025-06-02T11:19:23.093769+02:00,102.075,96.4,98.075,94.2,,102.4,94.65,102.55,103.16,98.925,100.225,95.3
2025-06-02T11:42:15.023043+02:00,102.075,96.375,98.05,94.2,,102.4,94.65,102.55,103.16,98.9,100.2,95.3
2025-06-02T11:51:46.917838+02:00,102.075,96.375,98.05,94.2,,102.4,94.65,102.55,103.16,98.9,100.2,95.3
2025-06-02T12:19:16.981742+02:00,102.075,96.4,98.075,94.2,,102.4,94.65,102.55,103.16,98.925,100.225,95.3
2025-06-02T12:45:36.349711+02:00,102.075,96.45,98.125,94.275,,102.4,94.725,102.55,103.16,98.975,100.275,95.375
2025-06-02T12:55:07.667317+02:00,102.075,96.45,98.125,94.275,,102.4,94.725,102.55,103.16,98.975,100.275,95.375
2025-06-02T13:15:21.234097+02:00,102.075,96.45,98.125,94.275,,102.4,94.725,102.55,103.16,98.975,100.275,95.375
2025-06-02T13:30:31.725464+02:00,102.075,96.475,98.15,94.3,,102.4,94.75,102.55,103.16,99.0,100.3,95.4
2025-06-02T13:41:47.087570+02:00,102.075,96.475,98.15,94.3,,102.4,94.75,102.55,103.16,99.0,100.3,95.4
2025-06-02T13:51:10.267200+02:00,102.075,96.475,98.15,94.325,,102.4,94.75,102.55,103.16,99.0,100.3,95.425
2025-06-02T14:35:33.076083+02:00,102.075,96.45,98.125,94.275,,102.4,94.6,102.55,103.16,98.975,100.275,95.375
2025-06-02T15:20:37.112359+02:00,102.075,96.425,98.1,94.25,,102.4,94.575,102.55,103.14,98.95,100.25,95.35
2025-06-02T15:48:14.657731+02:00,102.075,96.475,98.15,94.3,,102.4,94.625,102.55,103.16,99.0,100.3,95.4
2025-06-02T16:17:45.443844+02:00,102.075,96.475,98.15,94.325,,102.4,94.625,102.55,103.16,99.0,100.3,95.425
2025-06-02T16:45:06.901855+02:00,102.075,96.55,98.225,94.4,,102.4,94.7,102.55,103.16,99.075,100.375,95.5
2025-06-02T16:55:14.475251+02:00,102.075,96.55,98.225,94.4,,102.4,94.7,102.55,103.16,99.075,100.375,95.5
2025-06-02T17:19:01.479277+02:00,102.075,96.55,98.225,94.4,,102.4,94.7,102.55,103.14,99.075,100.375,95.5
2025-06-02T17:42:38.540549+02:00,102.075,96.55,98.225,94.4,,102.4,94.7,102.55,103.14,99.075,100.375,95.5
2025-06-02T17:53:26.321510+02:00,102.075,96.55,98.225,94.4,,102.4,94.7,102.55,103.14,99.075,100.375,95.5
2025-06-02T18:21:56.245020+02:00,102.075,96.55,98.225,94.4,,102.4,94.7,102.55,103.14,99.075,100.375,95.5
2025-06-02T18:50:48.001604+02:00,102.075,96.55,98.225,94.4,,102.4,94.7,102.55,103.14,99.075,100.375,95.5
2025-06-02T19:15:56.644841+02:00,102.075,96.55,98.225,94.4,,102.4,94.7,102.55,103.14,99.075,100.375,95.5
2025-06-02T19:41:13.038444+02:00,102.075,96.55,98.225,94.4,,102.4,94.7,102.55,103.14,99.075,100.375,95.5
2025-06-02T19:50:23.909660+02:00,102.075,96.55,98.225,94.4,,102.4,94.7,102.55,103.14,99.075,100.375,95.5
2025-06-03T09:17:33.697023+02:00,102.34,96.675,98.35,94.575,,102.4,94.85,102.55,103.16,99.2,100.5,95.675
2025-06-03T09:40:09.694087+02:00,102.34,96.65,98.325,94.525,,102.4,94.8,102.55,103.16,99.175,100.475,95.625
2025-06-03T09:49:49.296294+02:00,102.34,96.625,98.3,94.5,,102.4,94.775,102.55,103.16,99.15,100.45,95.6
2025-06-03T10:24:32.396655+02:00,102.34,96.6,98.275,94.475,,102.4,94.75,102.55,103.16,99.125,100.425,95.575
2025-06-03T10:49:27.495181+02:00,102.34,96.6,98.275,94.475,,102.4,94.775,102.55,103.16,99.125,100.425,95.575
2025-06-03T11:18:45.596341+02:00,102.34,96.575,98.25,94.45,,102.4,94.75,102.55,103.16,99.1,100.4,95.55
2025-06-03T11:42:39.272835+02:00,102.34,96.575,98.25,94.45,,102.4,94.75,102.55,103.16,99.1,100.4,95.55
2025-06-03T11:52:09.501356+02:00,102.34,96.6,98.275,94.475,,102.4,94.775,102.55,103.16,99.125,100.425,95.575
2025-06-03T12:18:59.952260+02:00,102.34,96.575,98.25,94.45,,102.4,94.75,102.55,103.16,99.1,100.4,95.55
2025-06-03T12:46:14.103564+02:00,102.34,96.575,98.25,94.425,,102.4,94.725,102.55,103.16,99.1,100.4,95.525
2025-06-03T13:15:09.798768+02:00,102.34,96.6,98.275,94.45,,102.4,94.75,102.55,103.16,99.125,100.425,95.55
2025-06-03T13:30:18.864942+02:00,102.34,96.625,98.3,94.5,,102.4,94.8,102.55,103.16,99.175,100.475,95.625
2025-06-03T13:42:48.404988+02:00,102.34,96.625,98.3,94.5,,102.4,94.8,102.55,103.16,99.175,100.475,95.625
2025-06-03T13:51:53.348958+02:00,102.34,96.625,98.3,94.5,,102.4,94.8,102.55,103.16,99.15,100.45,95.6
2025-06-03T14:35:56.953429+02:00,102.34,96.625,98.3,94.5,,102.4,94.775,102.55,103.16,99.15,100.45,95.6
2025-06-03T15:21:34.549196+02:00,102.34,96.6,98.275,94.475,,102.4,94.775,102.55,103.16,99.125,100.425,95.575
2025-06-03T15:49:47.151726+02:00,102.34,96.6,98.275,94.5,,102.4,94.8,102.55,103.16,99.125,100.425,95.6
2025-06-03T16:17:49.274717+02:00,102.34,96.575,98.25,94.45,,102.4,94.75,102.55,103.16,99.1,100.4,95.55
2025-06-03T16:47:02.840953+02:00,102.34,96.55,98.225,94.45,,102.4,94.75,102.55,103.16,99.075,100.375,95.55
2025-06-03T17:19:35.522467+02:00,102.34,96.575,98.25,94.475,,102.4,94.775,102.55,103.14,99.1,100.4,95.575
2025-06-03T17:43:48.204626+02:00,102.34,96.575,98.25,94.475,,102.4,94.775,102.55,103.14,99.1,100.4,95.575
2025-06-03T17:54:57.048216+02:00,102.34,96.575,98.25,94.475,,102.4,94.775,102.55,103.14,99.1,100.4,95.575
2025-06-03T18:23:19.340061+02:00,102.34,96.575,98.25,94.475,,102.4,94.775,102.55,103.14,99.1,100.4,95.575
2025-06-03T18:51:06.297166+02:00,102.34,96.575,98.25,94.475,,102.4,94.775,102.55,103.14,99.1,100.4,95.575
2025-06-03T19:16:32.607498+02:00,102.34,96.575,98.25,94.475,,102.4,94.775,102.55,103.14,99.1,100.4,95.575
2025-06-03T19:42:02.318936+02:00,102.34,96.575,98.25,94.475,,102.4,94.775,102.55,103.14,99.1,100.4,95.575
2025-06-03T19:51:27.598375+02:00,102.34,96.575,98.25,94.475,,102.4,94.775,102.55,103.14,99.1,100.4,95.575
2025-06-04T09:17:14.359832+02:00,102.34,96.6,98.275,94.5,,102.4,94.725,102.55,103.16,99.125,100.425,95.6
2025-06-04T09:49:40.243034+02:00,102.34,96.575,98.25,94.45,,102.4,94.7,102.55,103.16,99.1,100.4,95.55
2025-06-04T10:23:47.032229+02:00,102.34,96.5,98.175,94.375,,102.4,94.625,102.55,103.16,99.025,100.325,95.475
2025-06-04T10:49:06.210419+02:00,102.34,96.5,98.175,94.375,,102.4,94.625,102.55,103.16,99.025,100.325,95.475
2025-06-04T11:18:20.632386+02:00,102.34,96.475,98.15,94.325,,102.4,94.6,102.55,103.16,99.0,100.5,95.425
2025-06-04T11:42:07.142556+02:00,102.34,96.525,98.2,94.325,,102.4,94.575,102.55,103.16,99.05,100.5,95.425
2025-06-04T11:51:51.983033+02:00,102.34,96.525,98.2,94.35,,102.4,94.6,102.55,103.16,99.05,100.5,95.45
2025-06-04T12:19:16.439784+02:00,102.34,96.55,98.225,94.375,,102.4,94.625,102.55,103.16,99.075,100.5,95.475
2025-06-04T12:45:33.896276+02:00,102.34,96.6,98.275,94.425,,102.4,94.65,102.55,103.16,99.125,100.5,95.525
2025-06-04T13:15:11.123072+02:00,102.34,96.625,98.3,94.4,,102.4,94.65,102.55,103.16,99.15,100.5,95.5
2025-06-04T13:31:16.024429+02:00,102.34,96.575,98.25,94.375,,102.4,94.6,102.55,103.16,99.1,100.5,95.475
2025-06-04T13:49:52.084007+02:00,102.34,96.6,98.275,94.35,,102.4,94.6,102.55,103.16,99.125,100.5,95.45
2025-06-04T14:35:44.950624+02:00,102.34,96.625,98.3,94.35,,102.4,94.625,102.55,103.16,99.15,100.5,95.45
2025-06-04T15:22:21.845537+02:00,102.34,96.6,98.28,94.325,,102.4,94.6,102.55,103.16,99.14,100.5,95.425
2025-06-04T15:50:23.825460+02:00,102.34,96.65,98.325,94.375,,102.4,94.575,102.55,103.16,99.175,100.5,95.475
2025-06-04T16:14:30.184377+02:00,102.34,96.675,98.35,94.4,,102.4,94.575,102.55,103.16,99.2,100.5,95.5
2025-06-04T16:53:36.475320+02:00,102.34,96.7,98.375,94.425,,102.4,94.6,102.55,103.16,99.225,100.525,95.525
2025-06-04T17:40:40.830717+02:00,102.34,96.675,98.35,94.425,,102.4,94.6,102.55,103.14,99.2,100.5,95.525
2025-06-04T18:00:57.411967+02:00,102.34,96.675,98.35,94.425,,102.4,94.6,102.55,103.14,99.2,100.5,95.525
2025-06-04T18:36:02.308085+02:00,102.34,96.675,98.35,94.425,,102.4,94.6,102.55,103.14,99.2,100.5,95.525
2025-06-04T18:54:26.205026+02:00,102.34,96.675,98.35,94.425,,102.4,94.6,102.55,103.14,99.2,100.5,95.525
2025-06-04T19:15:55.317195+02:00,102.34,96.675,98.35,94.425,,102.4,94.6,102.55,103.14,99.2,100.5,95.525
2025-06-04T19:41:46.258868+02:00,102.34,96.675,98.35,94.425,,102.4,94.6,102.55,103.14,99.2,100.5,95.525
2025-06-04T19:50:50.794555+02:00,102.34,96.675,98.35,94.425,,102.4,94.6,102.55,103.14,99.2,100.5,95.525
2025-06-05T09:16:51.588665+02:00,102.34,96.675,98.35,94.35,,102.4,94.6,102.55,103.14,99.2,100.5,95.525
2025-06-05T09:38:53.239550+02:00,102.34,96.675,98.35,94.35,,102.4,94.6,102.55,103.14,99.2,100.5,95.525
2025-06-05T09:49:55.392183+02:00,102.34,96.675,98.35,94.35,,102.4,94.6,102.55,103.14,99.2,100.5,95.525
2025-06-05T10:22:55.743984+02:00,102.34,96.675,98.35,94.35,,102.4,94.6,102.55,103.14,99.2,100.5,95.525
2025-06-05T10:47:49.739089+02:00,102.34,96.675,98.35,94.35,,102.4,94.6,102.55,103.14,99.2,100.5,95.525
2025-06-05T11:18:38.604464+02:00,102.34,96.675,98.35,94.35,,102.4,94.6,102.55,103.14,99.2,100.5,95.525
2025-06-05T11:41:48.119059+02:00,102.34,96.675,98.35,94.35,,102.4,94.6,102.55,103.14,99.2,100.5,95.525
2025-06-05T11:51:12.608997+02:00,102.34,96.675,98.35,94.35,,102.4,94.6,102.55,103.14,99.2,100.5,95.525
2025-06-05T12:19:15.202513+02:00,102.34,96.675,98.35,94.35,,102.4,94.6,102.55,103.14,99.2,100.5,95.525
2025-06-05T12:46:26.700466+02:00,102.34,96.675,98.35,94.35,,102.4,94.6,102.55,103.14,99.2,100.5,95.525
2025-06-05T13:15:30.890342+02:00,102.34,96.675,98.35,94.35,,102.4,94.6,102.55,103.14,99.2,100.5,95.525
2025-06-05T13:30:32.474410+02:00,102.34,96.675,98.35,94.35,,102.4,94.6,102.55,103.14,99.2,100.5,95.525
2025-06-05T13:42:10.191920+02:00,102.34,96.675,98.35,94.35,,102.4,94.6,102.55,103.14,99.2,100.5,95.525
2025-06-05T13:51:40.745945+02:00,102.34,96.675,98.35,94.35,,102.4,94.6,102.55,103.14,99.2,100.5,95.525
2025-06-05T14:35:47.981996+02:00,102.34,96.675,98.35,94.35,,102.4,94.6,102.55,103.14,99.2,100.5,95.525
2025-06-05T15:20:22.746557+02:00,102.34,96.675,98.35,94.35,,102.4,94.6,102.55,103.14,99.2,100.5,95.525
2025-06-05T15:49:17.504193+02:00,102.34,96.675,98.35,94.35,,102.4,94.6,102.55,103.14,99.2,100.5,95.525
2025-06-05T16:17:25.981519+02:00,102.34,96.675,98.35,94.35,,102.4,94.6,102.55,103.14,99.2,100.5,95.525
2025-06-05T16:42:56.968068+02:00,102.34,96.675,98.35,94.35,,102.4,94.6,102.55,103.14,99.2,100.5,95.525
2025-06-05T16:53:08.650644+02:00,102.34,96.675,98.35,94.35,,102.4,94.6,102.55,103.14,99.2,100.5,95.525
2025-06-05T17:18:36.935536+02:00,102.34,96.675,98.35,94.35,,102.4,94.6,102.55,103.14,99.2,100.5,95.525
2025-06-05T17:42:21.202560+02:00,102.34,96.675,98.35,94.35,,102.4,94.6,102.55,103.14,99.2,100.5,95.525
2025-06-05T17:53:02.334008+02:00,102.34,96.675,98.35,94.35,,102.4,94.6,102.55,103.14,99.2,100.5,95.525
2025-06-05T18:21:25.568903+02:00,102.34,96.675,98.35,94.35,,102.4,94.6,102.55,103.14,99.2,100.5,95.525
2025-06-05T18:47:22.174372+02:00,102.34,96.675,98.35,94.35,,102.4,94.6,102.55,103.14,99.2,100.5,95.525
2025-06-05T19:12:43.056429+02:00,102.34,96.675,98.35,94.35,,102.4,94.6,102.55,103.14,99.2,100.5,95.525
2025-06-05T19:28:08.339788+02:00,102.34,96.675,98.35,94.35,,102.4,94.6,102.55,103.14,99.2,100.5,95.525
2025-06-05T19:38:00.241489+02:00,102.34,96.675,98.35,94.35,,102.4,94.6,102.55,103.14,99.2,100.5,95.525
2025-06-05T19:49:48.062508+02:00,102.34,96.675,98.35,94.35,,102.4,94.6,102.55,103.14,99.2,100.5,95.525
2025-06-06T09:16:26.739893+02:00,102.34,96.55,98.225,94.275,,102.4,94.4,102.55,103.16,99.075,100.375,95.375
2025-06-06T09:38:23.851496+02:00,102.34,96.575,98.25,94.3,,102.4,94.425,102.55,103.16,99.1,100.4,95.4
2025-06-06T09:49:57.624990+02:00,102.34,96.6,98.275,94.35,,102.4,94.475,102.55,103.16,99.125,100.425,95.45
2025-06-06T10:22:35.807546+02:00,102.34,96.675,98.35,94.375,,102.4,94.475,102.55,103.14,99.2,100.5,95.475
2025-06-06T10:46:54.374661+02:00,102.34,96.7,98.375,94.4,,102.4,94.5,102.55,103.14,99.225,100.525,95.5
2025-06-06T11:18:29.297972+02:00,102.34,96.725,98.4,94.375,,102.4,94.425,102.55,103.16,99.25,100.55,95.475
2025-06-06T11:41:21.837913+02:00,102.34,96.775,98.45,94.425,,102.4,94.45,102.55,103.19,99.3,100.6,95.525
2025-06-06T11:50:44.752331+02:00,102.34,96.775,98.45,94.425,,102.4,94.475,102.55,103.19,99.3,100.6,95.525
2025-06-06T12:19:03.928522+02:00,102.34,96.75,98.5,94.4,,102.4,94.45,102.55,103.19,99.275,100.575,95.5
2025-06-06T12:45:45.224784+02:00,102.34,96.775,98.5,94.425,,102.4,94.45,102.55,103.19,99.3,100.6,95.525
2025-06-06T13:14:57.014566+02:00,102.34,96.775,98.5,94.425,,102.4,94.45,102.55,103.19,99.3,100.6,95.525
2025-06-06T13:30:01.279440+02:00,102.34,96.775,98.5,94.45,,102.4,,102.55,103.19,99.3,100.6,95.55
2025-06-06T13:42:21.539881+02:00,102.34,96.775,98.5,94.45,,102.4,,102.55,103.19,99.3,100.6,95.55
2025-06-06T13:51:38.622840+02:00,102.34,96.775,98.5,94.425,,102.4,,102.55,103.19,99.275,100.6,95.525
2025-06-06T14:34:13.372144+02:00,102.34,96.85,98.525,94.5,,102.4,94.45,102.55,103.14,99.375,100.675,95.6
2025-06-06T15:18:49.654038+02:00,102.34,96.725,98.5,94.35,,102.4,94.325,102.55,103.19,99.25,100.55,95.45
2025-06-06T15:47:31.408633+02:00,102.34,96.7,98.5,94.35,,102.4,94.325,102.55,103.14,99.225,100.525,95.45
2025-06-06T16:17:01.612704+02:00,102.34,96.725,98.5,94.375,,102.4,94.35,102.55,103.19,99.25,100.55,95.475
2025-06-06T16:41:34.840602+02:00,102.34,96.75,98.5,94.375,,102.4,94.35,102.55,103.19,99.275,100.575,95.475
2025-06-06T16:50:50.981340+02:00,102.34,96.7,98.5,94.35,,102.4,94.325,102.55,103.19,99.225,100.525,95.45
2025-06-06T17:15:51.322015+02:00,102.34,96.725,98.5,94.375,,102.4,94.35,102.55,103.14,99.25,100.55,95.475
2025-06-06T17:39:54.424357+02:00,102.34,96.725,98.4,94.375,,102.4,94.35,102.55,103.14,99.25,100.55,95.475
2025-06-06T17:49:45.065583+02:00,102.34,96.725,98.4,94.375,,102.4,94.35,102.55,103.14,99.25,100.55,95.475
2025-06-06T18:21:52.051284+02:00,102.34,96.725,98.4,94.375,,102.4,94.35,102.55,103.14,99.25,100.55,95.475
2025-06-06T18:48:32.559467+02:00,102.34,96.725,98.4,94.375,,102.4,94.35,102.55,103.14,99.25,100.55,95.475
2025-06-06T19:15:50.382074+02:00,102.34,96.725,98.4,94.375,,102.4,94.35,102.55,103.14,99.25,100.55,95.475
2025-06-06T19:41:29.523822+02:00,102.34,96.725,98.4,94.375,,102.4,94.35,102.55,103.14,99.25,100.55,95.475
2025-06-06T19:50:30.189413+02:00,102.34,96.725,98.4,94.375,,102.4,94.35,102.55,103.14,99.25,100.55,95.475
2025-06-09T09:18:07.050252+02:00,102.34,96.725,98.4,94.35,,102.4,,102.55,103.14,99.25,100.55,95.475
2025-06-09T09:40:02.949903+02:00,102.34,96.725,98.4,94.35,,102.4,,102.55,103.14,99.25,100.55,95.475
2025-06-09T09:49:55.149244+02:00,102.34,96.725,98.4,94.35,,102.4,,102.55,103.14,99.25,100.55,95.475
2025-06-09T10:25:27.501143+02:00,102.34,96.725,98.4,94.35,,102.4,,102.55,103.14,99.25,100.55,95.475
2025-06-09T10:49:29.519070+02:00,102.34,96.725,98.4,94.35,,102.4,,102.55,103.14,99.25,100.55,95.475
2025-06-09T11:19:23.026853+02:00,102.34,96.725,98.4,94.35,,102.4,,102.55,103.14,99.25,100.55,95.475
2025-06-09T11:42:28.982482+02:00,102.34,96.725,98.4,94.35,,102.4,,102.55,103.14,99.25,100.55,95.475
2025-06-09T11:52:01.148612+02:00,102.34,96.725,98.4,94.35,,102.4,,102.55,103.14,99.25,100.55,95.475
2025-06-09T12:19:26.161096+02:00,102.34,96.725,98.4,94.35,,102.4,,102.55,103.14,99.25,100.55,95.475
2025-06-09T12:46:08.019801+02:00,102.34,96.725,98.4,94.35,,102.4,,102.55,103.14,99.25,100.55,95.475
2025-06-09T13:15:05.476595+02:00,102.34,96.725,98.4,94.35,,102.4,,102.55,103.14,99.25,100.55,95.475
2025-06-09T13:30:53.502715+02:00,102.34,96.725,98.4,94.35,,102.4,,102.55,103.14,99.25,100.55,95.475
2025-06-09T13:49:42.436266+02:00,102.34,96.725,98.4,94.35,,102.4,,102.55,103.14,99.25,100.55,95.475
2025-06-09T14:35:37.173106+02:00,102.34,96.725,98.4,94.35,,102.4,,102.55,103.14,99.25,100.55,95.475
2025-06-09T15:20:44.124547+02:00,102.34,96.725,98.4,94.35,,102.4,,102.55,103.14,99.25,100.55,95.475
2025-06-09T15:48:49.311249+02:00,102.34,96.725,98.4,94.35,,102.4,,102.55,103.14,99.25,100.55,95.475
2025-06-09T16:17:51.052093+02:00,102.34,96.725,98.4,94.35,,102.4,,102.55,103.14,99.25,100.55,95.475
2025-06-09T16:44:45.551902+02:00,102.34,96.725,98.4,94.35,,102.4,,102.55,103.14,99.25,100.55,95.475
2025-06-09T16:55:27.710262+02:00,102.34,96.725,98.4,94.35,,102.4,,102.55,103.14,99.25,100.55,95.475
2025-06-09T17:18:41.721024+02:00,102.34,96.725,98.4,94.35,,102.4,,102.55,103.14,99.25,100.55,95.475
2025-06-09T17:42:35.667778+02:00,102.34,96.725,98.4,94.35,,102.4,,102.55,103.14,99.25,100.55,95.475
2025-06-09T17:52:18.262581+02:00,102.34,96.725,98.4,94.35,,102.4,,102.55,103.14,99.25,100.55,95.475
2025-06-09T18:21:46.547455+02:00,102.34,96.725,98.4,94.35,,102.4,,102.55,103.14,99.25,100.55,95.475
2025-06-09T18:49:47.106544+02:00,102.34,96.725,98.4,94.35,,102.4,,102.55,103.14,99.25,100.55,95.475
2025-06-09T19:15:15.475479+02:00,102.34,96.725,98.4,94.35,,102.4,,102.55,103.14,99.25,100.55,95.475
2025-06-09T19:33:13.072978+02:00,102.34,96.725,98.4,94.35,,102.4,,102.55,103.14,99.25,100.55,95.475
2025-06-09T19:49:56.559273+02:00,102.34,96.725,98.4,94.35,,102.4,,102.55,103.14,99.25,100.55,95.475
2025-06-10T09:16:48.546790+02:00,102.34,96.8,98.475,94.425,,102.4,94.4,102.55,103.19,99.325,100.625,95.525
2025-06-10T09:39:09.275076+02:00,102.34,96.8,98.475,94.425,,102.4,,102.55,103.19,99.325,100.625,95.525
2025-06-10T09:49:41.584643+02:00,102.34,96.8,98.475,94.425,,102.4,,102.55,103.19,99.325,100.625,95.525
2025-06-10T10:23:58.843678+02:00,102.34,96.8,98.475,94.45,,102.4,94.425,102.55,103.19,99.325,100.525,95.55
2025-06-10T10:49:13.107630+02:00,102.34,96.775,98.45,94.41,,102.4,94.375,102.55,103.19,99.3,100.5,95.475
2025-06-10T11:19:00.444025+02:00,102.34,96.825,98.5,94.46,,102.4,94.4,102.55,103.19,99.35,100.55,95.5
2025-06-10T11:42:11.834915+02:00,102.34,96.825,98.5,94.45,,102.4,94.375,102.55,103.19,99.35,100.55,95.475
2025-06-10T11:51:54.165789+02:00,102.34,96.85,98.525,94.49,,102.4,94.425,102.55,103.19,99.375,100.575,95.525
2025-06-10T12:18:49.527126+02:00,102.34,96.825,98.5,94.46,,102.4,94.4,102.55,103.19,99.35,100.55,95.5
2025-06-10T12:45:20.605692+02:00,102.34,96.825,98.5,94.44,,102.4,94.4,102.55,103.19,99.35,100.55,95.5
2025-06-10T12:55:33.029787+02:00,102.34,96.825,98.5,94.44,,102.4,94.4,102.55,103.19,99.35,100.55,95.5
2025-06-10T13:14:51.677244+02:00,102.34,96.85,98.525,94.44,,102.4,94.425,102.55,103.19,99.375,100.575,95.525
2025-06-10T13:30:01.358220+02:00,102.34,96.825,98.5,94.45,,102.4,94.475,102.55,103.19,99.35,100.55,95.55
2025-06-10T13:42:22.582777+02:00,102.34,96.825,98.5,94.45,,102.4,94.475,102.55,103.19,99.35,100.55,95.55
2025-06-10T13:51:35.776741+02:00,102.34,96.825,98.5,94.45,,102.4,,102.55,103.19,99.35,100.55,95.55
2025-06-10T14:36:11.623005+02:00,102.34,96.825,98.5,94.475,,102.4,,102.55,103.19,99.35,100.55,95.575
2025-06-10T15:21:52.233047+02:00,102.34,96.825,98.5,94.5,,102.4,94.475,102.55,103.19,99.35,100.55,95.6
2025-06-10T15:49:48.681550+02:00,102.34,96.85,98.525,94.525,,102.4,94.5,102.55,103.19,99.375,100.575,95.625
2025-06-10T16:17:40.614366+02:00,102.34,96.8,98.475,94.475,,102.4,94.45,102.55,103.16,99.325,100.525,95.575
2025-06-10T16:44:20.062719+02:00,102.34,96.8,98.475,94.5,,102.4,94.45,102.55,103.16,99.325,100.525,95.6
2025-06-10T16:54:05.220975+02:00,102.34,96.8,98.475,94.475,,102.4,94.45,102.55,103.16,99.325,100.525,95.575
2025-06-10T17:19:06.843972+02:00,102.34,96.8,98.475,94.475,,102.4,94.45,102.55,103.14,99.325,100.525,95.575
2025-06-10T17:42:07.692712+02:00,102.34,96.8,98.475,94.475,,102.4,94.45,102.55,103.14,99.325,100.525,95.575
2025-06-10T17:52:26.616410+02:00,102.34,96.8,98.475,94.475,,102.4,94.45,102.55,103.14,99.325,100.525,95.575
2025-06-10T18:21:54.857940+02:00,102.34,96.8,98.5,94.475,,102.4,94.45,102.55,103.14,99.325,100.525,95.575
2025-06-10T18:49:09.749088+02:00,102.34,96.8,98.475,94.475,,102.4,94.45,102.55,103.14,99.325,100.525,95.575
2025-06-10T19:15:03.252520+02:00,102.34,96.8,98.475,94.475,,102.4,94.45,102.55,103.14,99.325,100.525,95.575
2025-06-10T19:34:52.722097+02:00,102.34,96.8,98.475,94.475,,102.4,94.45,102.55,103.14,99.325,100.525,95.575
2025-06-10T19:50:19.633233+02:00,102.34,96.8,98.475,94.475,,102.4,94.45,102.55,103.14,99.325,100.525,95.575
2025-06-11T09:16:56.828728+02:00,102.34,96.725,98.4,94.45,,102.4,94.425,102.55,103.16,99.25,100.45,95.55
2025-06-11T09:39:29.674005+02:00,102.34,96.7,98.375,94.425,,102.4,94.4,102.55,103.16,99.225,100.425,95.525
2025-06-11T09:49:33.768392+02:00,102.34,96.725,98.4,94.45,,102.4,94.425,102.55,103.16,99.25,100.45,95.55
2025-06-11T10:23:19.664736+02:00,102.34,96.675,98.35,94.425,,102.4,94.375,102.55,103.14,99.2,100.4,95.525
2025-06-11T10:48:51.510298+02:00,102.34,96.7,98.5,94.45,,102.4,94.375,102.55,103.14,99.225,100.425,95.55
2025-06-11T11:19:03.705284+02:00,102.34,96.675,98.5,94.425,,102.4,94.35,102.55,103.14,99.2,100.4,95.525
2025-06-11T11:42:33.365306+02:00,102.34,96.675,98.5,94.425,,102.4,94.375,102.55,103.14,99.2,100.4,95.525
2025-06-11T11:52:03.976736+02:00,102.34,96.7,98.5,94.45,,102.4,94.4,102.55,103.14,99.225,100.425,95.55
2025-06-11T12:18:49.350387+02:00,102.34,96.65,98.5,94.5,,102.4,94.375,102.55,103.14,99.175,100.375,95.6
2025-06-11T12:45:09.559171+02:00,102.34,96.65,98.5,94.5,,102.4,94.375,102.55,103.14,99.175,100.375,95.6
2025-06-11T12:55:00.918654+02:00,102.34,96.65,98.5,94.5,,102.4,94.375,102.55,103.14,99.175,100.375,95.6
2025-06-11T13:15:25.888102+02:00,102.34,96.65,98.325,94.55,,102.4,94.4,102.55,103.14,99.175,100.375,95.65
2025-06-11T13:30:38.482855+02:00,102.34,96.65,98.325,94.575,,102.4,94.425,102.55,103.14,99.175,100.375,95.675
2025-06-11T13:49:43.189252+02:00,102.34,96.625,98.3,94.55,,102.4,94.375,102.55,103.14,99.15,100.35,95.65
2025-06-11T14:36:02.103098+02:00,102.34,96.6,98.275,94.5,,102.4,94.35,102.55,103.14,99.125,100.325,95.6
2025-06-11T15:21:27.711546+02:00,102.34,96.725,98.4,94.625,,102.4,94.475,102.55,103.14,99.25,100.45,95.725
2025-06-11T15:49:34.311915+02:00,102.34,96.7,98.375,94.625,,102.4,94.475,102.55,103.14,99.225,100.425,95.725
2025-06-11T16:16:13.521329+02:00,102.34,96.675,98.35,94.575,,102.4,94.425,102.55,103.14,99.2,100.4,95.7
2025-06-11T16:43:45.039142+02:00,102.34,96.7,98.375,94.625,,102.4,94.45,102.55,103.14,99.225,100.425,95.725
2025-06-11T16:54:00.476223+02:00,102.34,96.7,98.375,94.625,,102.4,94.475,102.55,103.14,99.225,100.425,95.725
2025-06-11T17:19:23.829776+02:00,102.34,96.7,98.375,94.6,,102.4,94.45,102.55,103.14,99.225,100.425,95.7
2025-06-11T17:42:06.895835+02:00,102.34,96.7,98.375,94.6,,102.4,94.45,102.55,103.14,99.225,100.425,95.7
2025-06-11T17:52:13.067580+02:00,102.34,96.7,98.375,94.6,,102.4,94.45,102.55,103.14,99.225,100.425,95.7
2025-06-11T18:22:09.359868+02:00,102.34,96.7,98.375,94.6,,102.4,94.45,102.55,103.14,99.225,100.425,95.7
2025-06-11T18:49:07.645903+02:00,102.34,96.7,98.375,94.6,,102.4,94.45,102.55,103.14,99.225,100.425,95.7
2025-06-11T19:15:30.669387+02:00,102.34,96.7,98.375,94.6,,102.4,94.45,102.55,103.14,99.225,100.425,95.7
2025-06-11T19:35:15.416299+02:00,102.34,96.7,98.375,94.6,,102.4,94.45,102.55,103.14,99.225,100.425,95.7
2025-06-11T19:50:09.761326+02:00,102.34,96.7,98.375,94.6,,102.4,94.45,102.55,103.14,99.225,100.425,95.7
2025-06-12T09:17:12.458959+02:00,102.34,96.8,98.475,94.725,,102.4,94.575,102.55,103.14,99.325,100.525,95.825
2025-06-12T09:38:59.647559+02:00,102.34,96.775,98.45,94.7,,102.4,94.55,102.55,103.14,99.3,100.5,95.8
2025-06-12T09:49:47.875415+02:00,102.34,96.75,98.425,94.675,,102.4,94.525,102.55,103.14,99.275,100.475,95.775
2025-06-12T10:23:04.360775+02:00,102.34,96.8,98.475,94.775,,102.4,94.575,102.55,103.11,99.325,100.525,95.875
2025-06-12T10:48:44.559334+02:00,102.34,96.8,98.475,94.75,,102.4,94.575,102.55,103.11,99.325,100.525,95.85
2025-06-12T11:18:21.459034+02:00,102.34,96.875,98.55,94.75,,102.4,94.55,102.55,103.14,99.4,100.6,95.875
2025-06-12T11:42:22.733310+02:00,102.34,96.925,98.6,94.825,,102.4,94.6,102.55,103.14,99.45,100.65,95.925
2025-06-12T11:52:05.474263+02:00,102.34,96.925,98.6,94.85,,102.4,94.625,102.55,103.14,99.45,100.65,95.95
2025-06-12T12:19:16.176574+02:00,102.34,96.95,98.625,94.85,,102.4,94.625,102.55,103.14,99.475,100.675,95.95
2025-06-12T12:45:51.967851+02:00,102.34,96.95,98.625,94.875,,102.4,94.65,102.55,103.14,99.475,100.675,95.975
2025-06-12T13:14:58.056227+02:00,102.34,96.975,98.65,94.9,,102.4,94.675,102.55,103.14,99.5,100.7,96.0
2025-06-12T13:30:12.588021+02:00,102.34,96.95,98.625,94.85,,102.4,94.6,102.55,103.14,99.475,100.675,95.95
2025-06-12T13:42:56.878004+02:00,102.34,96.95,98.625,94.85,,102.4,94.6,102.55,103.14,99.475,100.675,95.95
2025-06-12T13:52:09.990744+02:00,102.34,96.95,98.625,94.825,,102.4,94.6,102.55,103.14,99.475,100.675,95.925
2025-06-12T14:35:07.205595+02:00,102.34,97.0,98.675,94.85,,102.4,94.625,102.55,103.14,99.525,100.725,95.95
2025-06-12T15:21:02.922787+02:00,102.34,97.025,98.7,94.875,,102.4,94.65,102.55,103.16,99.55,100.75,95.975
2025-06-12T15:49:34.779211+02:00,102.34,96.975,98.65,94.85,,102.4,94.6,102.55,103.16,99.5,100.7,95.95
2025-06-12T16:17:38.702963+02:00,102.34,96.95,98.625,94.8,,102.4,94.575,102.55,103.14,99.475,100.675,95.9
2025-06-12T16:44:47.176189+02:00,102.34,96.95,98.625,94.8,,102.4,94.575,102.55,103.14,99.475,100.675,95.9
2025-06-12T16:55:06.566061+02:00,102.34,96.925,98.6,94.8,,102.4,94.55,102.55,103.14,99.45,100.65,95.9
2025-06-12T17:18:58.028479+02:00,102.34,96.975,98.65,94.85,,102.4,94.6,102.55,103.14,99.5,100.7,95.95
2025-06-12T17:43:31.505384+02:00,102.34,96.975,98.65,94.85,,102.4,94.6,102.55,103.14,99.5,100.7,95.95
2025-06-12T17:54:20.113223+02:00,102.34,96.975,98.65,94.85,,102.4,94.6,102.55,103.14,99.5,100.7,95.95
2025-06-12T18:21:45.685395+02:00,102.34,96.975,98.65,94.85,,102.4,94.6,102.55,103.14,99.5,100.7,95.95
2025-06-12T18:48:47.079467+02:00,102.34,96.975,98.65,94.85,,102.4,94.6,102.55,103.14,99.5,100.7,95.95
2025-06-12T19:16:02.379556+02:00,102.34,96.975,98.65,94.85,,102.4,94.6,102.55,103.14,99.5,100.7,95.95
2025-06-12T19:41:47.955746+02:00,102.34,96.975,98.65,94.85,,102.4,94.6,102.55,103.14,99.5,100.7,95.95
2025-06-12T19:51:22.431345+02:00,102.34,96.975,98.65,94.85,,102.4,94.6,102.55,103.14,99.5,100.7,95.95
2025-06-13T09:16:52.421346+02:00,102.34,96.975,98.65,94.9,,102.4,94.6,102.55,103.14,99.5,100.7,96.0
2025-06-13T09:38:56.261390+02:00,102.34,96.975,98.65,94.9,,102.4,94.6,102.55,103.14,99.5,100.7,96.0
2025-06-13T09:49:55.337481+02:00,102.34,96.925,98.6,94.85,,102.4,94.55,102.55,103.14,99.45,100.65,95.95
2025-06-13T10:22:56.803712+02:00,102.34,96.875,98.55,94.8,,102.4,94.475,102.55,103.14,99.4,100.6,95.9
2025-06-13T10:47:57.723778+02:00,102.34,96.925,98.6,94.85,,102.4,94.55,102.55,103.14,99.45,100.65,95.95
2025-06-13T11:18:35.161017+02:00,102.34,96.875,98.55,94.8,,102.4,94.5,102.55,103.14,99.4,100.6,95.9
2025-06-13T11:41:45.542117+02:00,102.34,96.925,98.6,94.85,,102.4,94.55,102.55,103.14,99.45,100.65,95.95
2025-06-13T11:51:28.416789+02:00,102.34,96.9,98.575,94.825,,102.4,94.5,102.55,103.14,99.425,100.625,95.925
2025-06-13T12:18:56.735360+02:00,102.34,96.875,98.55,94.8,,102.4,94.475,102.55,103.14,99.4,100.6,95.9
2025-06-13T12:45:10.932608+02:00,102.34,96.9,98.575,94.825,,102.4,94.5,102.55,103.14,99.425,100.625,95.925
2025-06-13T12:54:57.063675+02:00,102.34,96.9,98.575,94.825,,102.4,94.5,102.55,103.14,99.425,100.625,95.925
2025-06-13T13:14:51.774550+02:00,102.34,96.875,98.55,94.8,,102.4,94.5,102.55,103.14,99.4,100.6,95.9
2025-06-13T13:30:18.500439+02:00,102.34,96.925,98.6,94.85,,102.4,94.525,102.55,103.14,99.45,100.65,95.95
2025-06-13T13:42:20.161276+02:00,102.34,96.925,98.6,94.85,,102.4,94.525,102.55,103.14,99.45,100.65,95.95
2025-06-13T13:51:34.092650+02:00,102.34,96.925,98.6,94.85,,102.4,94.525,102.55,103.14,99.45,100.65,95.95
2025-06-13T14:35:11.845249+02:00,102.34,96.925,98.6,94.875,,102.4,94.55,102.55,103.14,99.45,100.65,95.975
2025-06-13T15:20:06.489938+02:00,102.34,96.9,98.575,94.825,,102.4,94.5,102.55,103.14,99.425,100.625,95.925
2025-06-13T15:47:26.567828+02:00,102.34,96.875,98.55,94.8,,102.4,94.5,102.55,103.14,99.4,100.6,95.9
2025-06-13T16:17:00.339387+02:00,102.34,96.8,98.475,94.7,,102.4,94.4,102.55,103.14,99.325,100.525,95.8
2025-06-13T16:43:49.161551+02:00,102.34,96.8,98.475,94.7,,102.4,94.4,102.55,103.14,99.325,100.525,95.8
2025-06-13T16:53:42.854699+02:00,102.34,96.75,98.425,94.65,,102.4,94.35,102.55,103.14,99.275,100.475,95.75
2025-06-13T17:18:14.309059+02:00,102.34,96.75,98.425,94.65,,102.4,94.35,102.55,103.14,99.275,100.475,95.75
2025-06-13T17:42:19.927328+02:00,102.34,96.75,98.425,94.65,,102.4,94.35,102.55,103.14,99.275,100.475,95.75
2025-06-13T17:53:24.505217+02:00,102.34,96.75,98.425,94.65,,102.4,94.35,102.55,103.14,99.275,100.475,95.75
2025-06-13T18:21:23.840885+02:00,102.34,96.75,98.425,94.65,,102.4,94.35,102.55,103.14,99.275,100.475,95.75
2025-06-13T18:47:36.430705+02:00,102.34,96.75,98.425,94.65,,102.4,94.35,102.55,103.14,99.275,100.475,95.75
2025-06-13T19:15:01.550024+02:00,102.34,96.75,98.425,94.65,,102.4,94.35,102.55,103.14,99.275,100.475,95.75
2025-06-13T19:34:05.552955+02:00,102.34,96.75,98.425,94.65,,102.4,94.35,102.55,103.14,99.275,100.475,95.75
2025-06-13T19:49:42.653298+02:00,102.34,96.75,98.425,94.65,,102.4,94.35,102.55,103.14,99.275,100.475,95.75
2025-06-16T09:18:51.098215+02:00,102.34,96.6,98.275,94.5,,102.4,94.175,102.55,103.14,99.125,100.325,95.575
2025-06-16T09:41:07.060401+02:00,102.34,96.575,98.25,94.45,,102.4,94.15,102.55,103.14,99.1,100.3,95.55
2025-06-16T09:50:37.550201+02:00,102.34,96.6,98.275,94.5,,102.4,94.2,102.55,103.14,99.125,100.325,95.6
2025-06-16T10:24:36.442718+02:00,102.34,96.6,98.275,94.475,,102.4,94.175,102.55,103.14,99.125,100.325,95.575
2025-06-16T10:49:50.916374+02:00,102.34,96.625,98.3,94.525,,102.4,94.225,102.55,103.14,99.15,100.35,95.625
2025-06-16T11:20:24.966551+02:00,102.34,96.625,98.3,94.525,,102.4,94.25,102.55,103.14,99.15,100.35,95.625
2025-06-16T11:44:08.807892+02:00,102.34,96.6,98.275,94.5,,102.4,94.25,102.55,103.14,99.125,100.325,95.6
2025-06-16T11:53:55.779696+02:00,102.34,96.6,98.275,94.475,,102.4,94.225,102.55,103.14,99.125,100.325,95.575
2025-06-16T12:19:24.639758+02:00,102.34,96.625,98.3,94.525,,102.4,94.25,102.55,103.14,99.15,100.35,95.625
2025-06-16T12:46:31.643775+02:00,102.34,96.65,98.325,94.55,,102.4,94.3,102.55,103.14,99.175,100.375,95.65
2025-06-16T13:15:23.816078+02:00,102.34,96.65,98.325,94.575,,102.4,94.3,102.55,103.14,99.175,100.375,95.675
2025-06-16T13:30:51.536088+02:00,102.34,96.65,98.325,94.575,,102.4,94.3,102.55,103.14,99.175,100.375,95.675
2025-06-16T13:50:00.369106+02:00,102.34,96.625,98.3,94.525,,102.4,94.275,102.55,103.14,99.15,100.35,95.625
2025-06-16T14:36:24.324560+02:00,102.34,96.65,98.325,94.55,,102.4,94.3,102.55,103.14,99.175,100.375,95.65
2025-06-16T15:21:50.928985+02:00,102.34,96.675,98.35,94.575,,102.4,94.3,102.55,103.14,99.2,100.4,95.675
2025-06-16T15:50:50.381745+02:00,102.34,96.725,98.4,94.625,,102.4,94.35,102.55,103.14,99.25,100.45,95.725
2025-06-16T16:17:36.662480+02:00,102.34,96.775,98.45,94.7,,102.4,94.4,102.55,103.14,99.3,100.5,95.8
2025-06-16T16:44:26.506361+02:00,102.34,96.8,98.475,94.725,,102.4,94.425,102.55,103.14,99.325,100.525,95.825
2025-06-16T16:54:11.502340+02:00,102.34,96.8,98.475,94.725,,102.4,94.425,102.55,103.14,99.325,100.525,95.825
2025-06-16T17:18:51.251936+02:00,102.34,96.775,98.45,94.675,,102.4,94.4,102.55,103.14,99.3,100.5,95.775
2025-06-16T17:43:19.297958+02:00,102.34,96.775,98.45,94.675,,102.4,94.4,102.55,103.14,99.3,100.5,95.775
2025-06-16T17:54:30.711928+02:00,102.34,96.775,98.45,94.675,,102.4,94.4,102.55,103.14,99.3,100.5,95.775
2025-06-16T18:22:06.896068+02:00,102.34,96.775,98.45,94.675,,102.4,94.4,102.55,103.14,99.3,100.5,95.775
2025-06-16T18:49:28.586253+02:00,102.34,96.775,98.45,94.675,,102.4,94.4,102.55,103.14,99.3,100.5,95.775
2025-06-16T19:15:49.540502+02:00,102.34,96.775,98.45,94.675,,102.4,94.4,102.55,103.14,99.3,100.5,95.775
2025-06-16T19:41:47.149372+02:00,102.34,96.775,98.45,94.675,,102.4,94.4,102.55,103.14,99.3,100.5,95.775
2025-06-16T19:50:51.396804+02:00,102.34,96.775,98.45,94.675,,102.4,94.4,102.55,103.14,99.3,100.5,95.775
2025-06-17T09:17:06.289070+02:00,102.34,96.65,98.325,94.55,,102.4,94.275,102.55,103.14,99.175,100.375,95.65
2025-06-17T09:41:00.708079+02:00,102.34,96.725,98.4,94.55,,102.4,94.25,102.55,103.14,99.2,100.4,95.65
2025-06-17T09:50:37.440734+02:00,102.34,96.725,98.4,94.55,,102.4,94.25,102.55,103.14,99.2,100.4,95.65
2025-06-17T10:23:57.518559+02:00,102.34,96.75,98.425,94.575,,102.4,94.275,102.55,103.14,99.225,100.425,95.675
2025-06-17T10:49:30.758282+02:00,102.34,96.75,98.425,94.575,,102.4,94.275,102.55,103.14,99.225,100.425,95.675
2025-06-17T11:19:11.594640+02:00,102.34,96.775,98.45,94.6,,102.4,94.275,102.55,103.14,99.25,100.45,95.7
2025-06-17T11:43:07.450436+02:00,102.34,96.825,98.5,94.65,,102.4,94.325,102.55,103.14,99.3,100.5,95.75
2025-06-17T11:53:07.155312+02:00,102.34,96.8,98.475,94.65,,102.4,94.3,102.55,103.14,99.275,100.475,95.75
2025-06-17T12:19:13.695117+02:00,102.34,96.775,98.45,94.6,,102.4,94.275,102.55,103.14,99.25,100.45,95.7
2025-06-17T12:45:51.196926+02:00,102.34,96.825,98.5,94.65,,102.4,94.325,102.55,103.14,99.3,100.5,95.75
2025-06-17T13:15:06.803389+02:00,102.34,96.825,98.5,94.65,,102.4,94.325,102.55,103.14,99.3,100.5,95.75
2025-06-17T13:30:30.579295+02:00,102.34,96.85,98.525,94.7,,102.4,94.35,102.55,103.14,99.325,100.525,95.8
2025-06-17T13:42:57.894159+02:00,102.34,96.85,98.525,94.7,,102.4,94.35,102.55,103.14,99.325,100.525,95.8
2025-06-17T13:52:28.150629+02:00,102.34,96.9,98.575,94.75,,102.4,94.4,102.55,103.16,99.375,100.575,95.85
2025-06-17T14:36:18.099078+02:00,102.34,96.95,98.625,94.8,,102.4,94.45,102.55,103.16,99.425,100.625,95.9
2025-06-17T15:20:40.923029+02:00,102.34,96.9,98.575,94.75,,102.4,94.45,102.55,103.16,99.375,100.575,95.85
2025-06-17T15:49:29.537938+02:00,102.34,96.875,98.55,94.725,,102.4,94.425,102.55,103.16,99.35,100.55,95.825
2025-06-17T16:17:42.453613+02:00,102.34,96.85,98.525,94.7,,102.4,94.4,102.55,103.16,99.325,100.525,95.8
2025-06-17T16:45:22.156624+02:00,102.34,96.825,98.5,94.675,,102.4,94.375,102.55,103.16,99.3,100.5,95.775
2025-06-17T16:55:54.728447+02:00,102.34,96.825,98.5,94.675,,102.4,94.375,102.55,103.16,99.3,100.5,95.775
2025-06-17T17:20:20.191732+02:00,102.34,96.85,98.525,94.7,,102.4,94.4,102.55,103.14,99.325,100.525,95.8
2025-06-17T17:43:46.386323+02:00,102.34,96.85,98.525,94.7,,102.4,94.4,102.55,103.14,99.325,100.525,95.8
2025-06-17T17:54:37.650866+02:00,102.34,96.85,98.525,94.7,,102.4,94.4,102.55,103.14,99.325,100.525,95.8
2025-06-17T18:22:05.758851+02:00,102.34,96.85,98.525,94.7,,102.4,94.4,102.55,103.14,99.325,100.525,95.8
2025-06-17T18:50:42.976262+02:00,102.34,96.85,98.525,94.7,,102.4,94.4,102.55,103.14,99.325,100.525,95.8
2025-06-17T19:16:02.271143+02:00,102.34,96.85,98.525,94.7,,102.4,94.4,102.55,103.14,99.325,100.525,95.8
2025-06-17T19:42:20.268664+02:00,102.34,96.85,98.525,94.7,,102.4,94.4,102.55,103.14,99.325,100.525,95.8
2025-06-17T19:51:53.057951+02:00,102.34,96.85,98.525,94.7,,102.4,94.4,102.55,103.14,99.325,100.525,95.8
2025-06-18T09:17:32.282540+02:00,102.34,96.75,98.425,94.6,,102.4,94.325,102.55,103.16,99.225,100.425,95.7
2025-06-18T09:41:17.554713+02:00,102.34,96.775,98.45,94.6,,102.4,94.325,102.55,103.16,99.25,100.45,95.7
2025-06-18T09:51:07.461102+02:00,102.34,96.8,98.475,94.65,,102.4,94.35,102.55,103.16,99.275,100.475,95.75
2025-06-18T10:23:24.138057+02:00,102.34,96.8,98.475,94.625,,102.4,94.325,102.55,103.16,99.275,100.475,95.725
2025-06-18T10:49:07.075774+02:00,102.34,96.775,98.45,94.6,,102.4,94.3,102.55,103.19,99.25,100.45,95.7
2025-06-18T11:19:09.802093+02:00,102.34,96.8,98.475,94.625,,102.4,94.325,102.55,103.19,99.275,100.475,95.725
2025-06-18T11:43:22.510374+02:00,102.34,96.825,98.5,94.65,,102.4,94.35,102.55,103.19,99.3,100.5,95.75
2025-06-18T11:53:32.780436+02:00,102.34,96.85,98.525,94.725,,102.4,94.425,102.55,103.19,99.325,100.525,95.825
2025-06-18T12:18:40.305299+02:00,102.34,96.875,98.55,94.725,,102.4,94.425,102.55,103.19,99.35,100.55,95.825
2025-06-18T12:45:15.399685+02:00,102.34,96.925,98.6,94.8,,102.4,94.475,102.55,103.19,99.4,100.6,95.9
2025-06-18T12:55:21.765675+02:00,102.34,96.925,98.6,94.8,,102.4,94.475,102.55,103.19,99.4,100.6,95.9
2025-06-18T13:15:22.332652+02:00,102.34,96.9,98.575,94.775,,102.4,94.45,102.55,103.19,99.375,100.575,95.875
2025-06-18T13:30:31.425171+02:00,102.34,96.875,98.55,94.75,,102.4,94.425,102.55,103.19,99.35,100.575,95.85
2025-06-18T13:49:44.168132+02:00,102.34,96.875,98.55,94.75,,102.4,94.425,102.55,103.19,99.35,100.55,95.85
2025-06-18T14:36:05.207029+02:00,102.34,96.9,98.575,94.8,,102.4,94.475,102.55,103.19,99.375,100.575,95.9
2025-06-18T15:21:46.237151+02:00,102.34,96.9,98.575,94.775,,102.4,94.475,102.55,103.19,99.375,100.575,95.875
2025-06-18T15:50:12.011537+02:00,102.34,96.925,98.6,94.825,,102.4,94.5,102.55,103.19,99.4,100.6,95.925
2025-06-18T16:17:12.417075+02:00,102.34,96.975,98.65,94.875,,102.4,94.55,102.55,103.19,99.45,100.65,95.975
2025-06-18T16:45:05.660177+02:00,102.34,96.95,98.625,94.85,,102.4,94.525,102.55,103.19,99.425,100.625,95.95
2025-06-18T16:55:59.070414+02:00,102.34,96.95,98.625,94.85,,102.4,94.525,102.55,103.19,99.425,100.625,95.95
2025-06-18T17:20:12.978551+02:00,102.34,96.95,98.625,94.85,,102.4,94.525,102.55,103.14,99.425,100.625,95.95
2025-06-18T17:43:35.657122+02:00,102.34,96.95,98.625,94.85,,102.4,94.525,102.55,103.14,99.425,100.625,95.95
2025-06-18T17:54:25.179657+02:00,102.34,96.95,98.625,94.85,,102.4,94.525,102.55,103.14,99.425,100.625,95.95
2025-06-18T18:22:03.284810+02:00,102.34,96.95,98.625,94.85,,102.4,94.525,102.55,103.14,99.425,100.625,95.95
2025-06-18T18:50:31.581768+02:00,102.34,96.95,98.625,94.85,,102.4,94.525,102.55,103.14,99.425,100.625,95.95
2025-06-18T19:16:51.073815+02:00,102.34,96.95,98.625,94.85,,102.4,94.525,102.55,103.14,99.425,100.625,95.95
2025-06-18T19:44:31.803050+02:00,102.34,96.95,98.625,94.85,,102.4,94.525,102.55,103.14,99.425,100.625,95.95
2025-06-18T19:54:18.037085+02:00,102.34,96.95,98.625,94.85,,102.4,94.525,102.55,103.14,99.425,100.625,95.95
2025-06-19T09:17:14.319713+02:00,102.34,96.825,98.5,94.7,,102.4,94.4,102.55,103.19,99.3,100.5,95.8
2025-06-19T09:39:04.749294+02:00,102.34,96.8,98.475,94.675,,102.4,94.375,102.55,103.19,99.275,100.475,95.775
2025-06-19T09:49:47.173329+02:00,102.34,96.825,98.5,94.7,,102.4,94.375,102.55,103.19,99.3,100.5,95.8
2025-06-19T10:23:19.453429+02:00,102.34,96.8,98.475,94.675,,102.4,94.375,102.55,103.19,99.275,100.475,95.775
2025-06-19T10:48:31.017443+02:00,102.34,96.825,98.5,94.7,,102.4,94.375,102.55,103.19,99.3,100.5,95.8
2025-06-19T11:18:46.217576+02:00,102.34,96.825,98.5,94.7,,102.4,94.4,102.55,103.19,99.3,100.5,95.8
2025-06-19T11:42:31.800751+02:00,102.34,96.825,98.5,94.7,,102.4,94.4,102.55,103.19,99.3,100.5,95.8
2025-06-19T11:52:11.662592+02:00,102.34,96.85,98.6,94.725,,102.4,94.4,102.55,103.19,99.325,100.525,95.825
2025-06-19T12:18:34.336366+02:00,102.34,96.875,98.6,94.775,,102.4,94.45,102.55,103.19,99.35,100.55,95.875
2025-06-19T12:45:11.635639+02:00,102.34,96.85,98.6,94.75,,102.4,94.425,102.55,103.19,99.325,100.525,95.85
2025-06-19T12:55:05.337353+02:00,102.34,96.85,98.6,94.75,,102.4,94.425,102.55,103.19,99.325,100.525,95.85
2025-06-19T13:15:18.440191+02:00,102.34,96.875,98.6,94.75,,102.4,94.425,102.55,103.19,99.35,100.55,95.85
2025-06-19T13:30:54.161643+02:00,102.34,96.875,98.6,94.75,,102.4,94.45,102.55,103.19,99.35,100.55,95.85
2025-06-19T13:49:46.844553+02:00,102.34,96.875,98.6,94.75,,102.4,94.45,102.55,103.19,99.35,100.55,95.85
2025-06-19T14:35:22.577830+02:00,102.34,96.9,98.6,94.8,,102.4,94.475,102.55,103.19,99.375,100.575,95.9
2025-06-19T15:20:27.902908+02:00,102.34,96.9,98.6,94.8,,102.4,94.475,102.55,103.19,99.375,100.575,95.9
2025-06-19T15:47:49.454480+02:00,102.34,96.925,98.6,94.825,,102.4,94.5,102.55,103.19,99.4,100.6,95.925
2025-06-19T16:16:35.986086+02:00,102.34,96.9,98.6,94.775,,102.4,94.475,102.55,103.19,99.375,100.575,95.875
2025-06-19T16:43:37.097573+02:00,102.34,96.9,98.6,94.775,,102.4,94.475,102.55,103.19,99.375,100.575,95.875
2025-06-19T16:53:07.302200+02:00,102.34,96.9,98.6,94.775,,102.4,94.45,102.55,103.19,99.375,100.575,95.875
2025-06-19T17:18:02.654832+02:00,102.34,96.875,98.6,94.75,,102.4,94.45,102.55,103.19,99.35,100.55,95.85
2025-06-19T17:41:48.443964+02:00,102.34,96.875,98.6,94.75,,102.4,94.45,102.55,103.14,99.35,100.55,95.85
2025-06-19T17:51:40.164474+02:00,102.34,96.875,98.6,94.75,,102.4,94.45,102.55,103.14,99.35,100.55,95.85
2025-06-19T18:21:06.884475+02:00,102.34,96.875,98.55,94.75,,102.4,94.45,102.55,103.14,99.35,100.55,95.85
2025-06-19T18:47:50.488741+02:00,102.34,96.875,98.55,94.75,,102.4,94.45,102.55,103.14,99.35,100.55,95.85
2025-06-19T19:14:57.729233+02:00,102.34,96.875,98.55,94.75,,102.4,94.45,102.55,103.14,99.35,100.55,95.85
2025-06-19T19:37:34.184115+02:00,102.34,96.875,98.55,94.75,,102.4,94.45,102.55,103.14,99.35,100.55,95.85
2025-06-19T19:51:38.805316+02:00,102.34,96.875,98.55,94.75,,102.4,94.45,102.55,103.14,99.35,100.55,95.85
2025-06-20T09:16:34.837971+02:00,102.34,96.975,98.65,94.875,,102.4,94.575,102.55,103.19,99.45,100.65,95.975
2025-06-20T09:39:07.699847+02:00,102.34,96.975,98.65,94.85,,102.4,94.55,102.55,103.19,99.45,100.65,95.95
2025-06-20T09:49:38.543488+02:00,102.34,96.925,98.6,94.8,,102.4,94.5,102.55,103.19,99.4,100.6,95.9
2025-06-20T10:23:00.301518+02:00,102.34,96.925,98.7,94.8,,102.4,94.5,102.55,103.19,99.4,100.6,95.9
2025-06-20T10:48:10.440391+02:00,102.34,96.9,98.7,94.725,,102.4,94.525,102.55,103.19,99.375,100.575,95.825
2025-06-20T11:18:07.472943+02:00,102.34,96.875,98.7,94.75,,102.4,94.5,102.55,103.19,99.35,100.55,95.85
2025-06-20T11:42:16.643466+02:00,102.34,96.95,98.7,94.8,,102.4,94.575,102.55,103.19,99.425,100.625,95.9
2025-06-20T11:51:54.526628+02:00,102.34,96.9,98.7,94.775,,102.4,94.525,102.55,103.19,99.375,100.575,95.875
2025-06-20T12:18:26.431875+02:00,102.34,96.875,98.7,94.725,,102.4,94.5,102.55,103.19,99.35,100.55,95.825
2025-06-20T12:45:10.766496+02:00,102.34,96.875,98.7,94.75,,102.4,94.5,102.55,103.19,99.35,100.55,95.85
2025-06-20T12:54:51.557819+02:00,102.34,96.875,98.7,94.75,,102.4,94.5,102.55,103.19,99.35,100.55,95.85
2025-06-20T13:14:51.509324+02:00,102.34,96.925,98.7,94.75,,102.4,94.525,102.55,103.19,99.4,100.6,95.85
2025-06-20T13:30:00.524563+02:00,102.34,96.9,98.7,94.725,,102.4,94.5,102.55,103.19,99.375,100.575,95.825
2025-06-20T13:43:08.390264+02:00,102.34,96.9,98.7,94.725,,102.4,94.5,102.55,103.19,99.375,100.575,95.825
2025-06-20T13:52:17.998956+02:00,102.34,96.925,98.7,94.75,,102.4,94.5,102.55,103.19,99.4,100.6,95.85
2025-06-20T14:35:30.900851+02:00,102.34,96.875,98.7,94.7,,102.4,94.45,102.55,103.19,99.35,100.55,95.8
2025-06-20T15:19:40.718459+02:00,102.34,96.95,98.7,94.8,,102.4,94.525,102.55,103.21,99.425,100.625,95.9
2025-06-20T15:47:00.266712+02:00,102.34,96.975,98.7,94.825,,102.4,94.55,102.55,103.21,99.45,100.65,95.925
2025-06-20T16:16:39.955017+02:00,102.34,96.95,98.7,94.8,,102.4,94.525,102.55,103.21,99.425,100.625,95.875
2025-06-20T16:43:21.938337+02:00,102.34,96.975,98.7,94.8,,102.4,94.55,102.55,103.21,99.45,100.65,95.9
2025-06-20T16:53:35.441427+02:00,102.34,96.95,98.7,94.8,,102.4,94.55,102.55,103.14,99.45,100.65,95.9
2025-06-20T17:17:46.591588+02:00,102.34,96.975,98.7,94.825,,102.4,94.55,102.55,103.14,99.45,100.65,95.925
2025-06-20T17:41:38.520817+02:00,102.34,96.975,98.65,94.825,,102.4,94.55,102.55,103.14,99.45,100.65,95.925
2025-06-20T17:51:16.159867+02:00,102.34,96.975,98.65,94.825,,102.4,94.55,102.55,103.14,99.45,100.65,95.925
2025-06-20T18:20:58.178320+02:00,102.34,96.975,98.65,94.825,,102.4,94.55,102.55,103.14,99.45,100.65,95.925
2025-06-20T18:47:47.746832+02:00,102.34,96.975,98.65,94.825,,102.4,94.55,102.55,103.14,99.45,100.65,95.925
2025-06-20T19:14:57.829003+02:00,102.34,96.975,98.65,94.825,,102.4,94.55,102.55,103.14,99.45,100.65,95.925
2025-06-20T19:33:32.789367+02:00,102.34,96.975,98.65,94.825,,102.4,94.55,102.55,103.14,99.45,100.65,95.925
2025-06-20T19:49:44.721430+02:00,102.34,96.975,98.65,94.825,,102.4,94.55,102.55,103.14,99.45,100.65,95.925
2025-06-23T09:18:33.831979+02:00,102.34,96.875,98.55,94.7,,102.4,94.45,102.796,103.21,99.35,100.55,95.8
2025-06-23T09:41:58.537585+02:00,102.34,96.875,98.55,94.725,,102.4,94.475,102.796,103.21,99.35,100.55,95.825
2025-06-23T09:52:08.187239+02:00,102.34,96.85,98.525,94.7,,102.4,94.45,102.796,103.21,99.325,100.525,95.8
2025-06-23T10:24:44.864424+02:00,102.34,96.875,98.55,94.675,,102.4,94.45,102.796,103.21,99.35,100.55,95.775
2025-06-23T10:50:02.031992+02:00,102.34,96.925,98.6,94.7,,102.4,94.45,102.796,103.21,99.375,100.575,95.8
2025-06-23T11:20:48.867762+02:00,102.34,96.925,98.6,94.725,,102.4,94.45,102.796,103.21,99.375,100.575,95.825
2025-06-23T11:44:29.851161+02:00,102.34,97.0,98.675,94.8,,102.4,94.525,102.796,103.21,99.45,100.65,95.9
2025-06-23T11:54:38.824525+02:00,102.34,97.0,98.675,94.8,,102.4,94.525,102.796,103.21,99.45,100.65,95.9
2025-06-23T12:19:54.858396+02:00,102.34,96.95,98.625,94.75,,102.4,94.475,102.796,103.21,99.4,100.6,95.85
2025-06-23T12:46:28.503919+02:00,102.34,96.95,98.625,94.75,,102.4,94.475,102.796,103.21,99.4,100.6,95.85
2025-06-23T13:15:48.267389+02:00,102.34,96.95,98.625,94.75,,102.4,94.475,102.796,103.21,99.4,100.6,95.85
2025-06-23T13:38:33.978449+02:00,102.34,96.95,98.625,94.75,,102.4,94.475,102.796,103.21,99.4,100.6,95.85
2025-06-23T13:49:43.133985+02:00,102.34,96.975,98.65,94.775,,102.4,94.5,102.796,103.21,99.425,100.625,95.875
2025-06-23T14:36:45.364147+02:00,102.34,97.075,98.75,94.9,,102.4,94.6,102.796,103.21,99.525,100.725,96.0
2025-06-23T15:22:38.870072+02:00,102.34,97.075,98.75,94.9,,102.4,94.6,102.796,103.24,99.525,100.725,96.0
2025-06-23T15:51:32.893942+02:00,102.34,97.1,98.775,94.925,,102.4,94.65,102.796,103.24,99.55,100.75,96.025
2025-06-23T16:17:42.023152+02:00,102.34,97.1,98.775,94.925,,102.4,94.65,102.796,103.24,99.55,100.75,96.025
2025-06-23T16:45:53.789640+02:00,102.34,97.05,98.725,94.875,,102.4,94.6,102.796,103.24,99.5,100.7,95.975
2025-06-23T17:19:06.205681+02:00,102.34,97.1,98.775,94.925,,102.4,94.65,102.796,103.14,99.55,100.75,96.025
2025-06-23T17:43:30.958577+02:00,102.34,97.1,98.775,94.925,,102.4,94.65,102.796,103.14,99.55,100.75,96.025
2025-06-23T17:54:29.219545+02:00,102.34,97.1,98.775,94.925,,102.4,94.65,102.796,103.14,99.55,100.75,96.025
2025-06-23T18:22:18.950218+02:00,102.34,97.1,98.775,94.925,,102.4,94.65,102.796,103.14,99.55,100.75,96.025
2025-06-23T18:49:55.580518+02:00,102.34,97.1,98.775,94.925,,102.4,94.65,102.796,103.14,99.55,100.75,96.025
2025-06-23T19:15:57.362980+02:00,102.34,97.1,98.775,94.925,,102.4,94.65,102.796,103.14,99.55,100.75,96.025
2025-06-23T19:42:30.665198+02:00,102.34,97.1,98.775,94.925,,102.4,94.65,102.796,103.14,99.55,100.75,96.025
2025-06-23T19:52:28.253940+02:00,102.34,97.1,98.775,94.925,,102.4,94.65,102.796,103.14,99.55,100.75,96.025
2025-06-24T09:18:12.593084+02:00,102.34,97.05,98.725,94.825,,102.4,94.6,102.796,103.24,99.5,100.75,95.925
2025-06-24T09:41:45.815159+02:00,102.34,97.05,98.725,94.825,,102.4,94.6,102.796,103.24,99.5,100.75,95.925
2025-06-24T09:51:25.632485+02:00,102.34,97.05,98.725,94.825,,102.4,94.625,102.796,103.24,99.5,100.75,95.925
2025-06-24T10:24:24.245060+02:00,102.34,97.075,98.75,94.85,,102.4,94.65,102.796,103.24,99.525,100.775,95.95
2025-06-24T10:49:40.592739+02:00,102.34,97.075,98.75,94.85,,102.4,94.65,102.796,103.24,99.525,100.775,95.95
2025-06-24T11:19:44.704093+02:00,102.34,96.975,98.65,94.725,,102.4,94.525,102.796,103.24,99.425,100.675,95.825
2025-06-24T11:43:57.117148+02:00,102.34,96.875,98.55,94.625,,102.4,94.45,102.796,103.24,99.325,100.575,95.725
2025-06-24T11:53:57.148704+02:00,102.34,96.9,98.575,94.65,,102.4,94.45,102.796,103.24,99.35,100.6,95.75
2025-06-24T12:19:15.021702+02:00,102.34,96.9,98.575,94.65,,102.4,94.475,102.796,103.24,99.35,100.6,95.75
2025-06-24T12:46:16.463914+02:00,102.34,96.95,98.625,94.7,,102.4,94.5,102.796,103.24,99.4,100.65,95.8
2025-06-24T13:15:18.413086+02:00,102.34,96.9,98.575,94.65,,102.4,94.475,102.796,103.24,99.35,100.6,95.75
2025-06-24T13:31:01.772804+02:00,102.34,96.95,98.625,94.7,,102.4,94.55,102.796,103.24,99.4,100.65,95.8
2025-06-24T13:49:37.713281+02:00,102.34,96.925,98.6,94.675,,102.4,94.55,102.796,103.24,99.375,100.625,95.775
2025-06-24T14:36:09.814357+02:00,102.34,97.0,98.675,94.75,,102.4,94.575,102.796,103.24,99.45,100.7,95.85
2025-06-24T15:21:58.913787+02:00,102.34,97.0,98.675,94.8,,102.4,94.625,102.796,103.24,99.45,100.7,95.9
2025-06-24T15:50:26.969409+02:00,102.34,96.975,98.65,94.775,,102.4,94.575,102.796,103.24,99.425,100.675,95.875
2025-06-24T16:17:38.253161+02:00,102.34,97.0,98.675,94.825,,102.4,94.625,102.796,103.24,99.45,100.7,95.925
2025-06-24T16:44:32.809136+02:00,102.34,97.05,98.725,94.875,,102.4,94.675,102.796,103.26,99.5,100.75,95.975
2025-06-24T16:54:43.123674+02:00,102.34,97.025,98.7,94.85,,102.4,94.65,102.796,103.26,99.475,100.725,95.95
2025-06-24T17:19:21.293119+02:00,102.34,97.05,98.725,94.875,,102.4,94.65,102.796,103.24,99.5,100.75,95.975
2025-06-24T17:43:46.789563+02:00,102.34,97.05,98.725,94.875,,102.4,94.65,102.796,103.24,99.5,100.75,95.975
2025-06-24T17:54:40.638671+02:00,102.34,97.05,98.725,94.875,,102.4,94.65,102.796,103.24,99.5,100.75,95.975
2025-06-24T18:22:04.498382+02:00,102.34,97.05,98.725,94.875,,102.4,94.65,102.796,103.24,99.5,100.75,95.975
2025-06-24T18:49:33.490571+02:00,102.34,97.05,98.725,94.875,,102.4,94.65,102.796,103.24,99.5,100.75,95.975
2025-06-24T19:17:15.841166+02:00,102.34,97.05,98.725,94.875,,102.4,94.65,102.796,103.24,99.5,100.75,95.975
2025-06-24T19:43:10.321694+02:00,102.34,97.05,98.725,94.875,,102.4,94.65,102.796,103.24,99.5,100.75,95.975
2025-06-24T19:53:20.905183+02:00,102.34,97.05,98.725,94.875,,102.4,94.65,102.796,103.24,99.5,100.75,95.975
2025-06-25T09:18:17.651977+02:00,102.34,97.125,98.8,94.975,,102.4,94.775,102.8,103.26,99.575,100.825,96.075
2025-06-25T09:40:52.879581+02:00,102.34,97.125,98.8,94.95,,102.4,94.75,102.8,103.26,99.575,100.825,96.05
2025-06-25T09:50:37.520217+02:00,102.34,97.1,98.775,94.925,,102.4,94.725,102.8,103.26,99.55,100.8,96.025
2025-06-25T10:24:47.091833+02:00,102.34,97.075,98.75,94.925,,102.4,94.775,102.8,103.26,99.525,100.775,96.025
2025-06-25T10:49:57.625787+02:00,102.34,97.0,98.675,94.825,,102.4,94.675,102.8,103.26,99.45,100.7,95.925
2025-06-25T11:20:20.873117+02:00,102.34,97.025,98.6,94.75,,102.4,94.6,102.8,103.26,99.375,100.625,95.85
2025-06-25T11:44:12.342260+02:00,102.34,97.05,98.625,94.775,,102.4,94.625,102.8,103.29,99.4,100.65,95.875
2025-06-25T11:54:42.062242+02:00,102.34,97.025,98.6,94.725,,102.4,94.6,102.8,103.29,99.375,100.625,95.825
2025-06-25T12:19:01.518014+02:00,102.34,97.125,98.6,94.75,,102.4,94.625,102.8,103.29,99.375,100.625,95.85
2025-06-25T12:46:15.155224+02:00,102.34,97.1,98.575,94.675,,102.4,94.55,102.8,103.29,99.35,100.6,95.775
2025-06-25T13:15:30.218197+02:00,102.34,97.075,98.55,94.65,,102.4,94.525,102.8,103.29,99.325,100.575,95.75
2025-06-25T13:31:37.653316+02:00,102.34,97.1,98.575,94.675,,102.4,94.55,102.8,103.29,99.35,100.6,95.775
2025-06-25T13:49:50.181735+02:00,102.34,97.05,98.525,94.625,,102.4,94.525,102.8,103.29,99.3,100.55,95.725
2025-06-25T14:36:27.766669+02:00,102.34,97.125,98.6,94.65,,102.4,94.55,102.8,103.29,99.375,100.625,95.75
2025-06-25T15:22:42.597910+02:00,102.34,97.05,98.525,94.575,,102.4,94.475,102.8,103.29,99.3,100.55,95.675
2025-06-25T15:51:35.576559+02:00,102.34,97.1,98.575,94.575,,102.4,94.475,102.8,103.29,99.35,100.6,95.675
2025-06-25T16:17:23.934235+02:00,102.34,97.125,98.6,94.8,,102.4,94.5,102.8,103.29,99.375,100.625,95.9
2025-06-25T16:45:49.212159+02:00,102.34,97.125,98.6,94.825,,102.4,94.5,102.8,103.29,99.375,100.625,95.925
2025-06-25T17:19:22.596047+02:00,102.34,97.125,98.6,94.825,,102.4,94.5,102.8,103.275,99.375,100.625,95.925
2025-06-25T17:44:08.656032+02:00,102.34,97.125,98.6,94.825,,102.4,94.5,102.8,103.275,99.375,100.625,95.925
2025-06-25T17:55:46.661818+02:00,102.34,97.125,98.6,94.825,,102.4,94.5,102.8,103.275,99.375,100.625,95.925
2025-06-25T18:23:01.534302+02:00,102.34,97.125,98.6,94.825,,102.4,94.5,102.8,103.275,99.375,100.625,95.925
2025-06-25T18:50:22.729830+02:00,102.34,97.125,98.6,94.825,,102.4,94.5,102.8,103.275,99.375,100.625,95.925
2025-06-25T19:16:23.529344+02:00,102.34,97.125,98.6,94.825,,102.4,94.5,102.8,103.275,99.375,100.625,95.925
2025-06-25T19:42:52.018530+02:00,102.34,97.125,98.6,94.825,,102.4,94.5,102.8,103.275,99.375,100.625,95.925
2025-06-25T19:52:31.879508+02:00,102.34,97.125,98.6,94.825,,102.4,94.5,102.8,103.275,99.375,100.625,95.925
2025-06-26T09:17:37.315359+02:00,102.34,97.3,98.775,95.025,,102.4,94.65,102.8,103.31,99.55,100.8,96.125
2025-06-26T09:40:01.104576+02:00,102.34,97.325,98.8,95.125,,102.4,94.675,102.8,103.34,99.575,100.825,96.225
2025-06-26T09:50:02.727721+02:00,102.34,97.325,98.8,95.125,,102.4,94.675,102.8,103.34,99.575,100.825,96.225
2025-06-26T10:23:34.050037+02:00,102.34,97.3,98.775,95.075,,102.4,94.625,102.8,103.34,99.55,100.7,96.175
2025-06-26T10:49:08.059970+02:00,102.34,97.275,98.75,95.075,,102.4,94.625,102.8,103.34,99.525,100.675,96.175
2025-06-26T11:19:07.808888+02:00,102.34,97.275,98.75,95.05,,102.4,94.6,102.8,103.34,99.525,100.675,96.15
2025-06-26T11:43:15.518504+02:00,102.34,97.25,98.725,95.025,,102.4,94.575,102.8,103.34,99.5,100.65,96.125
2025-06-26T11:53:02.854391+02:00,102.34,97.275,98.75,95.05,,102.4,94.6,102.8,103.34,99.525,100.675,96.15
2025-06-26T12:18:39.071318+02:00,102.34,97.225,98.7,95.0,,102.4,94.575,102.8,103.34,99.475,100.625,96.1
2025-06-26T12:45:50.508982+02:00,102.34,97.25,98.725,95.025,,102.4,94.6,102.8,103.34,99.5,100.65,96.125
2025-06-26T13:15:17.091537+02:00,102.34,97.225,98.7,95.025,,102.4,94.6,102.8,103.34,99.475,100.625,96.125
2025-06-26T13:30:58.344255+02:00,102.34,97.25,98.725,95.05,,102.4,94.625,102.8,103.34,99.5,100.65,96.15
2025-06-26T13:49:59.892576+02:00,102.34,97.275,98.75,95.075,,102.4,94.65,102.8,103.34,99.525,100.675,96.175
2025-06-26T14:35:59.355498+02:00,102.34,97.25,98.725,95.05,,102.4,94.65,102.8,103.34,99.5,100.65,96.15
2025-06-26T15:21:19.521983+02:00,102.34,97.25,98.725,95.025,,102.4,94.625,102.8,103.34,99.5,100.65,96.125
2025-06-26T15:49:09.817862+02:00,102.34,97.2,98.675,95.0,,102.4,94.6,102.8,103.34,99.45,100.6,96.1
2025-06-26T16:16:58.783333+02:00,102.34,97.15,98.625,94.925,,102.4,94.575,102.8,103.34,99.4,100.55,96.025
2025-06-26T16:44:01.778667+02:00,102.34,97.125,98.6,94.9,,102.4,94.525,102.8,103.34,99.375,100.525,96.0
2025-06-26T16:54:22.432728+02:00,102.34,97.15,98.625,94.925,,102.4,94.55,102.8,103.34,99.4,100.55,96.025
2025-06-26T17:18:51.763639+02:00,102.34,97.1,98.575,94.875,,102.4,94.5,102.8,103.275,99.35,100.5,95.975
2025-06-26T17:43:51.659316+02:00,102.34,97.1,98.575,94.875,,102.4,94.5,102.8,103.275,99.35,100.5,95.975
2025-06-26T17:57:01.315477+02:00,102.34,97.1,98.575,94.875,,102.4,94.5,102.8,103.275,99.35,100.5,95.975
2025-06-26T18:24:30.762182+02:00,102.34,97.1,98.575,94.875,,102.4,94.5,102.8,103.275,99.35,100.5,95.975
2025-06-26T18:48:17.833420+02:00,102.34,97.1,98.575,94.875,,102.4,94.5,102.8,103.275,99.35,100.5,95.975
2025-06-26T19:16:00.126197+02:00,102.34,97.1,98.575,94.875,,102.4,94.5,102.8,103.275,99.35,100.5,95.975
2025-06-26T19:41:37.542119+02:00,102.34,97.1,98.575,94.875,,102.4,94.5,102.8,103.275,99.35,100.5,95.975
2025-06-26T19:50:43.484016+02:00,102.34,97.1,98.575,94.875,,102.4,94.5,102.8,103.275,99.35,100.5,95.975
2025-06-27T09:17:14.617293+02:00,102.34,97.075,98.55,94.85,,102.4,94.375,102.8,103.94,99.325,100.475,95.95
2025-06-27T09:39:44.323763+02:00,102.34,97.025,98.5,94.8,,102.4,94.45,102.8,103.94,99.275,100.425,95.9
2025-06-27T09:49:36.983316+02:00,102.34,97.05,98.525,94.825,,102.4,94.475,102.8,103.94,99.3,100.45,95.925
2025-06-27T10:23:13.431310+02:00,102.34,97.075,98.55,94.825,,102.4,94.45,102.8,103.74,99.325,100.475,95.925
2025-06-27T10:48:49.726338+02:00,102.34,97.15,98.625,94.925,,102.4,94.525,102.8,103.74,99.4,100.55,96.025
2025-06-27T11:18:28.584184+02:00,102.34,97.15,98.625,94.925,,102.4,94.525,102.8,103.74,99.4,100.55,96.025
2025-06-27T11:42:36.900236+02:00,102.34,97.15,98.625,94.925,,102.4,94.525,102.8,103.74,99.4,100.55,96.025
2025-06-27T11:52:17.269554+02:00,102.34,97.15,98.625,94.925,,102.4,94.525,102.8,103.74,99.4,100.55,96.025
2025-06-27T12:19:04.954224+02:00,102.34,97.1,98.575,94.775,,102.4,94.475,102.8,103.74,99.35,100.5,95.975
2025-06-27T12:45:19.414180+02:00,102.34,97.1,98.575,94.775,,102.4,94.475,102.8,103.74,99.35,100.5,95.975
2025-06-27T12:55:35.853295+02:00,102.34,97.1,98.575,94.775,,102.4,94.475,102.8,103.74,99.35,100.5,95.975
2025-06-27T13:15:31.728747+02:00,102.34,97.125,98.6,94.8,,102.4,94.5,102.8,103.74,99.375,100.525,96.0
2025-06-27T13:37:52.959690+02:00,102.34,97.125,98.6,94.8,,102.4,94.475,102.8,103.74,99.375,100.525,96.0
2025-06-27T13:49:36.068507+02:00,102.34,97.125,98.6,94.8,,102.4,94.45,102.8,103.74,99.375,100.525,96.0
2025-06-27T14:34:54.247957+02:00,102.34,97.1,98.575,94.75,,102.4,94.45,102.8,103.74,99.35,100.5,95.95
2025-06-27T15:19:32.649943+02:00,102.34,97.15,98.625,94.825,,102.4,94.475,102.8,103.74,99.4,100.55,96.025
2025-06-27T15:47:05.624042+02:00,102.34,97.075,98.55,94.725,,102.4,94.4,102.8,103.74,99.325,100.475,95.925
2025-06-27T16:16:36.714836+02:00,102.34,97.15,98.625,94.825,,102.4,94.5,102.8,103.74,99.4,100.55,96.025
2025-06-27T16:43:23.312423+02:00,102.34,97.15,98.625,94.825,,102.4,94.475,102.8,103.74,99.4,100.55,96.025
2025-06-27T16:53:27.039104+02:00,102.34,97.075,98.55,94.75,,102.4,94.4,102.8,103.94,99.325,100.475,95.95
2025-06-27T17:17:59.501933+02:00,102.34,97.075,98.55,94.725,,102.4,94.4,102.8,103.94,99.325,100.475,95.925
2025-06-27T17:41:56.592823+02:00,102.34,97.075,98.55,94.725,,102.4,94.4,102.8,103.94,99.325,100.475,95.925
2025-06-27T17:51:47.557692+02:00,102.34,97.075,98.55,94.725,,102.4,94.4,102.8,103.94,99.325,100.475,95.925
2025-06-27T18:21:32.354428+02:00,102.34,97.075,98.55,94.725,,102.4,94.4,102.8,103.94,99.325,100.475,95.925
2025-06-27T18:46:21.234178+02:00,102.34,97.075,98.55,94.725,,102.4,94.4,102.8,103.94,99.325,100.475,95.925
2025-06-27T19:15:07.785289+02:00,102.34,97.075,98.55,94.725,,102.4,94.4,102.8,103.94,99.325,100.475,95.925
2025-06-27T19:33:51.461821+02:00,102.34,97.075,98.55,94.725,,102.4,94.4,102.8,103.94,99.325,100.475,95.925
2025-06-27T19:50:23.360657+02:00,102.34,97.075,98.55,94.725,,102.4,94.4,102.8,103.94,99.325,100.475,95.925
2025-06-30T08:38:37.505782+02:00,102.34,97.075,98.55,95.025,,102.4,94.4,102.8,103.94,99.325,100.475,95.925
2025-06-30T08:59:54.674728+02:00,102.34,97.075,98.55,95.025,,102.4,94.4,102.8,103.94,99.325,100.475,95.925
2025-06-30T09:30:00.896061+02:00,102.34,97.15,98.625,94.85,,102.4,94.5,102.8,103.74,99.4,100.55,96.05
2025-06-30T09:46:33.358916+02:00,102.34,97.248,98.55,94.53,,102.4,94.487,102.8,103.74,99.36,100.21,96.425
2025-06-30T10:35:23.716531+02:00,102.34,97.25,98.725,94.95,,102.4,94.55,102.8,103.74,99.5,100.65,96.15
2025-06-30T10:59:38.749729+02:00,102.34,97.25,98.725,94.95,,102.4,94.55,102.8,103.74,99.5,100.65,96.15
2025-06-30T11:33:18.789203+02:00,102.34,97.2,98.675,94.9,,102.4,94.5,102.8,103.76,99.45,100.6,96.1
2025-06-30T11:54:30.541684+02:00,102.34,97.225,98.7,94.9,,102.4,94.525,102.8,103.76,99.475,100.625,96.1
2025-06-30T12:29:18.887407+02:00,102.34,97.25,98.725,94.925,,102.4,94.55,102.8,103.76,99.5,100.65,96.125
2025-06-30T12:50:52.865280+02:00,102.34,97.275,98.75,94.95,,102.4,94.575,102.8,103.76,99.525,100.675,96.15
2025-06-30T13:22:11.668003+02:00,102.34,97.25,98.725,95.1,,102.4,94.55,102.8,103.76,99.5,100.65,96.125
2025-06-30T13:43:57.164972+02:00,102.34,97.25,98.725,95.1,,102.4,94.55,102.8,103.76,99.5,100.65,96.125
2025-06-30T13:56:55.066307+02:00,102.34,97.225,98.7,95.1,,102.4,94.525,102.8,103.76,99.475,100.625,96.1
2025-06-30T14:56:56.542996+02:00,102.34,97.225,98.7,95.1,,102.4,94.525,102.8,103.76,99.475,100.625,96.1
2025-06-30T15:39:21.535801+02:00,102.34,97.175,98.65,95.1,,102.4,94.5,102.8,103.76,99.425,100.575,96.05
2025-06-30T15:56:58.008035+02:00,102.34,97.175,98.65,95.1,,102.4,94.5,102.8,103.76,99.425,100.575,96.05
2025-06-30T16:28:33.988861+02:00,102.34,97.15,98.625,95.1,,102.4,94.475,102.8,103.76,99.4,100.55,96.025
2025-06-30T16:49:11.622990+02:00,102.34,97.125,98.6,95.1,,102.4,94.45,102.8,103.76,99.375,100.525,95.975
2025-06-30T17:28:31.745555+02:00,102.34,97.125,98.6,95.1,,102.4,94.45,102.8,103.94,99.375,100.525,96.0
2025-06-30T17:47:00.640216+02:00,102.34,97.125,98.6,95.1,,102.4,94.45,102.8,103.94,99.375,100.525,96.0
2025-06-30T18:33:07.476635+02:00,102.34,97.125,98.6,94.8,,102.4,94.45,102.8,103.94,99.375,100.525,96.0
2025-06-30T18:58:22.105403+02:00,102.34,97.125,98.6,94.8,,102.4,94.45,102.8,103.94,99.375,100.525,96.0
2025-07-01T08:38:34.711446+02:00,102.34,97.125,98.6,94.8,,102.4,94.45,102.8,103.94,99.375,100.525,96.0
2025-07-01T08:59:38.429206+02:00,102.34,97.125,98.6,94.8,,102.4,94.45,102.8,103.94,99.375,100.525,96.0
2025-07-01T09:30:31.522126+02:00,102.34,97.25,98.725,94.925,,102.4,94.6,102.8,103.73,99.5,100.65,96.125
2025-07-01T09:53:20.575663+02:00,102.34,97.35,98.825,95.075,,102.4,94.725,102.8,103.73,99.6,100.75,96.275
2025-07-01T10:34:51.884083+02:00,102.34,97.3,98.775,95.0,,102.4,94.65,102.8,103.73,99.55,100.7,96.2
2025-07-01T10:59:53.523827+02:00,102.34,97.325,98.8,95.025,,102.4,94.675,102.8,103.73,99.575,100.725,96.225
2025-07-01T11:33:24.228812+02:00,102.34,97.3,98.775,95.025,,102.4,94.7,102.8,103.73,99.55,100.7,96.225
2025-07-01T11:54:36.723537+02:00,102.34,97.275,98.75,95.025,,102.4,94.675,102.8,103.73,99.55,100.675,96.225
2025-07-01T12:29:08.223314+02:00,102.34,97.325,98.8,95.05,,102.4,94.7,102.8,103.73,99.575,100.725,96.25
2025-07-01T12:51:06.725071+02:00,102.34,97.325,98.8,95.05,,102.4,94.7,102.8,103.73,99.575,100.725,96.25
2025-07-01T13:22:12.784028+02:00,102.34,97.325,98.8,95.05,,102.4,94.725,102.8,103.73,99.575,100.725,96.25
2025-07-01T13:42:07.740870+02:00,102.34,97.3,98.775,95.05,,102.4,94.725,102.8,103.73,99.55,100.7,96.25
2025-07-01T13:54:40.465052+02:00,102.34,97.275,98.75,95.0,,102.4,94.7,102.8,103.73,99.525,100.675,96.2
2025-07-01T14:53:55.552924+02:00,102.34,97.3,98.775,95.025,,102.4,94.85,102.8,103.73,99.55,100.7,96.225
2025-07-01T15:37:41.423588+02:00,102.34,97.225,98.7,94.975,,102.4,94.775,102.8,103.94,99.475,100.625,96.175
2025-07-01T15:56:54.166092+02:00,102.34,97.225,98.7,94.95,,102.4,94.775,102.8,103.94,99.475,100.625,96.15
2025-07-01T16:27:37.185707+02:00,102.34,97.6,98.675,94.95,,102.4,94.75,102.8,103.94,99.45,100.6,96.15
2025-07-01T16:47:31.969685+02:00,102.34,97.6,98.7,94.975,,102.4,94.775,102.8,103.94,99.475,100.625,96.175
2025-07-01T17:27:36.655026+02:00,102.34,97.6,98.65,94.925,,102.4,94.725,102.8,103.94,99.425,100.575,96.125
2025-07-01T17:46:17.103577+02:00,102.34,97.6,98.65,94.925,,102.4,94.725,102.8,103.94,99.425,100.575,96.125
2025-07-01T18:32:55.361728+02:00,102.34,97.175,98.65,94.925,,102.4,94.725,102.8,103.94,99.425,100.575,96.125
2025-07-01T18:59:06.549832+02:00,102.34,97.175,98.65,94.925,,102.4,94.725,102.8,103.94,99.425,100.575,96.125
2025-07-02T08:38:06.029114+02:00,102.34,97.175,98.65,94.925,,102.4,94.725,102.8,103.94,99.425,100.575,96.125
2025-07-02T08:59:15.284398+02:00,102.34,97.175,98.65,94.925,,102.4,94.725,102.8,103.94,99.425,100.575,96.125
2025-07-02T09:28:28.844693+02:00,102.34,97.1,98.575,94.85,,102.4,94.65,102.8,103.73,99.35,100.5,96.05
2025-07-02T09:45:24.653564+02:00,102.34,97.075,98.55,94.85,,102.4,94.625,102.8,103.73,99.325,100.475,96.05
2025-07-02T09:58:18.748422+02:00,102.34,97.075,98.55,94.85,,102.4,94.625,102.8,103.73,99.325,100.475,96.05
2025-07-02T10:37:24.304397+02:00,102.9,97.075,98.55,94.825,,102.8,94.625,103.05,103.73,99.325,100.475,96.025
2025-07-02T10:59:53.298905+02:00,102.9,97.075,98.55,94.825,,102.8,94.625,103.05,103.73,99.325,100.55,96.025
2025-07-02T11:33:22.831243+02:00,102.9,97.1,98.575,94.875,,102.8,94.65,103.05,103.73,99.35,100.625,96.075
2025-07-02T11:54:36.772622+02:00,102.9,97.075,98.55,94.825,,102.8,94.625,103.05,103.475,99.325,100.6,96.025
2025-07-02T12:29:00.650476+02:00,102.9,97.3,98.6,94.9,,102.8,94.675,103.05,103.73,99.375,100.65,96.1
2025-07-02T12:50:28.353851+02:00,102.9,97.3,98.6,94.875,,102.8,94.675,103.05,103.73,99.375,100.65,96.075
2025-07-02T13:22:28.599404+02:00,102.925,97.325,98.625,94.9,,102.8,94.7,103.05,103.73,99.4,100.675,96.1
2025-07-02T13:42:00.539245+02:00,102.925,97.325,98.625,94.9,,102.8,94.7,103.05,103.73,99.4,100.675,96.1
2025-07-02T13:54:49.635553+02:00,102.925,97.325,98.625,94.9,,102.8,94.7,103.05,103.73,99.4,100.675,96.1
2025-07-02T14:53:43.224116+02:00,102.925,97.175,98.525,94.75,,102.8,94.575,103.05,103.475,99.3,100.575,95.95
2025-07-02T15:37:10.363441+02:00,102.925,97.125,98.475,94.7,,102.8,94.5,103.05,103.73,99.25,100.525,95.9
2025-07-02T15:55:26.671683+02:00,102.925,97.125,98.475,94.7,,102.8,94.525,103.05,103.73,99.25,100.525,95.9
2025-07-02T16:25:48.601185+02:00,102.925,97.125,98.475,94.725,,102.8,94.525,103.05,103.73,99.25,100.525,95.925
2025-07-02T16:48:10.796854+02:00,102.925,97.15,98.5,94.725,,102.8,94.55,103.05,103.475,99.275,100.55,95.925
2025-07-02T17:28:15.963062+02:00,102.925,97.2,98.55,94.8,,102.8,94.6,103.05,103.475,99.325,100.6,96.0
2025-07-02T17:47:45.678521+02:00,102.925,97.2,98.55,94.8,,102.8,94.6,103.05,103.475,99.325,100.6,96.0
2025-07-02T18:32:30.562096+02:00,102.925,97.2,98.55,94.8,,102.8,94.6,103.05,103.475,99.325,100.6,96.0
2025-07-02T18:59:24.001721+02:00,102.925,97.2,98.55,94.8,,102.8,94.6,103.05,103.475,99.325,100.6,96.0
2025-07-03T08:38:05.689805+02:00,102.925,97.2,98.55,94.8,,102.8,94.6,103.05,103.475,99.325,100.6,96.0
2025-07-03T08:59:38.710017+02:00,102.925,97.2,98.55,94.8,,102.8,94.6,103.05,103.475,99.325,100.6,96.0
2025-07-03T09:28:51.854865+02:00,102.925,97.2,98.55,94.8,,102.8,94.575,103.05,103.73,99.325,100.6,96.0
2025-07-03T09:44:31.743707+02:00,102.925,97.25,98.6,94.85,,102.8,94.625,103.05,103.73,99.375,100.65,96.05
2025-07-03T09:57:29.686070+02:00,102.925,97.225,98.575,94.825,,102.8,94.6,103.05,103.76,99.35,100.625,96.025
2025-07-03T10:36:05.323307+02:00,102.925,97.25,98.65,94.9,,102.8,94.675,103.05,103.475,99.425,100.7,96.1
2025-07-03T10:59:04.196451+02:00,102.925,97.25,98.65,94.925,,102.8,94.675,103.05,103.475,99.425,100.7,96.125
2025-07-03T11:31:12.822648+02:00,102.925,97.275,98.675,94.875,,102.8,94.65,103.05,103.76,99.45,100.725,96.075
2025-07-03T11:54:14.165386+02:00,102.925,97.3,98.7,94.9,,102.8,94.675,103.05,103.76,99.475,100.75,96.1
2025-07-03T12:28:26.220233+02:00,102.925,97.3,98.7,94.925,,102.8,94.7,103.05,103.76,99.475,100.75,96.125
2025-07-03T12:50:04.924721+02:00,102.925,97.275,98.675,94.95,,102.8,94.725,103.05,103.475,99.45,100.725,96.15
2025-07-03T13:22:44.421430+02:00,102.925,97.3,98.7,94.95,,102.8,94.725,103.05,103.76,99.475,100.75,96.15
2025-07-03T13:42:35.230036+02:00,102.925,97.275,98.675,94.95,,102.8,94.725,103.05,103.76,99.45,100.725,96.15
2025-07-03T13:55:20.903698+02:00,102.925,97.275,98.675,94.925,,102.8,94.7,103.05,103.76,99.45,100.725,96.125
2025-07-03T14:52:07.815798+02:00,102.925,97.5,98.55,94.8,,102.8,94.575,103.05,103.475,99.325,100.6,96.0
2025-07-03T15:36:16.890599+02:00,102.925,97.5,98.6,94.85,,102.8,94.625,103.05,103.76,99.375,100.65,96.05
2025-07-03T15:56:06.153621+02:00,102.925,97.5,98.625,94.85,,102.8,94.65,103.05,103.76,99.4,100.675,96.05
2025-07-03T16:27:01.040548+02:00,102.925,97.3,98.65,94.9,,102.8,94.675,103.05,103.76,99.425,100.7,96.1
2025-07-03T16:48:08.545830+02:00,102.925,97.275,98.625,94.925,,102.8,94.7,103.05,103.76,99.45,100.725,96.125
2025-07-03T17:27:39.632411+02:00,102.925,97.275,98.625,94.925,,102.8,94.7,103.05,103.475,99.45,100.725,96.125
2025-07-03T17:46:29.187552+02:00,102.925,97.275,98.625,94.925,,102.8,94.7,103.05,103.475,99.45,100.725,96.125
2025-07-03T18:32:02.818417+02:00,102.925,97.275,98.625,94.925,,102.8,94.7,103.05,103.475,99.45,100.725,96.125
2025-07-03T18:59:23.442204+02:00,102.925,97.275,98.625,94.925,,102.8,94.7,103.05,103.475,99.45,100.725,96.125
2025-07-04T08:37:55.315611+02:00,102.925,97.275,98.625,94.925,,102.8,94.7,103.05,103.475,99.45,100.725,96.125
2025-07-04T08:59:44.332288+02:00,102.925,97.275,98.625,94.925,,102.8,94.7,103.05,103.475,99.45,100.725,96.125
2025-07-04T09:30:36.597779+02:00,102.925,97.425,98.775,95.1,,102.8,94.85,103.05,103.76,99.6,100.875,96.3
2025-07-04T09:53:23.791103+02:00,102.925,97.425,98.775,95.1,,102.8,94.875,103.05,103.76,99.6,100.875,96.3
2025-07-04T10:33:57.966859+02:00,102.925,97.45,98.8,95.075,,102.8,94.9,103.05,103.76,99.625,100.9,96.275
2025-07-04T10:58:57.466670+02:00,102.925,97.45,98.8,95.05,,102.8,94.875,103.05,103.76,99.625,100.9,96.25
2025-07-04T11:31:19.867952+02:00,102.925,97.425,98.775,95.025,,102.8,94.875,103.05,103.76,99.6,100.875,96.225
2025-07-04T11:53:28.511750+02:00,102.925,97.4,98.75,95.025,,102.8,94.85,103.05,103.76,99.575,100.85,96.225
2025-07-04T12:27:46.517219+02:00,102.925,97.4,98.75,95.0,,102.8,94.825,103.05,103.76,99.575,100.85,96.2
2025-07-04T12:48:36.951101+02:00,102.925,97.425,98.775,95.0,,102.8,94.825,103.05,103.76,99.6,100.875,96.2
2025-07-04T13:22:25.402034+02:00,102.925,97.45,98.8,95.05,,102.8,94.875,103.05,103.475,99.625,100.9,96.25
2025-07-04T13:41:35.787989+02:00,102.925,97.425,98.775,95.025,,102.8,94.85,103.05,103.475,99.6,100.875,96.225
2025-07-04T13:54:07.736296+02:00,102.925,97.4,98.75,94.975,,102.8,94.825,103.05,103.76,99.575,100.85,96.175
2025-07-04T14:52:16.092848+02:00,102.925,97.4,98.75,94.975,,102.8,94.825,103.05,103.475,99.575,100.85,96.175
2025-07-04T15:35:37.947674+02:00,102.925,97.4,98.75,95.0,,102.8,94.825,103.05,103.475,99.575,100.85,96.2
2025-07-04T15:54:46.745411+02:00,102.925,97.4,98.75,95.0,,102.8,94.825,103.05,103.475,99.575,100.85,96.2
2025-07-04T16:24:39.931142+02:00,102.925,97.4,98.75,94.975,,102.8,94.8,103.05,103.475,99.575,100.825,96.175
2025-07-04T16:45:51.908770+02:00,102.925,97.4,98.725,94.95,,102.8,94.8,103.05,103.475,99.55,100.825,96.15
2025-07-04T17:26:21.088875+02:00,102.925,97.45,98.725,94.95,,102.8,94.8,103.05,103.475,99.55,100.825,96.15
2025-07-04T17:44:43.389266+02:00,102.925,97.45,98.725,94.95,,102.8,94.8,103.05,103.475,99.55,100.825,96.15
2025-07-04T17:57:18.515369+02:00,102.925,97.45,98.725,94.95,,102.8,94.8,103.05,103.475,99.55,100.825,96.15
2025-07-04T18:33:42.976391+02:00,102.925,97.45,98.725,94.95,,102.8,94.8,103.05,103.475,99.55,100.825,96.15
2025-07-04T18:57:21.209835+02:00,102.925,97.45,98.725,94.95,,102.8,94.8,103.05,103.475,99.55,100.825,96.15
2025-07-07T08:39:20.604166+02:00,102.925,97.45,98.725,94.906,,102.8,94.8,103.05,103.475,99.55,100.825,96.15
2025-07-07T08:59:57.939990+02:00,102.925,97.45,98.725,94.906,,102.8,94.8,103.05,103.475,99.55,100.825,96.15
2025-07-07T09:30:30.081467+02:00,102.925,97.4,98.675,94.9,,102.8,94.775,103.05,103.76,99.5,100.775,96.1
2025-07-07T09:52:51.328805+02:00,102.925,97.35,98.625,94.825,,102.8,94.725,103.05,103.76,99.45,100.725,96.025
2025-07-07T10:36:17.124933+02:00,102.925,97.425,98.7,94.9,,102.8,94.95,103.05,103.76,99.525,100.8,96.1
2025-07-07T10:59:54.142365+02:00,102.925,97.375,98.65,94.875,,102.8,94.95,103.05,103.76,99.475,100.75,96.075
2025-07-07T11:33:44.170379+02:00,102.925,97.35,98.625,94.825,,102.8,94.95,103.05,103.76,99.45,100.725,96.025
2025-07-07T11:54:42.307146+02:00,102.925,97.35,98.625,94.85,,102.8,94.95,103.05,103.76,99.45,100.725,96.05
2025-07-07T12:29:19.377861+02:00,102.925,97.375,98.65,94.975,,102.8,94.95,103.05,103.76,99.475,100.75,96.175
2025-07-07T12:51:16.175614+02:00,102.925,97.35,98.65,94.95,,102.8,,103.05,103.76,99.475,100.75,96.15
2025-07-07T13:22:12.754007+02:00,102.925,97.35,98.625,94.95,,102.8,,103.05,103.76,99.45,100.725,96.15
2025-07-07T13:42:06.301030+02:00,102.925,97.35,98.625,94.95,,102.8,,103.05,103.76,99.45,100.725,96.15
2025-07-07T13:55:07.371703+02:00,102.925,97.35,98.625,94.95,,102.8,,103.05,103.76,99.45,100.725,96.15
2025-07-07T14:54:11.195217+02:00,102.925,97.325,98.6,94.9,,102.8,94.95,103.05,103.76,99.425,100.7,96.1
2025-07-07T15:37:53.514571+02:00,102.925,97.325,98.6,94.875,,102.8,94.95,103.05,103.76,99.425,100.7,96.075
2025-07-07T15:57:23.284535+02:00,102.925,97.3,98.575,94.85,,102.8,94.95,103.05,103.76,99.4,100.675,96.05
2025-07-07T16:28:55.154734+02:00,102.925,97.3,98.575,94.85,,102.8,94.95,103.05,103.475,99.4,100.675,96.05
2025-07-07T16:49:33.559506+02:00,102.925,97.275,98.55,94.825,,102.8,94.95,103.05,103.76,99.375,100.65,96.025
2025-07-07T17:26:50.938885+02:00,102.925,97.275,98.55,94.825,,102.8,94.95,103.05,103.475,99.375,100.65,96.025
2025-07-07T17:46:00.661735+02:00,102.925,97.275,98.55,94.825,,102.8,94.95,103.05,103.475,99.375,100.65,96.025
2025-07-07T18:33:25.515859+02:00,102.925,97.275,98.55,94.825,,102.8,94.625,103.05,103.475,99.375,100.65,96.025
2025-07-07T18:58:55.396137+02:00,102.925,97.275,98.55,94.825,,102.8,94.625,103.05,103.475,99.375,100.65,96.025
2025-07-08T08:38:20.706230+02:00,102.925,97.275,98.55,94.825,,102.8,94.625,103.05,103.475,99.375,100.65,96.025
2025-07-08T08:59:21.710631+02:00,102.925,97.275,98.55,94.825,,102.8,94.625,103.05,103.475,99.375,100.65,96.025
2025-07-08T09:29:25.725824+02:00,102.925,97.125,98.4,94.675,,102.4,94.475,103.05,103.76,99.225,100.6,95.875
2025-07-08T09:46:22.344290+02:00,102.925,97.1,98.4,94.575,,102.4,94.45,103.05,103.76,99.2,100.6,95.775
2025-07-08T10:35:00.341129+02:00,102.925,97.1,98.4,94.575,,102.4,94.45,103.05,103.76,99.2,100.53,95.775
2025-07-08T11:00:02.971645+02:00,102.925,97.075,98.4,94.55,,102.4,94.425,103.05,103.76,99.175,100.53,95.75
2025-07-08T11:32:46.178186+02:00,102.925,97.05,98.4,94.525,,102.4,94.4,103.05,103.75,99.4,100.53,95.725
2025-07-08T11:54:42.666752+02:00,102.925,97.025,98.4,94.5,,102.4,94.375,103.05,103.75,99.4,100.53,95.7
2025-07-08T12:28:27.956268+02:00,102.925,97.05,98.4,94.5,,102.4,94.375,103.05,103.75,99.4,100.53,95.7
2025-07-08T12:49:48.885274+02:00,102.925,97.1,98.4,94.575,,102.4,94.45,103.05,103.75,99.4,100.53,95.775
2025-07-08T13:22:51.392441+02:00,102.925,97.1,98.4,94.575,,102.4,94.45,103.05,103.75,99.4,100.53,95.775
2025-07-08T13:42:44.079058+02:00,102.925,97.1,98.4,94.6,,102.4,94.45,103.05,103.75,99.4,100.53,95.8
2025-07-08T13:55:31.294973+02:00,102.95,97.1,98.4,94.575,,102.4,94.425,103.075,103.75,99.4,100.53,95.775
2025-07-08T14:54:47.909312+02:00,102.95,97.125,98.4,94.6,,102.4,94.5,103.075,103.75,99.4,100.53,95.8
2025-07-08T15:39:47.322096+02:00,102.95,97.125,98.4,94.6,,102.4,94.5,103.075,103.75,99.4,100.53,95.8
2025-07-08T15:58:17.161115+02:00,102.95,97.15,98.425,94.625,,102.4,94.5,103.075,103.75,99.4,100.53,95.825
2025-07-08T16:29:28.660192+02:00,102.975,97.175,98.4,94.6,,102.4,94.5,103.1,103.75,99.4,100.53,95.8
2025-07-08T16:50:24.449403+02:00,102.975,97.175,98.4,94.6,,102.4,94.5,103.1,103.75,99.4,100.53,95.8
2025-07-08T17:28:14.218698+02:00,102.975,97.2,98.425,94.625,,102.4,94.525,103.1,103.525,99.4,100.525,95.825
2025-07-08T17:47:09.568952+02:00,102.975,97.2,98.425,94.625,,102.4,94.525,103.1,103.525,99.4,100.525,95.825
2025-07-08T18:33:55.724490+02:00,102.975,97.2,98.425,94.625,,102.4,94.525,103.1,103.525,99.25,100.525,95.825
2025-07-08T18:59:28.089646+02:00,102.975,97.2,98.425,94.625,,102.4,94.525,103.1,103.525,99.25,100.525,95.825
2025-07-09T08:38:28.907882+02:00,102.975,97.2,98.425,94.625,,102.4,94.525,103.1,103.525,99.25,100.525,95.825
2025-07-09T08:59:44.638047+02:00,102.975,97.2,98.425,94.625,,102.4,94.525,103.1,103.525,99.25,100.525,95.825
2025-07-09T09:30:18.609112+02:00,102.975,97.225,98.45,94.65,,102.4,94.55,103.1,103.75,99.275,100.55,95.85
2025-07-09T09:47:34.179841+02:00,102.975,97.25,98.475,94.675,,102.4,94.55,103.1,103.75,99.275,100.55,95.875
2025-07-09T10:35:01.638488+02:00,102.975,97.25,98.475,94.65,,102.4,94.55,103.1,103.75,99.275,100.55,95.85
2025-07-09T11:00:20.836625+02:00,102.975,97.25,98.475,94.625,,102.4,94.525,103.1,103.525,99.275,100.55,95.825
2025-07-09T11:33:46.691115+02:00,102.975,97.25,98.475,94.625,,102.4,94.525,103.1,103.8,99.275,100.58,95.825
2025-07-09T11:55:16.649429+02:00,102.975,97.25,98.475,94.625,,102.4,94.525,103.1,103.8,99.275,100.58,95.825
2025-07-09T12:29:17.812551+02:00,102.975,97.25,98.475,94.625,,102.4,94.5,103.1,103.8,99.275,100.58,95.825
2025-07-09T12:51:05.803467+02:00,102.975,97.275,98.5,94.65,,102.4,94.525,103.1,103.8,99.3,100.58,95.85
2025-07-09T13:23:25.460235+02:00,102.975,97.275,98.5,94.65,,102.4,94.525,103.1,103.8,99.3,100.58,95.85
2025-07-09T13:43:55.715678+02:00,102.975,97.25,98.475,94.625,,102.4,94.5,103.1,103.8,99.275,100.58,95.825
2025-07-09T13:56:46.446092+02:00,102.975,97.3,98.525,94.625,,102.4,94.5,103.1,103.8,99.325,100.6,95.825
2025-07-09T14:57:11.975380+02:00,102.975,97.35,98.575,94.7,,102.4,94.525,103.1,103.8,99.375,100.65,95.9
2025-07-09T15:39:50.274161+02:00,102.975,97.425,98.65,94.75,,102.4,94.55,103.1,103.8,99.45,100.725,95.95
2025-07-09T15:57:22.035709+02:00,102.975,97.425,98.65,94.75,,102.4,94.55,103.1,103.8,99.45,100.725,95.95
2025-07-09T16:29:08.904063+02:00,103.025,97.45,98.675,94.8,,102.4,94.55,103.15,103.575,99.475,100.75,96.0
2025-07-09T16:49:50.793327+02:00,103.025,97.45,98.675,95.0,,102.4,94.575,103.15,103.575,99.475,100.75,96.1
2025-07-09T17:28:32.274079+02:00,103.025,97.45,98.675,95.0,,102.4,94.575,103.15,103.575,99.475,100.75,96.1
2025-07-09T17:47:43.966626+02:00,103.025,97.45,98.675,95.0,,102.4,94.575,103.15,103.575,99.475,100.75,96.1
2025-07-09T18:32:58.930940+02:00,103.025,97.45,98.675,95.0,,102.4,94.575,103.15,103.575,99.475,100.75,96.1
2025-07-09T19:00:06.609222+02:00,103.025,97.45,98.675,95.0,,102.4,94.575,103.15,103.575,99.475,100.75,96.1
2025-07-10T08:38:54.392792+02:00,103.025,97.45,98.675,95.0,,102.4,94.575,103.15,103.575,99.475,100.75,96.1
2025-07-10T09:00:00.706587+02:00,103.025,97.5,98.725,94.975,,102.4,94.6,103.15,103.575,99.525,100.8,96.075
2025-07-10T09:30:02.144301+02:00,103.025,97.525,98.675,94.9,,102.4,94.55,103.15,103.85,99.475,100.75,96.0
2025-07-10T09:46:07.450209+02:00,103.025,97.55,98.7,94.925,,102.4,94.575,103.15,103.85,99.5,100.775,96.025
2025-07-10T10:34:46.765540+02:00,103.025,97.525,98.675,94.925,,102.4,94.575,103.15,103.85,99.475,100.75,96.025
2025-07-10T10:59:57.098288+02:00,103.025,97.525,98.675,94.9,,102.4,94.575,103.15,103.85,99.475,100.75,96.0
2025-07-10T11:33:28.418340+02:00,103.025,97.475,98.625,94.875,,102.4,94.525,103.15,103.95,99.425,100.73,95.975
2025-07-10T11:55:38.157333+02:00,103.025,97.45,98.6,94.825,,102.4,94.5,103.15,103.95,99.4,100.73,95.925
2025-07-10T12:29:28.753685+02:00,103.025,97.475,98.625,94.85,,102.4,94.525,103.15,103.95,99.425,100.7,95.95
2025-07-10T12:51:05.017586+02:00,103.025,97.5,98.65,94.85,,102.4,94.55,103.15,103.95,99.45,100.725,95.95
2025-07-10T13:22:54.117381+02:00,103.025,97.525,98.675,94.875,,102.4,94.55,103.15,103.95,99.475,100.75,95.975
2025-07-10T13:42:32.215156+02:00,103.025,97.525,98.675,94.875,,102.4,94.55,103.15,103.95,99.475,100.75,95.975
2025-07-10T13:55:18.811045+02:00,103.025,97.525,98.675,94.9,,102.4,94.575,103.15,103.95,99.475,100.75,96.0
2025-07-10T14:54:50.144250+02:00,103.025,97.425,98.575,94.85,,102.4,94.525,103.15,103.95,99.375,100.65,95.95
2025-07-10T15:39:26.590782+02:00,103.075,97.475,98.625,94.875,,102.4,94.75,103.2,103.95,99.425,100.7,95.975
2025-07-10T15:57:54.673833+02:00,103.075,97.45,98.6,94.85,,102.4,94.725,103.2,103.95,99.4,100.675,95.95
2025-07-10T16:30:35.641887+02:00,103.075,97.325,98.475,94.675,,102.4,94.65,103.2,103.95,99.275,100.6,95.775
2025-07-10T16:56:39.283273+02:00,103.075,97.35,98.5,94.7,,102.4,94.675,103.2,103.95,99.3,100.6,95.8
2025-07-10T17:32:01.329330+02:00,103.075,97.35,98.5,94.725,,102.4,94.675,103.2,103.625,99.3,100.675,95.825
2025-07-10T17:56:29.394275+02:00,103.075,97.35,98.5,94.725,,102.4,94.675,103.2,103.625,99.3,100.675,95.825
2025-07-10T18:35:35.476968+02:00,103.075,97.35,98.5,94.725,,102.4,94.675,103.2,103.625,99.3,100.675,95.825
2025-07-10T19:01:08.503212+02:00,103.075,97.35,98.5,94.725,,102.4,94.675,103.2,103.625,99.3,100.675,95.825
2025-07-11T08:38:35.984628+02:00,103.075,97.35,98.5,94.725,,102.4,94.675,103.2,103.625,99.3,100.675,95.825
2025-07-11T08:59:51.897327+02:00,103.075,97.35,98.5,94.725,,102.4,94.675,103.2,103.625,99.3,100.675,95.825
2025-07-11T09:30:33.432290+02:00,103.1,97.325,98.475,94.7,,102.4,,103.225,103.95,99.275,100.65,95.8
2025-07-11T09:53:36.260878+02:00,103.1,97.3,98.45,94.65,,102.4,,103.225,103.95,99.225,100.6,95.75
2025-07-11T10:34:49.803823+02:00,103.1,97.25,98.4,94.55,,102.4,94.525,103.225,103.95,99.15,100.525,95.65
2025-07-11T10:59:23.203710+02:00,103.1,97.25,98.4,94.55,,102.4,94.525,103.225,103.95,99.15,100.525,95.65
2025-07-11T11:32:04.893412+02:00,103.1,97.2,98.4,94.5,,102.4,94.475,103.225,103.95,99.1,100.525,95.6
2025-07-11T11:54:16.746240+02:00,103.1,97.2,98.4,94.475,,102.4,,103.225,103.95,99.1,100.525,95.575
2025-07-11T12:28:26.767822+02:00,103.1,97.225,98.4,94.525,,102.4,94.5,103.225,103.95,99.125,100.55,95.625
2025-07-11T12:50:01.229018+02:00,103.1,97.25,98.4,94.55,,102.4,,103.225,103.95,99.15,100.575,95.65
2025-07-11T13:23:05.283111+02:00,103.1,97.25,98.4,94.55,,102.4,,103.225,103.95,99.15,100.575,95.65
2025-07-11T13:42:46.253749+02:00,103.1,97.25,98.4,94.55,,102.4,,103.225,103.65,99.15,100.575,95.65
2025-07-11T13:55:26.714970+02:00,103.1,97.275,98.425,94.575,,102.4,,103.225,103.65,99.175,100.6,95.675
2025-07-11T14:53:42.450337+02:00,103.1,97.275,98.425,94.575,,102.4,94.65,103.225,103.9,99.175,100.6,95.675
2025-07-11T15:37:08.938903+02:00,103.1,97.225,98.4,94.525,,102.4,94.6,103.225,103.9,99.125,100.55,95.625
2025-07-11T15:56:13.281275+02:00,103.1,97.225,98.4,94.5,,102.4,94.575,103.225,103.9,99.125,100.55,95.6
2025-07-11T16:28:15.413138+02:00,103.1,97.2,98.4,94.475,,102.4,94.575,103.225,103.9,99.1,100.525,95.575
2025-07-11T16:49:03.874306+02:00,103.1,97.225,98.4,94.5,,102.4,94.575,103.225,103.9,99.125,100.55,95.6
2025-07-11T17:28:16.273922+02:00,103.1,97.225,98.4,94.5,,102.4,94.575,103.225,103.65,99.125,100.55,95.6
2025-07-11T17:46:52.744274+02:00,103.1,97.225,98.4,94.5,,102.4,94.575,103.225,103.65,99.125,100.55,95.6
2025-07-11T18:32:51.275521+02:00,103.1,97.225,98.375,94.5,,102.4,94.575,103.225,103.65,99.125,100.55,95.6
2025-07-11T18:59:12.590986+02:00,103.1,97.225,98.375,94.5,,102.4,94.575,103.225,103.65,99.125,100.55,95.6
2025-07-14T08:40:43.197413+02:00,103.1,97.225,98.375,94.664,,102.4,94.575,103.225,103.65,99.125,100.55,95.6
2025-07-14T09:01:38.988547+02:00,103.1,97.225,98.375,94.525,,102.4,94.625,103.225,103.65,99.125,100.55,95.625
2025-07-14T09:37:26.452994+02:00,103.1,97.175,98.325,94.475,,102.4,94.575,103.225,103.9,99.075,100.5,95.575
2025-07-14T09:54:40.980080+02:00,103.1,97.175,98.325,94.475,,102.4,94.55,103.225,103.9,99.075,100.5,95.575
2025-07-14T10:38:28.511240+02:00,103.1,97.175,98.325,94.475,,102.4,94.55,103.225,103.88,99.075,100.5,95.575
2025-07-14T11:03:09.778707+02:00,103.1,97.2,98.35,94.5,,102.4,94.575,103.225,103.88,99.1,100.525,95.6
2025-07-14T11:43:45.790499+02:00,103.1,97.225,98.375,94.525,,102.4,94.6,103.225,103.88,99.125,100.55,95.625
2025-07-14T11:59:22.132685+02:00,103.1,97.175,98.325,94.5,,102.4,94.6,103.225,103.88,99.075,100.5,95.6
2025-07-14T12:34:55.129756+02:00,103.1,97.2,98.35,94.475,,102.4,94.6,103.225,103.88,99.1,100.525,95.575
2025-07-14T12:57:03.830375+02:00,103.1,97.2,98.35,94.475,,102.4,94.575,103.225,103.88,99.1,100.525,95.575
2025-07-14T13:25:12.813590+02:00,103.1,97.175,98.325,94.45,,102.4,94.55,103.225,103.65,99.075,100.5,95.55
2025-07-14T13:43:21.835943+02:00,103.1,97.15,98.3,94.45,,102.4,94.55,103.225,103.65,99.05,100.475,95.55
2025-07-14T13:56:05.056827+02:00,103.1,97.15,98.3,94.425,,102.4,94.55,103.225,103.88,99.05,100.475,95.525
2025-07-14T14:58:29.221973+02:00,103.1,97.15,98.3,94.425,,102.4,94.525,103.225,103.88,99.05,100.475,95.525
2025-07-14T15:43:43.978687+02:00,103.1,97.15,98.3,94.425,,102.4,94.55,103.225,103.88,99.05,100.475,95.525
2025-07-14T16:00:09.562692+02:00,103.1,97.175,98.325,94.45,,102.4,94.55,103.225,103.9,99.075,100.5,95.55
2025-07-14T16:33:14.132777+02:00,103.1,97.175,98.325,94.425,,102.4,94.55,103.225,103.9,99.075,100.5,95.525
2025-07-14T16:56:35.605897+02:00,103.1,97.175,98.325,94.425,,102.4,94.525,103.225,103.9,99.075,100.5,95.525
2025-07-14T17:31:24.871256+02:00,103.1,97.175,98.325,94.4,,102.4,94.525,103.225,103.65,99.075,100.5,95.5
2025-07-14T17:55:54.409788+02:00,103.1,97.175,98.325,94.4,,102.4,94.525,103.225,103.65,99.075,100.5,95.5
2025-07-14T18:35:28.293797+02:00,103.1,97.175,98.325,94.4,,102.4,94.525,103.225,103.65,99.075,100.5,95.5
2025-07-14T18:59:57.472771+02:00,103.1,97.175,98.325,94.4,,102.4,94.525,103.225,103.65,99.075,100.5,95.5
2025-07-15T08:40:00.031018+02:00,103.1,97.175,98.325,94.4,,102.4,94.525,103.225,103.65,99.075,100.5,95.5
2025-07-15T09:01:04.015097+02:00,103.1,97.25,98.4,94.5,,102.4,94.625,103.225,103.95,99.15,100.575,95.6
2025-07-15T09:36:27.341873+02:00,103.1,97.3,98.45,94.575,,102.4,94.65,103.225,103.95,99.2,100.625,95.675
2025-07-15T09:53:46.868661+02:00,103.1,97.325,98.475,94.625,,102.4,94.675,103.225,103.95,99.225,100.65,95.7
2025-07-15T10:36:02.938639+02:00,103.1,97.375,98.525,94.625,,102.4,94.7,103.225,103.95,99.275,100.7,95.725
2025-07-15T11:14:47.952543+02:00,103.1,97.4,98.55,94.65,,102.4,94.7,103.225,103.95,99.3,100.725,95.75
2025-07-15T11:45:41.158669+02:00,103.1,97.375,98.525,94.625,,102.4,94.7,103.225,103.95,99.275,100.7,95.725
2025-07-15T12:29:18.190851+02:00,103.1,97.45,98.6,94.65,,102.4,94.7,103.225,103.98,99.35,100.775,95.75
2025-07-15T12:51:47.972521+02:00,103.1,97.625,98.625,94.7,,102.4,94.725,103.225,103.98,99.375,100.8,95.8
2025-07-15T13:23:35.554531+02:00,103.1,97.625,98.625,94.8,,102.4,94.7,103.225,103.98,99.375,100.8,95.9
2025-07-15T13:43:56.640191+02:00,103.1,97.625,98.625,94.8,,102.4,94.725,103.225,103.98,99.375,100.8,95.9
2025-07-15T13:56:22.471725+02:00,103.1,97.625,98.625,94.8,,102.4,94.725,103.225,103.98,99.375,100.8,95.9
2025-07-15T14:59:08.045516+02:00,103.1,97.6,98.9,94.775,,102.4,94.7,103.225,103.98,99.35,100.775,95.875
2025-07-15T15:45:42.238733+02:00,103.1,97.65,98.9,94.825,,102.4,94.75,103.225,103.98,99.4,100.825,95.925
2025-07-15T16:25:47.973904+02:00,103.1,97.625,98.625,94.8,,102.4,94.7,103.225,103.98,99.375,100.8,95.9
2025-07-15T16:48:28.702066+02:00,103.1,97.55,98.55,94.725,,102.4,94.625,103.225,103.65,99.3,100.725,95.8
2025-07-15T17:28:10.074391+02:00,103.1,97.55,98.55,94.725,,102.4,94.65,103.225,103.65,99.3,100.725,95.825
2025-07-15T17:47:51.706543+02:00,103.1,97.55,98.55,94.725,,102.4,94.65,103.225,103.65,99.3,100.725,95.825
2025-07-15T18:34:39.606743+02:00,103.1,97.55,98.55,94.725,,102.4,94.65,103.225,103.65,99.3,100.725,95.825
2025-07-15T18:59:02.322859+02:00,103.1,97.55,98.55,94.725,,102.4,94.65,103.225,103.65,99.3,100.725,95.825
2025-07-16T08:39:43.532865+02:00,103.1,97.55,98.55,94.725,,102.4,94.65,103.225,103.65,99.3,100.725,95.825
2025-07-16T09:00:51.878276+02:00,103.1,97.525,98.525,94.675,,102.4,94.575,103.225,103.98,99.275,100.7,95.775
2025-07-16T09:35:28.645088+02:00,103.1,97.5,98.5,94.65,,102.4,94.6,103.225,103.98,99.25,100.675,95.75
2025-07-16T09:53:57.742234+02:00,103.1,97.5,98.5,94.65,,102.4,94.575,103.225,103.98,99.25,100.675,95.75
2025-07-16T10:36:00.551369+02:00,103.1,97.475,98.525,94.675,,102.4,94.6,103.225,103.95,99.275,100.7,95.775
2025-07-16T11:01:42.664248+02:00,103.1,97.425,98.5,94.675,,102.4,94.6,103.225,103.95,99.25,100.675,95.775
2025-07-16T11:41:51.314934+02:00,103.1,97.45,98.53,94.7,,102.4,94.625,103.225,103.95,99.275,100.7,95.8
2025-07-16T11:57:10.028102+02:00,103.1,97.45,98.54,94.7,,102.4,94.625,103.225,103.95,99.275,100.7,95.8
2025-07-16T12:33:17.685931+02:00,103.1,97.475,98.55,94.725,,102.4,94.65,103.225,103.95,99.3,100.725,95.825
2025-07-16T12:57:02.955323+02:00,103.1,97.525,98.6,94.75,,102.4,94.65,103.225,103.95,99.35,100.775,95.85
2025-07-16T13:25:57.459173+02:00,103.1,97.525,98.6,94.75,,102.4,94.65,103.225,103.95,99.35,100.775,95.85
2025-07-16T13:44:22.321719+02:00,103.1,97.5,98.59,94.75,,102.4,94.65,103.225,103.95,99.325,100.75,95.85
2025-07-16T13:57:08.710554+02:00,103.1,97.5,98.59,94.725,,102.4,94.65,103.225,103.98,99.325,100.75,95.825
2025-07-16T15:00:07.136585+02:00,103.1,97.55,98.66,94.8,,102.4,94.7,103.225,103.98,99.375,100.8,95.9
2025-07-16T15:47:08.938573+02:00,103.1,97.625,98.73,94.85,,102.4,94.75,103.225,103.98,99.45,100.875,95.95
2025-07-16T16:25:57.000248+02:00,103.1,97.625,98.73,94.85,,102.4,94.75,103.225,103.98,99.45,100.875,95.95
2025-07-16T16:48:54.638210+02:00,103.1,97.6,98.7,94.825,,102.4,94.725,103.225,104.0,99.425,100.85,95.925
2025-07-16T17:30:07.815513+02:00,103.1,97.6,98.675,94.825,,102.4,94.75,103.225,103.65,99.425,100.85,95.925
2025-07-16T17:49:47.030348+02:00,103.1,97.6,98.675,94.825,,102.4,94.75,103.225,103.65,99.425,100.85,95.925
2025-07-16T18:34:55.580374+02:00,103.1,97.6,98.675,94.825,,102.4,94.75,103.225,103.65,99.425,100.85,95.925
2025-07-16T19:01:07.568083+02:00,103.1,97.6,98.675,94.825,,102.4,94.75,103.225,103.65,99.425,100.85,95.925
2025-07-17T08:39:47.984247+02:00,103.1,97.6,98.675,94.825,,102.4,94.75,103.225,103.65,99.425,100.85,95.925
2025-07-17T09:01:23.000088+02:00,102.925,97.575,98.65,94.775,,102.4,94.675,103.225,103.65,99.4,100.825,95.875
2025-07-17T09:35:41.052375+02:00,102.925,97.55,98.625,94.75,,102.4,94.65,103.225,104.0,99.375,100.8,95.85
2025-07-17T09:53:42.497607+02:00,102.925,97.55,98.625,94.75,,102.4,94.65,103.225,104.0,99.375,100.8,95.85
2025-07-17T10:35:56.856991+02:00,102.925,97.55,98.625,94.75,,102.4,94.65,103.225,103.96,99.375,100.8,95.85
2025-07-17T11:00:59.739467+02:00,102.925,97.55,98.625,94.75,,102.4,94.65,103.225,103.96,99.375,100.8,95.85
2025-07-17T11:40:26.444287+02:00,102.925,97.6,98.675,94.8,,102.4,94.675,103.225,103.96,99.425,100.825,95.9
2025-07-17T11:55:56.551803+02:00,102.925,97.575,98.66,94.8,,102.4,94.675,103.225,103.96,99.4,100.8,95.9
2025-07-17T12:31:52.398773+02:00,102.925,97.6,98.675,94.8,,102.4,94.675,103.225,103.96,99.425,100.825,95.9
2025-07-17T12:57:02.913735+02:00,102.925,97.575,98.65,94.8,,102.4,94.675,103.225,103.96,99.4,100.8,95.9
2025-07-17T13:25:56.505789+02:00,102.925,97.625,98.7,94.85,,102.4,94.725,103.225,103.96,99.45,100.85,95.95
2025-07-17T13:44:42.496135+02:00,102.925,97.6,98.675,94.825,,102.4,94.7,103.225,103.96,99.425,100.825,95.925
2025-07-17T13:57:39.311208+02:00,102.925,97.625,98.7,94.85,,102.4,94.725,103.225,103.96,99.45,100.85,95.95
2025-07-17T14:59:55.352732+02:00,102.925,97.575,98.65,94.775,,102.4,94.675,103.225,103.65,99.4,100.8,95.9
2025-07-17T15:46:38.330715+02:00,102.925,97.6,98.675,94.875,,102.4,94.75,103.225,103.96,99.425,100.825,95.975
2025-07-17T16:25:35.449298+02:00,102.925,97.6,98.675,94.85,,102.4,94.75,103.225,103.96,99.425,100.825,95.95
2025-07-17T16:48:53.843631+02:00,102.925,97.6,98.675,94.85,,102.4,94.775,103.225,103.96,99.425,100.825,95.95
2025-07-17T17:30:00.179289+02:00,102.925,97.6,98.675,94.825,,102.4,94.75,103.225,103.65,99.425,100.825,95.925
2025-07-17T17:50:18.616993+02:00,102.925,97.6,98.675,94.825,,102.4,94.75,103.225,103.65,99.425,100.825,95.925
2025-07-17T18:34:28.689830+02:00,102.925,97.6,98.675,94.825,,102.4,94.75,103.225,103.65,99.425,100.825,95.925
2025-07-17T18:59:14.690425+02:00,102.925,97.6,98.675,94.825,,102.4,94.75,103.225,103.65,99.425,100.825,95.925
2025-07-18T08:39:15.137865+02:00,102.925,97.6,98.675,94.825,,102.4,94.75,103.225,103.65,99.425,100.825,95.925
2025-07-18T09:02:07.232763+02:00,102.925,97.525,98.6,94.725,,102.4,94.65,103.225,103.96,99.35,100.75,95.825
2025-07-18T09:36:01.970003+02:00,102.925,97.525,98.6,94.725,,102.4,94.65,103.225,103.96,99.35,100.75,95.825
2025-07-18T09:55:39.075158+02:00,102.925,97.5,98.575,94.7,,102.4,94.625,103.225,103.96,99.325,100.725,95.8
2025-07-18T10:36:11.908783+02:00,102.925,97.425,98.5,94.625,,102.4,,103.225,103.96,99.25,100.65,95.725
2025-07-18T11:01:17.487025+02:00,102.925,97.4,98.475,94.6,,102.4,94.625,103.225,103.96,99.225,100.625,95.7
2025-07-18T11:40:01.632444+02:00,102.925,97.425,98.5,94.625,,102.4,,103.225,103.96,99.25,100.75,95.7
2025-07-18T11:56:23.861412+02:00,102.925,97.375,98.45,94.6,,102.4,94.625,103.225,103.96,99.2,100.7,95.7
2025-07-18T12:32:04.399386+02:00,102.925,97.375,98.45,94.6,,102.4,94.625,103.225,103.96,99.2,100.7,95.7
2025-07-18T12:57:20.608609+02:00,102.925,97.35,98.425,94.575,,102.4,94.625,103.225,103.96,99.175,100.675,95.675
2025-07-18T13:25:06.941756+02:00,102.925,97.375,98.45,94.6,,102.4,94.65,103.225,103.96,99.2,100.7,95.7
2025-07-18T13:45:46.274887+02:00,102.925,97.375,98.45,94.625,,102.4,94.65,103.225,103.96,99.21,100.7,95.725
2025-07-18T14:56:53.958429+02:00,102.925,97.375,98.45,94.6,,102.4,94.625,103.225,103.96,99.2,100.7,95.7
2025-07-18T15:41:44.491636+02:00,102.925,97.375,98.45,94.65,,102.4,,103.225,103.96,99.2,100.7,95.75
2025-07-18T15:59:34.020779+02:00,102.925,97.375,98.45,94.65,,102.4,94.625,103.225,103.96,99.2,100.7,95.75
2025-07-18T16:31:49.564362+02:00,102.925,97.375,98.45,94.65,,102.4,,103.225,103.65,99.2,100.7,95.75
2025-07-18T16:56:50.563278+02:00,102.925,97.375,98.45,94.65,,102.4,94.625,103.225,103.65,99.2,100.7,95.75
2025-07-18T17:30:19.289090+02:00,102.925,97.375,98.45,94.625,,102.4,,103.225,103.65,99.2,100.7,95.725
2025-07-18T17:52:10.939109+02:00,102.925,97.375,98.45,94.625,,102.4,,103.225,103.65,99.2,100.7,95.725
2025-07-18T18:34:36.531654+02:00,102.925,97.375,98.45,94.625,,102.4,,103.225,103.65,99.2,100.7,95.725
2025-07-18T19:01:39.948319+02:00,102.925,97.375,98.45,94.625,,102.4,,103.225,103.65,99.2,100.7,95.725
2025-07-21T08:40:18.145733+02:00,102.925,97.375,98.45,94.979,,102.4,94.625,103.225,103.65,99.2,100.7,95.725
2025-07-21T09:02:31.028504+02:00,102.925,97.55,98.625,94.85,,102.4,94.8,103.225,103.65,99.375,100.875,95.95
2025-07-21T09:42:34.771527+02:00,102.925,97.5,98.575,94.825,,102.4,94.775,103.225,103.65,99.325,100.825,95.925
2025-07-21T09:57:32.991122+02:00,102.925,97.5,98.575,94.8,,102.4,94.775,103.225,103.96,99.325,100.825,95.9
2025-07-21T10:42:37.266714+02:00,102.925,97.525,98.6,94.825,,102.4,94.775,103.225,103.96,99.35,100.85,95.925
2025-07-21T11:14:16.021310+02:00,102.925,97.525,98.6,94.85,,102.4,94.8,103.225,103.96,99.35,100.85,95.95
2025-07-21T11:46:05.645792+02:00,102.925,97.55,98.6,94.85,,102.4,94.8,103.225,103.96,99.35,100.85,95.95
2025-07-21T12:31:03.110511+02:00,102.925,97.55,98.625,94.875,,102.4,94.825,103.225,103.96,99.375,100.875,95.975
2025-07-21T12:58:08.987327+02:00,102.925,97.55,98.63,94.875,,102.4,94.825,103.225,103.96,99.39,100.875,95.975
2025-07-21T13:26:35.441245+02:00,102.925,97.55,98.63,94.875,,102.4,94.825,103.225,103.96,99.39,100.875,95.975
2025-07-21T13:45:50.819274+02:00,102.925,97.575,98.65,94.9,,102.4,94.85,103.225,103.96,99.4,100.9,96.0
2025-07-21T14:57:23.044701+02:00,102.925,97.6,98.675,94.925,,102.4,94.875,103.225,103.96,99.43,100.925,96.025
2025-07-21T15:45:15.263740+02:00,102.925,97.6,98.675,94.925,,102.4,94.875,103.225,103.96,99.425,100.925,96.025
2025-07-21T16:01:31.222525+02:00,102.925,97.625,98.71,94.975,,102.4,94.925,103.225,103.96,99.47,100.95,96.075
2025-07-21T16:43:24.090524+02:00,102.925,97.625,98.7,94.95,,102.4,94.9,103.225,103.96,99.45,100.95,96.05
2025-07-21T16:58:57.334183+02:00,102.925,97.625,98.7,94.95,,102.4,94.9,103.225,103.96,99.45,100.95,96.05
2025-07-21T17:33:04.992841+02:00,102.925,97.625,98.7,94.975,,102.4,94.9,103.225,103.65,99.45,100.95,96.075
2025-07-21T17:57:14.795749+02:00,102.925,97.625,98.7,94.975,,102.4,94.9,103.225,103.65,99.45,100.95,96.075
2025-07-21T18:36:47.236854+02:00,102.925,97.625,98.7,94.975,,102.4,94.9,103.225,103.65,99.45,100.95,96.075
2025-07-21T19:01:02.000249+02:00,102.925,97.625,98.7,94.975,,102.4,94.9,103.225,103.65,99.45,100.95,96.075
2025-07-22T08:40:05.452872+02:00,102.925,97.625,98.7,94.975,,102.4,94.9,103.225,103.65,99.45,100.95,96.075
2025-07-22T09:01:22.663265+02:00,102.925,97.6,98.675,94.925,,102.4,94.85,103.225,103.65,99.425,100.925,96.025
2025-07-22T09:36:41.797836+02:00,102.925,97.625,98.7,94.95,,102.4,94.9,103.225,103.96,99.45,100.95,96.05
2025-07-22T09:54:26.615914+02:00,102.925,97.6,98.675,94.95,,102.4,94.875,103.225,103.96,99.425,100.925,96.05
2025-07-22T10:37:13.371417+02:00,102.925,97.6,98.675,94.925,,102.4,94.875,103.225,103.96,99.425,100.925,96.025
2025-07-22T11:01:50.936022+02:00,102.925,97.575,98.65,94.925,,102.4,94.85,103.225,103.96,99.4,100.9,96.025
2025-07-22T11:41:58.833716+02:00,102.925,97.575,98.65,94.925,,102.4,94.85,103.225,103.95,99.4,100.9,96.025
2025-07-22T11:57:16.185074+02:00,102.925,97.6,98.675,94.95,,102.4,94.875,103.225,103.95,99.425,100.925,96.05
2025-07-22T12:33:36.739531+02:00,102.925,97.6,98.675,94.95,,102.4,94.875,103.225,103.95,99.425,100.925,96.05
2025-07-22T12:57:22.602853+02:00,102.925,97.6,98.675,94.95,,102.4,94.875,103.225,103.95,99.425,100.925,96.05
2025-07-22T13:25:57.293319+02:00,102.925,97.6,98.675,94.95,,102.4,94.875,103.225,103.95,99.425,100.925,96.05
2025-07-22T13:44:37.914556+02:00,102.925,97.6,98.675,94.925,,102.4,94.875,103.225,103.95,99.425,100.925,96.025
2025-07-22T13:57:25.781571+02:00,102.925,97.625,98.7,94.95,,102.4,94.9,103.225,103.95,99.45,100.95,96.05
2025-07-22T15:01:01.798423+02:00,102.925,97.625,98.7,94.975,,102.4,94.925,103.225,103.95,99.475,100.95,96.075
2025-07-22T15:51:15.842669+02:00,102.925,97.65,98.725,95.0,,102.4,94.925,103.225,103.95,99.475,100.975,96.1
2025-07-22T16:26:40.262945+02:00,102.925,97.65,98.725,95.025,,102.4,94.95,103.225,103.95,99.48,100.975,96.125
2025-07-22T16:50:12.594527+02:00,102.925,97.675,98.75,95.025,,102.4,94.95,103.225,103.95,99.5,101.0,96.125
2025-07-22T17:30:21.985573+02:00,102.925,97.675,98.75,95.05,,102.4,94.975,103.225,103.65,99.5,101.0,96.15
2025-07-22T17:50:35.709376+02:00,102.925,97.675,98.75,95.05,,102.4,94.975,103.225,103.65,99.5,101.0,96.15
2025-07-22T18:35:26.312854+02:00,102.925,97.675,98.75,95.05,,102.4,94.975,103.225,103.65,99.5,101.0,96.15
2025-07-22T19:00:54.667763+02:00,102.925,97.675,98.75,95.05,,102.4,94.975,103.225,103.65,99.5,101.0,96.15
2025-07-23T08:40:38.162918+02:00,102.925,97.675,98.75,95.05,,102.4,94.975,103.225,103.65,99.5,101.0,96.15
2025-07-23T09:02:13.243305+02:00,102.925,97.6,98.675,94.925,,102.4,94.875,103.225,103.65,99.425,100.925,96.025
2025-07-23T09:38:14.484565+02:00,102.925,97.6,98.675,94.925,,102.4,94.85,103.225,103.95,99.425,100.925,96.025
2025-07-23T09:54:55.496732+02:00,102.925,97.6,98.675,94.925,,102.4,94.875,103.225,103.95,99.425,100.925,96.025
2025-07-23T10:37:33.040163+02:00,102.925,97.575,98.65,94.9,,102.4,94.825,103.225,103.95,99.4,100.9,96.0
2025-07-23T11:02:13.858753+02:00,102.925,97.575,98.65,94.9,,102.4,94.825,103.225,103.95,99.4,100.9,96.0
2025-07-23T11:43:15.723859+02:00,102.925,97.575,98.65,94.9,,102.4,94.85,103.225,103.95,99.4,100.9,96.0
2025-07-23T11:58:00.393042+02:00,102.925,97.575,98.65,94.9,,102.4,94.85,103.225,103.95,99.4,100.9,96.0
2025-07-23T12:34:41.999850+02:00,102.925,97.6,98.675,94.925,,102.4,94.875,103.225,103.95,99.425,100.925,96.025
2025-07-23T12:57:29.339797+02:00,102.925,97.625,98.7,94.95,,102.4,94.875,103.225,103.95,99.45,100.95,96.05
2025-07-23T13:26:38.076998+02:00,102.925,97.625,98.7,94.95,,102.4,94.9,103.225,103.95,99.45,100.95,96.05
2025-07-23T13:45:22.209857+02:00,102.925,97.625,98.7,94.975,,102.4,94.9,103.225,103.95,99.45,100.95,96.075
2025-07-23T13:57:59.375196+02:00,102.925,97.625,98.7,94.975,,102.4,94.9,103.225,103.95,99.45,100.95,96.075
2025-07-23T15:01:53.228819+02:00,102.925,97.625,98.7,94.975,,102.4,94.9,103.225,103.95,99.45,100.95,96.075
2025-07-23T15:50:08.381592+02:00,102.925,97.625,98.7,94.95,,102.4,94.9,103.225,103.95,99.45,100.95,96.05
2025-07-23T16:28:54.753743+02:00,102.925,97.65,98.725,94.975,,102.4,94.925,103.225,103.95,99.475,100.975,96.075
2025-07-23T16:54:12.302351+02:00,102.925,97.65,98.725,95.0,,102.4,94.925,103.225,103.95,99.475,100.975,96.1
2025-07-23T17:30:44.629437+02:00,102.925,97.65,98.725,94.975,,102.4,94.925,103.225,103.65,99.475,100.975,96.075
2025-07-23T17:58:00.949673+02:00,102.925,97.65,98.725,94.975,,102.4,94.925,103.225,103.65,99.475,100.975,96.075
2025-07-23T18:38:17.219128+02:00,102.925,97.65,98.725,94.975,,102.4,94.925,103.225,103.65,99.475,100.975,96.075
2025-07-23T19:01:52.798828+02:00,102.925,97.65,98.725,94.975,,102.4,94.925,103.225,103.65,99.475,100.975,96.075
2025-07-24T08:40:31.850667+02:00,102.925,97.65,98.725,94.975,,102.4,94.925,103.225,103.65,99.475,100.975,96.075
2025-07-24T09:01:40.674350+02:00,102.925,97.425,98.5,94.725,,102.4,,103.225,103.65,99.25,100.75,95.825
2025-07-24T09:36:56.855168+02:00,102.925,97.375,98.45,94.675,,102.4,,103.225,103.95,99.2,100.7,95.775
2025-07-24T09:54:46.892767+02:00,102.925,97.375,98.45,94.65,,102.4,,103.225,103.95,99.2,100.7,95.75
2025-07-24T10:36:39.196453+02:00,102.925,97.425,98.5,94.7,,102.4,,103.225,103.95,99.25,100.75,95.8
2025-07-24T11:01:53.791068+02:00,102.925,97.45,98.525,94.725,,102.4,,103.225,103.95,99.275,100.775,95.825
2025-07-24T11:41:05.520768+02:00,102.925,97.45,98.525,94.75,,102.4,,103.225,103.95,99.275,100.775,95.85
2025-07-24T11:56:31.621401+02:00,102.925,97.425,98.5,94.725,,102.4,,103.225,103.95,99.25,100.75,95.825
2025-07-24T12:32:41.228707+02:00,102.925,97.425,98.5,94.725,,102.4,,103.225,103.95,99.25,100.75,95.825
2025-07-24T12:57:22.806497+02:00,102.925,97.425,98.5,94.7,,102.4,,103.225,103.95,99.25,100.75,95.8
2025-07-24T13:26:16.358507+02:00,102.925,97.4,98.475,94.7,,102.4,,103.225,103.95,99.225,100.725,95.8
2025-07-24T13:44:32.068276+02:00,102.925,97.35,98.43,94.65,,102.4,94.7,103.225,103.95,99.19,100.675,95.75
2025-07-24T13:57:15.397493+02:00,102.925,97.375,98.45,94.65,,102.4,94.7,103.225,103.95,99.2,100.7,95.75
2025-07-24T15:00:40.320752+02:00,102.925,97.325,98.4,94.6,,102.4,94.65,103.225,103.95,99.15,100.65,95.7
2025-07-24T15:51:17.352030+02:00,102.925,97.3,98.4,94.6,,102.4,94.625,103.225,103.95,99.125,100.625,95.7
2025-07-24T16:28:30.959672+02:00,102.925,97.3,98.4,94.6,,102.4,94.65,103.225,103.95,99.125,100.625,95.7
2025-07-24T16:52:26.561278+02:00,102.925,97.3,98.4,94.575,,102.4,94.625,103.225,103.95,99.125,100.625,95.675
2025-07-24T17:27:01.719566+02:00,102.925,97.275,98.4,94.575,,102.4,94.6,103.225,103.65,99.1,100.6,95.675
2025-07-24T17:47:25.266662+02:00,102.925,97.275,98.4,94.575,,102.4,94.6,103.225,103.65,99.1,100.6,95.675
2025-07-24T18:32:40.236526+02:00,102.925,97.275,98.35,94.575,,102.4,94.6,103.225,103.65,99.1,100.6,95.675
2025-07-24T19:00:40.182966+02:00,102.925,97.275,98.35,94.575,,102.4,94.6,103.225,103.65,99.1,100.6,95.675
2025-07-25T08:40:27.987052+02:00,102.925,97.275,98.35,94.575,,102.4,94.6,103.225,104.0,99.1,100.6,95.675
2025-07-25T09:02:00.013712+02:00,102.925,97.2,98.275,94.5,,102.4,,103.225,104.0,99.025,100.525,95.575
2025-07-25T09:36:24.866547+02:00,102.925,97.075,98.15,94.5,,102.4,94.425,103.14,103.95,98.9,100.4,95.425
2025-07-25T09:54:41.675976+02:00,102.925,97.025,98.25,94.275,,102.4,94.375,103.225,104.0,98.85,100.35,95.375
2025-07-25T10:35:44.440514+02:00,102.925,97.025,98.25,94.25,,102.4,94.35,103.14,103.95,98.85,100.35,95.35
2025-07-25T11:00:29.055366+02:00,102.925,97.075,98.25,94.3,,102.4,94.4,103.14,103.95,98.9,100.4,95.4
2025-07-25T11:41:54.551066+02:00,102.925,97.05,98.25,94.3,,102.4,94.4,103.14,103.95,98.875,100.375,95.4
2025-07-25T11:57:19.494514+02:00,102.925,97.05,98.25,94.3,,102.4,94.4,103.14,103.95,98.875,100.375,95.4
2025-07-25T12:33:56.724942+02:00,102.925,97.1,98.25,94.325,,102.4,94.45,103.14,103.95,98.925,100.425,95.425
2025-07-25T12:57:23.126937+02:00,102.925,97.125,98.25,94.35,,102.4,94.475,103.14,103.95,98.95,100.45,95.45
2025-07-25T13:25:46.095812+02:00,102.925,97.15,98.25,94.4,,102.4,94.5,103.14,103.95,98.975,100.475,95.5
2025-07-25T13:44:06.300162+02:00,102.925,97.15,98.25,94.4,,102.4,94.5,103.14,103.95,98.975,100.475,95.5
2025-07-25T13:56:47.186135+02:00,102.925,97.15,98.25,94.4,,102.4,94.5,103.14,103.95,98.975,100.475,95.5
2025-07-25T14:59:17.672579+02:00,102.925,97.125,98.25,94.375,,102.4,94.475,103.14,103.95,98.95,100.45,95.475
2025-07-25T15:44:38.933159+02:00,102.925,97.125,98.25,94.375,,102.4,94.475,103.14,103.95,98.95,100.45,95.475
2025-07-25T16:00:02.508972+02:00,102.925,97.1,98.25,94.35,,102.4,94.45,103.14,103.95,98.925,100.425,95.45
2025-07-25T16:31:44.506869+02:00,102.925,97.125,98.25,94.375,,102.4,94.5,103.14,103.95,98.95,100.45,95.475
2025-07-25T16:56:09.427870+02:00,102.925,97.175,98.25,94.425,,102.4,94.525,103.225,104.0,99.0,100.5,95.525
2025-07-25T17:30:54.675649+02:00,102.925,97.175,98.25,94.425,,102.4,94.525,103.225,104.0,99.0,100.5,95.525
2025-07-25T17:55:53.602418+02:00,102.925,97.175,98.25,94.425,,102.4,94.525,103.225,104.0,99.0,100.5,95.525
2025-07-25T18:35:19.213806+02:00,102.925,97.175,98.25,94.425,,102.4,94.525,103.225,104.0,99.0,100.5,95.525
2025-07-25T18:59:49.736927+02:00,102.925,97.175,98.25,94.425,,102.4,94.525,103.225,104.0,99.0,100.5,95.525
2025-07-29T20:03:11.063528+02:00,102.925,97.475,98.55,94.625,,102.4,94.6,103.14,104.0,99.3,100.8,95.725
2025-07-29T20:24:15.542086+02:00,102.925,97.475,98.55,94.625,,102.4,94.6,103.14,104.0,99.3,100.8,95.725
2025-07-29T20:54:33.163017+02:00,102.925,97.475,98.55,94.625,,102.4,94.6,103.14,104.0,99.3,100.8,95.725
2025-07-29T21:00:24.887725+02:00,102.925,97.475,98.55,94.625,,102.4,94.6,103.14,104.0,99.3,100.8,95.725
2025-07-29T21:03:34.276223+02:00,102.925,97.475,98.55,94.625,,102.4,94.6,103.14,104.0,99.3,100.8,95.725
2025-07-30T08:42:23.018638+02:00,102.925,97.475,98.55,94.625,,102.4,94.6,103.14,104.0,99.3,100.8,95.725
2025-07-30T09:12:56.350249+02:00,102.925,97.45,98.525,94.6,,102.4,94.575,103.14,104.0,99.275,100.775,95.7
2025-07-30T09:41:52.433562+02:00,102.925,97.525,98.6,94.675,,102.4,94.6,103.14,103.95,99.38,100.85,95.775
2025-07-30T09:56:50.102798+02:00,102.925,97.6,98.675,94.75,,102.4,94.6,103.14,103.95,99.43,100.925,95.85
2025-07-30T10:39:32.891210+02:00,102.925,97.625,98.7,94.775,,102.4,94.65,103.14,103.95,99.47,100.9,95.875
2025-07-30T11:03:09.347924+02:00,102.925,97.575,98.65,94.725,,102.4,94.575,103.14,103.95,99.42,100.85,95.825
2025-07-30T11:44:45.880128+02:00,102.925,97.575,98.65,94.725,,102.4,94.575,103.14,103.95,99.4,100.85,95.825
2025-07-30T11:59:54.234975+02:00,102.925,97.575,98.65,94.725,,102.4,94.575,103.14,103.95,99.41,100.85,95.825
2025-07-30T12:36:25.621454+02:00,102.925,97.575,98.65,94.7,,102.4,94.575,103.14,103.95,99.4,100.85,95.8
2025-07-30T12:57:55.286803+02:00,102.925,97.6,98.675,94.725,,102.4,94.6,103.14,103.95,99.43,100.875,95.825
2025-07-30T13:27:13.592971+02:00,102.925,97.625,98.7,94.75,,102.4,94.625,103.14,103.95,99.45,100.9,95.85
2025-07-30T13:45:02.909528+02:00,102.925,97.6,98.675,94.725,,102.4,94.6,103.14,103.95,99.43,100.875,95.825
2025-07-30T13:57:47.105107+02:00,102.925,97.6,98.675,94.725,,102.4,94.6,103.14,103.95,99.43,100.875,95.825
2025-07-30T15:02:54.888845+02:00,102.925,97.55,98.625,94.675,,102.4,94.55,103.14,103.95,99.375,100.825,95.775
2025-07-30T15:52:46.446338+02:00,102.925,97.5,98.575,94.625,,102.4,94.5,103.14,104.0,99.325,100.775,95.725
2025-07-30T16:27:58.537873+02:00,102.925,97.5,98.575,94.6,,102.4,94.5,103.14,104.0,99.325,100.775,95.7
2025-07-30T16:51:55.269128+02:00,102.925,97.5,98.575,94.625,,102.4,94.525,103.14,104.0,99.325,100.775,95.725
2025-07-30T17:30:17.521460+02:00,102.925,97.55,98.625,94.675,,102.4,94.55,103.14,104.0,99.375,100.825,95.775
2025-07-30T17:51:44.045494+02:00,102.925,97.55,98.625,94.675,,102.4,94.55,103.14,104.0,99.375,100.825,95.775
2025-07-30T18:33:57.130266+02:00,102.925,97.55,98.625,94.675,,102.4,94.55,103.14,104.0,99.375,100.825,95.775
2025-07-30T19:00:42.300031+02:00,102.925,97.55,98.625,94.675,,102.4,94.55,103.14,104.0,99.375,100.825,95.775
2025-07-31T08:40:50.312193+02:00,102.925,97.55,98.625,94.675,,102.4,94.55,103.14,104.0,99.375,100.825,95.775
2025-07-31T09:02:44.265220+02:00,102.925,97.6,98.675,94.75,,102.4,94.6,103.14,104.0,99.425,100.875,95.85
2025-07-31T09:38:01.916663+02:00,102.925,97.575,98.65,94.725,,102.4,94.575,103.14,103.96,99.43,100.85,95.825
2025-07-31T09:54:58.372641+02:00,102.925,97.575,98.65,94.725,,102.4,94.575,103.14,103.96,99.43,100.85,95.825
2025-07-31T10:37:29.537110+02:00,102.925,97.5,98.625,94.725,,102.4,94.55,103.14,103.96,99.41,100.825,95.825
2025-07-31T11:02:31.372620+02:00,102.925,97.525,98.65,94.725,,102.4,94.575,103.14,103.96,99.43,100.85,95.825
2025-07-31T11:42:57.037847+02:00,102.925,97.525,98.65,94.725,,102.4,94.575,103.14,103.96,99.43,100.85,95.825
2025-07-31T11:57:40.768693+02:00,102.925,97.525,98.65,94.725,,102.4,94.575,103.14,103.96,99.43,100.85,95.825
2025-07-31T12:34:34.805607+02:00,102.925,97.5,98.6,94.675,,102.4,94.525,103.14,103.96,99.38,100.8,95.775
2025-07-31T12:58:02.312557+02:00,102.925,97.5,98.6,94.675,,102.4,94.525,103.14,103.96,99.38,100.8,95.775
2025-07-31T13:26:48.110240+02:00,102.925,97.5,98.625,94.7,,102.4,94.55,103.14,103.96,99.41,100.825,95.8
2025-07-31T13:45:36.016826+02:00,102.925,97.5,98.625,94.7,,102.4,94.55,103.14,103.96,99.41,100.825,95.8
2025-07-31T14:57:14.497287+02:00,102.925,97.5,98.625,94.725,,102.4,94.55,103.14,103.96,99.42,100.825,95.825
2025-07-31T15:44:52.497295+02:00,102.925,97.525,98.65,94.75,,102.4,94.575,103.14,103.96,99.44,100.85,95.85
2025-07-31T16:02:14.145587+02:00,102.925,97.5,98.625,94.7,,102.4,94.55,103.14,103.96,99.39,100.825,95.8
2025-07-31T16:43:05.503828+02:00,102.925,97.5,98.625,94.7,,102.4,94.55,103.14,103.96,99.39,100.825,95.8
2025-07-31T16:59:31.948071+02:00,102.925,97.5,98.625,94.725,,102.4,94.55,103.14,103.96,99.4,100.825,95.825
2025-07-31T17:33:45.056511+02:00,102.925,97.525,98.65,94.75,,102.4,94.575,103.14,104.0,99.4,100.85,95.85
2025-07-31T17:57:37.187254+02:00,102.925,97.525,98.65,94.75,,102.4,94.575,103.14,104.0,99.4,100.85,95.85
2025-07-31T18:38:43.593266+02:00,102.925,97.525,98.65,94.75,,102.4,94.575,103.14,104.0,99.4,100.85,95.85
2025-07-31T19:02:36.407519+02:00,102.925,97.525,98.65,94.75,,102.4,94.575,103.14,104.0,99.4,100.85,95.85
2025-08-01T08:42:59.911802+02:00,102.925,97.525,98.65,94.75,,102.4,94.575,103.14,104.0,99.4,100.85,95.85
2025-08-01T09:14:02.627438+02:00,102.925,97.5,98.55,94.6,,102.4,94.45,103.14,104.0,99.3,100.75,95.7
2025-08-01T09:42:16.967773+02:00,102.925,97.5,98.55,94.6,,102.4,94.475,103.14,103.96,99.3,100.75,95.7
2025-08-01T09:56:31.608514+02:00,102.925,97.5,98.55,94.6,,102.4,94.475,103.14,103.96,99.3,100.75,95.7
2025-08-01T10:39:06.416224+02:00,102.925,97.5,98.55,94.6,,102.4,94.475,103.14,103.96,99.3,100.75,95.7
2025-08-01T11:02:17.881526+02:00,102.925,97.5,98.575,94.65,,102.4,94.5,103.14,103.96,99.33,100.775,95.75
2025-08-01T11:43:14.399965+02:00,102.925,97.5,98.575,94.65,,102.4,94.575,103.14,103.96,99.35,100.775,95.75
2025-08-01T11:58:39.922256+02:00,102.925,97.5,98.6,94.65,,102.4,94.6,103.14,103.96,99.36,100.8,95.75
2025-08-01T12:35:16.272467+02:00,102.925,97.5,98.55,94.625,,102.4,94.55,103.14,103.96,99.3,100.75,95.725
2025-08-01T12:58:21.993127+02:00,102.925,97.5,98.525,94.575,,102.4,94.525,103.14,103.96,99.275,100.725,95.675
2025-08-01T13:26:39.213917+02:00,102.925,97.4,98.525,94.575,,102.4,94.525,103.14,103.96,99.275,100.725,95.675
2025-08-01T13:44:49.439954+02:00,102.925,97.4,98.525,94.55,,102.4,94.5,103.14,103.96,99.275,100.725,95.65
2025-08-01T13:57:32.730277+02:00,102.925,97.4,98.525,94.575,,102.4,94.525,103.14,104.0,99.275,100.725,95.675
2025-08-01T15:01:36.158226+02:00,102.925,97.575,98.7,94.775,,102.4,94.725,103.14,103.96,99.49,100.9,95.875
2025-08-01T15:50:39.551315+02:00,102.925,97.575,98.71,94.8,,102.4,94.775,103.14,103.96,99.51,100.9,95.9
2025-08-01T16:28:19.469429+02:00,102.925,97.625,98.75,94.85,,102.4,94.825,103.14,104.0,99.5,100.95,95.95
2025-08-01T16:51:39.246201+02:00,102.925,97.55,98.675,94.775,,102.4,94.75,103.14,104.0,99.425,100.875,95.875
2025-08-01T17:29:59.385778+02:00,102.925,97.525,98.65,94.725,,102.4,,103.14,104.0,99.4,100.85,95.825
2025-08-01T17:50:05.340837+02:00,102.925,97.525,98.65,94.725,,102.4,,103.14,104.0,99.4,100.85,95.825
2025-08-01T18:35:33.563364+02:00,102.925,97.525,98.65,94.725,,102.4,,103.14,104.0,99.4,100.85,95.825
2025-08-01T19:01:29.572152+02:00,102.925,97.525,98.65,94.725,,102.4,,103.14,104.0,99.4,100.85,95.825
2025-08-04T08:48:41.489925+02:00,102.925,97.525,98.65,94.575,,102.4,94.725,103.14,104.0,99.4,100.85,95.825
2025-08-04T09:34:52.260913+02:00,102.925,97.475,98.6,94.65,,102.4,,103.14,104.0,99.35,100.8,95.75
2025-08-04T09:57:20.329835+02:00,102.925,97.475,98.6,94.675,,102.4,,103.14,104.0,99.35,100.8,95.775
2025-08-04T10:40:50.946888+02:00,103.4,97.475,98.6,94.675,,102.4,,103.11,103.87,99.37,100.8,95.775
2025-08-04T11:03:55.679329+02:00,103.4,97.5,98.625,94.675,,102.4,,103.11,103.87,99.39,100.825,95.775
2025-08-04T11:47:53.266470+02:00,103.4,97.55,98.675,94.925,,102.4,94.75,103.11,103.87,99.47,100.875,96.025
2025-08-04T12:32:06.130063+02:00,103.4,97.625,98.75,95.0,,102.4,94.825,103.11,103.87,99.55,100.95,96.1
2025-08-04T12:59:25.670793+02:00,103.4,97.625,98.77,95.0,,102.4,94.825,103.11,103.87,99.57,100.95,96.1
2025-08-04T13:28:39.755315+02:00,103.4,97.725,98.85,95.05,,102.4,94.875,103.11,103.87,99.6,101.05,96.15
2025-08-04T13:46:34.805903+02:00,103.4,97.7,98.825,95.025,,102.4,94.85,103.11,103.87,99.59,101.025,96.125
2025-08-04T15:00:04.305081+02:00,103.4,97.7,98.825,95.05,,102.4,94.875,103.11,103.87,99.6,101.025,96.15
2025-08-04T15:50:18.864421+02:00,103.4,97.725,98.85,95.075,,102.4,94.875,103.11,103.87,99.7,101.05,96.175
2025-08-04T16:31:44.279939+02:00,103.4,97.775,98.9,95.125,,102.4,94.925,103.11,103.87,99.7,101.1,96.225
2025-08-04T16:59:08.526417+02:00,103.4,97.725,98.85,95.075,,102.4,94.9,103.11,103.87,99.7,101.05,96.175
2025-08-04T17:35:00.339618+02:00,103.4,97.75,98.875,95.1,,102.4,94.9,103.14,104.0,99.7,101.075,96.2
2025-08-04T17:58:46.661597+02:00,103.4,97.75,98.875,95.1,,102.4,94.9,103.14,104.0,99.7,101.075,96.2
2025-08-04T18:41:10.748782+02:00,102.925,97.75,98.875,95.1,,102.4,94.9,103.14,104.0,99.625,101.075,96.2
2025-08-04T19:03:46.534093+02:00,102.925,97.75,98.875,95.1,,102.4,94.9,103.14,104.0,99.625,101.075,96.2
2025-08-05T08:42:39.071304+02:00,102.925,97.75,98.875,95.1,,102.4,94.9,103.14,104.0,99.625,101.075,96.2
2025-08-05T09:13:48.489595+02:00,103.4,97.775,98.9,95.125,,102.4,94.925,103.14,104.0,99.65,101.1,96.225
2025-08-05T09:42:46.925812+02:00,103.4,97.8,98.93,95.175,,102.4,94.95,103.11,103.87,99.73,101.125,96.275
2025-08-05T09:56:51.920527+02:00,103.4,97.8,98.94,95.175,,102.4,94.95,103.11,103.87,99.74,101.125,96.275
2025-08-05T10:40:36.887334+02:00,103.4,97.8,98.925,95.125,,102.4,94.9,103.11,103.87,99.69,101.125,96.225
2025-08-05T11:03:10.296544+02:00,103.4,97.775,98.9,95.1,,102.4,94.875,103.11,103.87,99.66,101.1,96.2
2025-08-05T11:44:09.522277+02:00,103.4,97.8,98.925,95.1,,102.4,94.9,103.11,103.87,99.7,101.125,96.2
2025-08-05T11:59:27.780489+02:00,103.4,97.8,98.925,95.1,,102.4,94.9,103.11,103.87,99.68,101.125,96.2
2025-08-05T12:36:35.850169+02:00,103.4,97.725,98.9,95.075,,102.4,94.875,103.11,103.87,99.66,101.1,96.175
2025-08-05T12:58:56.357663+02:00,103.4,97.725,98.9,95.075,,102.4,94.875,103.11,103.87,99.67,101.1,96.175
2025-08-05T13:28:12.215552+02:00,103.4,97.7,98.875,95.05,,102.4,94.85,103.11,103.87,99.64,101.075,96.15
2025-08-05T13:46:38.304047+02:00,103.4,97.7,98.875,95.05,,102.4,94.85,103.11,103.87,99.65,101.075,96.15
2025-08-05T15:00:03.469643+02:00,103.4,97.725,98.9,95.075,,102.4,94.875,103.11,103.87,99.67,101.1,96.175
2025-08-05T15:49:56.063767+02:00,103.4,97.75,98.925,95.1,,102.4,94.9,103.11,103.87,99.71,101.125,96.2
2025-08-05T16:31:35.528557+02:00,103.4,97.775,98.95,95.125,,102.4,94.925,103.11,103.87,99.74,101.15,96.225
2025-08-05T17:00:02.562838+02:00,103.4,97.775,98.95,95.125,,102.4,94.925,103.11,103.87,99.75,101.15,96.225
2025-08-05T17:35:35.685053+02:00,103.4,97.775,98.95,95.15,,102.4,94.95,103.14,104.0,99.7,101.15,96.25
2025-08-05T17:54:44.892862+02:00,103.4,97.775,98.95,95.15,,102.4,94.95,103.14,104.0,99.7,101.15,96.25
2025-08-05T18:29:39.074567+02:00,102.925,97.775,98.95,95.15,,102.4,94.95,103.14,104.0,99.7,101.15,96.25
2025-08-05T18:52:10.206943+02:00,102.925,97.775,98.95,95.15,,102.4,94.95,103.14,104.0,99.7,101.15,96.25
2025-08-06T08:43:28.880712+02:00,102.925,97.775,98.95,95.15,,102.4,94.95,103.35,104.0,99.7,101.15,96.25
2025-08-06T09:14:02.575716+02:00,103.4,97.75,98.925,95.1,,102.4,94.9,103.35,104.0,99.675,101.125,96.2
2025-08-06T09:42:46.203056+02:00,103.4,97.65,98.925,95.075,,102.4,94.9,103.11,103.87,99.69,101.125,96.175
2025-08-06T09:57:10.121076+02:00,103.55,97.7,99.0,95.125,,102.4,94.9,103.11,103.87,99.75,101.175,96.225
2025-08-06T10:40:18.533222+02:00,103.5,97.675,98.975,95.1,,102.4,94.875,103.11,103.87,99.725,101.15,96.2
2025-08-06T11:03:06.528298+02:00,103.5,97.675,98.975,95.075,,102.4,94.875,103.11,103.87,99.725,101.15,96.175
2025-08-06T11:44:32.474037+02:00,103.5,97.675,98.975,95.1,,102.4,94.875,103.11,103.87,99.725,101.15,96.2
2025-08-06T11:59:49.951294+02:00,103.5,97.675,98.975,95.075,,102.4,94.875,103.11,103.87,99.725,101.15,96.175
2025-08-06T12:36:58.043536+02:00,103.5,97.65,98.95,95.05,,102.4,94.85,103.11,103.87,99.7,101.125,96.15
2025-08-06T12:59:07.250640+02:00,103.5,97.675,98.975,95.075,,102.4,94.875,103.11,103.87,99.725,101.15,96.175
2025-08-06T13:28:02.186640+02:00,103.5,97.675,98.975,95.075,,102.4,94.875,103.11,103.87,99.725,101.15,96.175
2025-08-06T13:46:23.209077+02:00,103.5,97.625,98.975,95.075,,102.4,94.875,103.11,103.87,99.725,101.15,96.175
2025-08-06T14:59:51.987325+02:00,103.5,97.725,99.075,95.175,,102.4,94.925,103.11,103.87,99.825,101.15,96.275
2025-08-06T15:50:16.410765+02:00,103.5,97.7,99.05,95.15,,102.4,94.9,103.11,103.87,99.81,101.125,96.25
2025-08-06T16:31:05.085433+02:00,103.5,97.725,99.075,95.175,,102.4,94.925,103.11,103.87,99.83,101.15,96.275
2025-08-06T16:59:50.283043+02:00,103.5,97.725,99.075,95.15,,102.4,94.925,103.11,103.87,99.83,101.15,96.25
2025-08-06T17:35:13.694893+02:00,103.5,97.7,99.05,95.125,,102.4,94.9,103.35,104.0,99.8,101.125,96.225
2025-08-06T17:57:07.705963+02:00,103.5,97.7,99.05,95.125,,102.4,94.9,103.35,104.0,99.8,101.125,96.225
2025-08-06T18:38:25.398594+02:00,102.925,97.7,99.05,95.125,,102.4,94.9,103.35,104.0,99.8,101.125,96.225
2025-08-06T19:02:10.884585+02:00,102.925,97.7,99.05,95.125,,102.4,94.9,103.35,104.0,99.8,101.125,96.225
2025-08-07T08:42:49.365786+02:00,102.925,97.7,99.05,95.125,,102.4,94.9,103.11,103.95,99.8,101.125,96.225
2025-08-07T09:13:21.452576+02:00,102.925,97.65,99.0,95.1,,102.4,94.85,103.11,103.95,99.75,101.075,96.2
2025-08-07T09:41:39.752239+02:00,103.5,97.625,98.975,95.05,,102.4,94.825,103.11,103.95,99.725,101.05,96.15
2025-08-07T09:55:53.416811+02:00,103.5,97.625,98.975,95.075,,102.4,94.825,103.11,103.87,99.74,101.05,96.175
2025-08-07T10:39:02.055934+02:00,103.5,97.7,99.05,95.15,,102.4,94.9,103.11,103.95,99.8,101.125,96.25
2025-08-07T11:02:39.632541+02:00,103.5,97.725,99.075,95.175,,102.4,95.05,103.11,103.85,99.86,101.15,96.275
2025-08-07T11:43:06.876606+02:00,103.5,97.775,99.125,95.2,,102.4,95.075,103.11,103.85,99.875,101.2,96.3
2025-08-07T11:58:37.831583+02:00,103.5,97.775,99.125,95.175,,102.4,95.05,103.11,103.85,99.875,101.2,96.275
2025-08-07T12:34:55.967758+02:00,103.5,97.7,99.05,95.125,,102.4,95.0,103.11,103.85,99.825,101.15,96.225
2025-08-07T12:58:08.432545+02:00,103.5,97.675,99.025,95.1,,102.4,94.975,103.11,103.85,99.8,101.125,96.2
2025-08-07T13:27:43.235084+02:00,103.5,97.65,99.0,95.075,,102.4,94.95,103.11,103.85,99.775,101.1,96.175
2025-08-07T13:46:05.447500+02:00,103.5,97.7,99.05,95.1,,102.4,94.975,103.11,103.95,99.825,101.15,96.2
2025-08-07T14:59:18.901133+02:00,103.5,97.7,99.05,95.125,,102.4,95.0,103.09,103.82,99.825,101.15,96.225
2025-08-07T15:49:03.484595+02:00,103.5,97.725,99.075,95.275,,102.4,95.025,103.11,103.95,99.85,101.175,96.375
2025-08-07T16:30:38.632794+02:00,103.5,97.725,99.075,95.275,,102.4,95.025,103.11,103.95,99.85,101.175,96.375
2025-08-07T16:58:58.724398+02:00,103.5,97.75,99.1,95.275,,102.4,95.05,103.11,103.95,99.875,101.2,96.375
2025-08-07T17:34:31.852353+02:00,103.5,97.725,99.075,95.25,,102.4,95.025,103.11,103.95,99.85,101.175,96.35
2025-08-07T17:55:57.936653+02:00,103.5,97.725,99.075,95.25,,102.4,95.025,103.11,103.95,99.85,101.175,96.35
2025-08-07T18:38:03.422822+02:00,102.925,97.725,99.075,95.25,,102.4,95.025,103.11,103.95,99.85,101.175,96.35
2025-08-07T19:01:56.412456+02:00,102.925,97.725,99.075,95.25,,102.4,95.025,103.11,103.95,99.85,101.175,96.35
2025-08-08T08:42:29.864534+02:00,102.925,97.725,99.075,95.25,,102.4,95.025,103.11,103.95,99.85,101.175,96.35
2025-08-08T09:13:45.825602+02:00,102.925,97.725,99.075,95.25,,102.4,95.0,103.11,103.95,99.85,101.175,96.35
2025-08-08T09:41:28.307724+02:00,103.5,97.725,99.075,95.25,,102.4,95.0,103.09,103.82,99.85,101.175,96.35
2025-08-08T09:55:27.756607+02:00,103.5,97.7,99.05,95.225,,102.4,94.975,103.11,103.95,99.825,101.15,96.325
2025-08-08T10:37:24.856033+02:00,103.5,97.725,99.075,95.225,,102.4,95.0,103.11,103.95,99.85,101.175,96.325
2025-08-08T11:02:25.282021+02:00,103.5,97.7,99.05,95.2,,102.4,94.95,103.11,103.95,99.825,101.15,96.3
2025-08-08T11:43:23.112946+02:00,103.5,97.7,99.05,95.225,,102.4,94.975,103.11,103.95,99.825,101.15,96.325
2025-08-08T11:58:01.308575+02:00,103.5,97.725,99.075,95.25,,102.4,95.0,103.11,103.95,99.85,101.175,96.35
2025-08-08T12:34:10.854253+02:00,103.5,97.75,99.1,95.25,,102.4,95.0,103.11,103.95,99.875,101.2,96.35
2025-08-08T12:57:44.701404+02:00,103.5,97.75,99.1,95.275,,102.4,95.0,103.11,103.95,99.875,101.2,96.375
2025-08-08T13:27:01.098839+02:00,103.5,97.75,99.1,95.275,,102.4,95.0,103.11,103.95,99.875,101.2,96.375
2025-08-08T13:45:21.830741+02:00,103.5,97.725,99.075,95.25,,102.4,94.975,103.11,103.95,99.85,101.175,96.35
2025-08-08T13:58:10.838242+02:00,103.5,97.725,99.075,95.25,,102.4,94.975,103.11,103.95,99.85,101.175,96.35
2025-08-08T15:02:29.394798+02:00,103.5,97.675,99.025,95.175,,102.4,94.925,103.11,103.95,99.8,101.125,96.275
2025-08-08T15:51:33.639673+02:00,103.5,97.625,98.975,95.125,,102.4,94.85,103.11,103.95,99.75,101.075,96.225
2025-08-08T16:28:30.930104+02:00,103.5,97.65,99.0,95.15,,102.4,94.875,103.11,103.95,99.775,101.1,96.25
2025-08-08T16:52:10.197013+02:00,103.5,97.65,99.0,95.15,,102.4,94.875,103.11,103.95,99.775,101.1,96.25
2025-08-08T17:30:00.034135+02:00,103.5,97.65,99.0,95.15,,102.4,94.875,103.11,103.95,99.775,101.1,96.25
2025-08-08T17:50:23.151589+02:00,103.5,97.65,99.0,95.15,,102.4,94.875,103.11,103.95,99.775,101.1,96.25
2025-08-08T18:33:00.486515+02:00,102.925,97.65,99.0,95.15,,102.4,94.875,103.11,103.95,99.775,101.1,96.25
2025-08-08T18:57:37.484372+02:00,102.925,97.65,99.0,95.15,,102.4,94.875,103.11,103.95,99.775,101.1,96.25
2025-08-11T08:42:16.879273+02:00,102.925,97.65,99.0,95.175,,102.4,94.875,103.11,103.95,99.775,101.1,96.25
2025-08-11T09:03:05.814976+02:00,102.925,97.65,99.0,95.15,,102.4,94.875,103.11,103.95,99.775,101.1,96.25
2025-08-11T09:38:58.210104+02:00,103.5,97.725,99.075,95.225,,102.4,94.925,103.09,103.82,99.85,101.175,96.325
2025-08-11T09:55:00.593417+02:00,103.5,97.7,99.05,95.2,,102.4,94.925,103.09,103.82,99.83,101.15,96.3
2025-08-11T10:37:55.790520+02:00,103.5,97.7,99.05,95.175,,103.025,94.9,103.225,103.82,99.83,101.15,96.275
2025-08-11T11:01:16.918685+02:00,103.5,97.675,99.04,95.175,,103.025,94.9,103.225,103.82,99.84,101.125,96.275
2025-08-11T11:42:16.794728+02:00,103.5,97.675,99.025,95.15,,103.025,94.875,103.225,103.82,99.81,101.125,96.25
2025-08-11T11:57:23.001223+02:00,103.5,97.675,99.025,95.15,,103.025,94.875,103.225,103.82,99.82,101.125,96.25
2025-08-11T12:33:31.789361+02:00,103.5,97.65,99.0,95.125,,103.025,94.85,103.225,103.82,99.8,101.1,96.225
2025-08-11T12:56:35.787907+02:00,103.5,97.625,98.98,95.1,,103.025,94.85,103.225,103.82,99.78,101.075,96.2
2025-08-11T13:25:52.729486+02:00,103.5,97.625,98.975,95.1,,103.025,94.825,103.225,103.82,99.76,101.075,96.2
2025-08-11T13:44:04.660768+02:00,103.5,97.625,98.975,95.1,,103.025,94.825,103.225,103.82,99.77,101.075,96.2
2025-08-11T13:56:50.704070+02:00,103.5,97.625,98.98,95.1,,103.025,94.825,103.225,103.82,99.78,101.075,96.2
2025-08-11T15:01:06.560274+02:00,103.5,97.65,99.0,95.125,,103.025,94.85,103.225,103.82,99.79,101.1,96.225
2025-08-11T15:51:04.742740+02:00,103.2,97.625,98.98,95.1,,103.025,94.825,103.225,103.82,99.78,101.075,96.2
2025-08-11T16:28:26.824170+02:00,103.2,97.65,99.0,95.125,,103.025,94.85,103.225,103.65,99.775,101.1,96.225
2025-08-11T16:51:59.632242+02:00,103.2,97.625,98.975,95.1,,103.025,94.825,103.225,103.82,99.77,101.075,96.2
2025-08-11T17:29:36.062050+02:00,103.2,97.625,98.975,95.1,,103.025,94.825,103.225,103.65,99.75,101.075,96.2
2025-08-11T17:49:16.405136+02:00,103.2,97.625,98.975,95.1,,103.025,94.825,103.225,103.65,99.75,101.075,96.2
2025-08-11T18:35:00.787248+02:00,103.2,97.625,98.975,95.1,,103.025,94.825,103.225,103.65,99.75,101.075,96.2
2025-08-11T19:00:28.689723+02:00,103.2,97.625,98.975,95.1,,103.025,94.825,103.225,103.65,99.75,101.075,96.2
2025-08-12T08:39:00.496181+02:00,103.2,97.625,98.975,95.1,,103.025,94.825,103.225,103.65,99.75,101.075,96.2
2025-08-12T08:59:21.595940+02:00,103.2,97.625,98.975,95.1,,103.025,94.825,103.225,103.65,99.75,101.075,96.2
2025-08-12T09:29:35.401837+02:00,103.5,97.625,98.975,95.075,,103.025,94.825,103.225,103.82,99.76,101.075,96.175
2025-08-12T09:45:19.909791+02:00,103.5,97.65,99.0,95.1,,103.025,94.85,103.225,103.82,99.775,101.1,96.2
2025-08-12T09:58:10.459941+02:00,103.5,97.65,99.0,95.1,,103.025,94.85,103.225,103.82,99.775,101.1,96.2
2025-08-12T10:37:18.043044+02:00,103.5,97.625,98.975,95.075,,103.025,94.825,103.225,103.82,99.75,101.075,96.175
2025-08-12T10:59:37.119858+02:00,103.5,97.625,98.975,95.1,,103.025,94.85,103.225,103.82,99.75,101.075,96.2
2025-08-12T11:32:36.319477+02:00,103.5,97.65,99.0,95.1,,103.025,94.85,103.225,103.82,99.775,101.1,96.2
2025-08-12T11:54:00.803976+02:00,103.5,97.625,98.975,95.1,,103.025,94.85,103.225,103.82,99.76,101.075,96.2
2025-08-12T12:28:40.953792+02:00,103.5,97.6,98.95,95.05,,103.025,94.825,103.225,103.82,99.725,101.05,96.15
2025-08-12T12:49:39.705906+02:00,103.5,97.55,98.9,95.0,,103.025,94.8,103.225,103.82,99.7,101.0,96.1
2025-08-12T13:22:37.141907+02:00,103.5,97.525,98.875,94.975,,103.025,94.775,103.225,103.82,99.67,100.975,96.075
2025-08-12T13:42:31.252921+02:00,103.5,97.55,98.9,95.0,,103.025,94.8,103.225,103.82,99.68,101.0,96.1
2025-08-12T13:55:19.931286+02:00,103.5,97.55,98.9,95.0,,103.025,94.8,103.225,103.82,99.68,101.0,96.1
2025-08-12T14:54:43.670898+02:00,103.5,97.575,98.925,95.025,,103.025,94.825,103.225,103.82,99.72,101.025,96.125
2025-08-12T15:38:33.481552+02:00,103.5,97.45,98.8,94.875,,103.025,94.7,103.225,103.82,99.575,100.9,95.975
2025-08-12T15:57:29.367553+02:00,103.5,97.45,98.8,94.85,,103.025,94.725,103.225,103.82,99.575,100.9,95.95
2025-08-12T16:29:55.097657+02:00,103.5,97.4,98.75,94.8,,103.025,94.7,103.225,103.82,99.525,100.85,95.9
2025-08-12T16:50:53.042411+02:00,103.5,97.425,98.775,94.825,,103.025,94.725,103.225,103.82,99.55,100.875,95.925
2025-08-12T17:28:58.964272+02:00,103.5,97.425,98.775,94.825,,103.025,94.725,103.225,103.65,99.55,100.875,95.925
2025-08-12T17:48:17.045206+02:00,103.5,97.425,98.775,94.825,,103.025,94.725,103.225,103.65,99.55,100.875,95.925
2025-08-12T18:34:27.840378+02:00,103.2,97.425,98.775,94.825,,103.025,94.725,103.225,103.65,99.55,100.875,95.925
2025-08-12T18:59:33.182572+02:00,103.2,97.425,98.775,94.825,,103.025,94.725,103.225,103.65,99.55,100.875,95.925
2025-08-13T08:39:19.520824+02:00,103.2,97.425,98.775,94.825,,103.025,94.725,103.225,103.65,99.55,100.875,95.925
2025-08-13T08:59:57.000615+02:00,103.2,97.425,98.775,94.825,,103.025,94.725,103.225,103.65,99.55,100.875,95.925
2025-08-13T09:30:32.285318+02:00,103.5,97.525,98.875,94.95,,103.025,94.85,103.225,103.82,99.66,100.975,96.05
2025-08-13T09:53:27.559612+02:00,103.5,97.55,98.9,95.15,,103.025,94.875,103.225,103.82,99.69,101.0,96.25
2025-08-13T10:35:12.179623+02:00,103.5,97.6,98.95,95.15,,103.025,94.925,103.225,103.82,99.74,101.05,96.25
2025-08-13T11:00:10.136391+02:00,103.5,97.575,98.925,95.125,,103.025,94.925,103.225,103.82,99.72,101.025,96.225
2025-08-13T11:33:02.089625+02:00,103.5,97.6,98.95,95.15,,103.025,94.925,103.225,103.82,99.73,101.05,96.25
2025-08-13T11:54:24.211587+02:00,103.5,97.6,98.95,95.15,,103.025,94.95,103.225,103.82,99.74,101.05,96.25
2025-08-13T12:29:11.564947+02:00,103.5,97.6,98.95,95.15,,103.025,94.925,103.225,103.8,99.74,101.05,96.25
2025-08-13T12:50:02.279244+02:00,103.5,97.6,98.95,95.15,,103.025,94.925,103.225,103.75,99.725,101.05,96.25
2025-08-13T13:23:04.682279+02:00,103.5,97.6,98.95,95.15,,103.025,94.925,103.225,103.75,99.725,101.05,96.25
2025-08-13T13:42:42.490805+02:00,103.5,97.575,98.925,95.125,,103.025,94.9,103.225,103.76,99.72,101.025,96.225
2025-08-13T13:55:14.673552+02:00,103.5,97.575,98.925,95.125,,103.025,94.925,103.225,103.76,99.71,101.025,96.225
2025-08-13T14:55:41.637630+02:00,103.225,97.525,98.92,95.1,,103.05,94.925,103.25,103.76,99.72,100.975,96.2
2025-08-13T15:39:58.001578+02:00,103.225,97.55,99.0,95.125,,103.05,94.95,103.25,103.675,99.675,101.0,96.225
2025-08-13T15:58:31.192749+02:00,103.225,97.55,99.0,95.15,,103.05,94.95,103.25,103.76,99.74,101.0,96.25
2025-08-13T16:31:02.491878+02:00,103.225,97.6,99.0,95.225,,103.05,95.0,103.25,103.76,99.79,101.05,96.325
2025-08-13T16:56:00.954099+02:00,103.225,97.6,99.0,95.2,,103.05,94.975,103.25,103.675,99.725,101.05,96.3
2025-08-13T17:26:38.155215+02:00,103.225,97.6,99.0,95.225,,103.05,95.0,103.25,103.675,99.725,101.05,96.325
2025-08-13T17:41:42.561151+02:00,103.225,97.6,99.0,95.225,,103.05,95.0,103.25,103.675,99.725,101.05,96.325
2025-08-13T17:54:35.263081+02:00,103.225,97.6,99.0,95.225,,103.05,95.0,103.25,103.675,99.725,101.05,96.325
2025-08-13T18:28:51.049046+02:00,103.49,97.6,98.95,95.225,,103.05,95.0,103.25,103.675,99.725,101.05,96.325
2025-08-13T18:48:34.348739+02:00,103.49,97.6,98.95,95.225,,103.05,95.0,103.25,103.675,99.725,101.05,96.325
2025-08-14T08:39:35.828130+02:00,103.225,97.6,98.95,95.225,,103.05,95.0,103.25,103.675,99.725,101.05,96.325
2025-08-14T09:00:17.010035+02:00,103.225,97.625,99.0,95.3,,103.05,95.025,103.25,103.675,99.75,101.075,96.4
2025-08-14T09:30:32.317949+02:00,103.225,97.625,99.03,95.3,,103.05,95.05,103.25,103.76,99.83,101.075,96.4
2025-08-14T09:53:21.522203+02:00,103.225,97.625,99.04,95.3,,103.05,95.05,103.25,103.76,99.84,101.075,96.4
2025-08-14T10:35:43.196001+02:00,103.225,97.625,99.03,95.3,,103.05,95.05,103.25,103.76,99.83,101.075,96.4
2025-08-14T11:00:26.322018+02:00,103.225,97.625,99.04,95.3,,103.05,95.075,103.25,103.76,99.84,101.075,96.4
2025-08-14T11:34:13.510049+02:00,103.225,97.6,99.01,95.275,,103.05,95.05,103.25,103.76,99.81,101.05,96.375
2025-08-14T11:55:04.581165+02:00,103.225,97.55,99.0,95.25,,103.05,95.025,103.25,103.76,99.79,101.05,96.35
2025-08-14T12:29:31.783215+02:00,103.225,97.55,99.0,95.25,,103.05,95.025,103.25,103.76,99.79,101.05,96.35
2025-08-14T12:51:02.206180+02:00,103.225,97.525,99.0,95.25,,103.05,95.025,103.25,103.76,99.78,101.025,96.35
2025-08-14T13:22:54.111097+02:00,103.225,97.55,99.0,95.25,,103.05,95.025,103.25,103.76,99.78,101.05,96.35
2025-08-14T13:42:53.575389+02:00,103.225,97.55,99.0,95.25,,103.05,95.025,103.25,103.76,99.79,101.05,96.35
2025-08-14T13:55:36.921360+02:00,103.225,97.525,99.0,95.225,,103.05,95.0,103.25,103.76,99.76,101.025,96.325
2025-08-14T14:57:03.954370+02:00,103.225,97.5,99.0,95.25,,103.05,94.975,103.25,103.76,99.73,101.0,96.35
2025-08-14T15:41:01.585079+02:00,103.225,97.425,99.0,95.175,,103.05,94.9,103.25,103.76,99.66,100.925,96.275
2025-08-14T15:58:12.114340+02:00,103.225,97.425,99.0,95.15,,103.05,94.9,103.25,103.76,99.65,100.925,96.25
2025-08-14T16:30:29.001293+02:00,103.225,97.425,99.0,95.15,,103.05,94.9,103.25,103.76,99.65,100.925,96.25
2025-08-14T16:55:38.044841+02:00,103.225,97.425,99.0,95.15,,103.05,94.9,103.25,103.76,99.65,100.925,96.25
2025-08-14T17:28:58.733099+02:00,103.225,97.4,99.0,95.125,,103.05,94.875,103.25,103.675,99.575,100.9,96.225
2025-08-14T17:48:16.685603+02:00,103.225,97.4,99.0,95.125,,103.05,94.875,103.25,103.675,99.575,100.9,96.225
2025-08-14T18:34:11.966823+02:00,103.225,97.4,98.8,95.125,,103.05,94.875,103.25,103.675,99.575,100.9,96.225
2025-08-14T18:57:44.251133+02:00,103.225,97.4,98.8,95.125,,103.05,94.875,103.25,103.675,99.575,100.9,96.225
2025-08-15T08:39:05.729708+02:00,103.225,97.4,98.8,95.125,,103.05,94.875,103.25,103.675,99.575,100.9,96.225
2025-08-15T08:59:47.325246+02:00,103.225,97.4,98.8,95.125,,103.05,94.875,103.25,103.675,99.575,100.9,96.225
2025-08-15T09:28:35.095048+02:00,103.225,97.35,98.75,95.075,,103.05,94.825,103.25,103.675,99.525,100.85,96.175
2025-08-15T09:44:17.376305+02:00,103.225,97.325,98.75,95.05,,103.05,94.8,103.25,103.76,99.56,100.825,96.15
2025-08-15T09:56:57.604240+02:00,103.225,97.35,98.77,95.05,,103.05,94.8,103.25,103.76,99.57,100.85,96.15
2025-08-15T10:35:59.234648+02:00,103.225,97.3,98.73,95.05,,103.05,94.775,103.25,103.76,99.53,100.8,96.15
2025-08-15T10:58:10.100482+02:00,103.225,97.3,98.73,95.05,,103.05,94.775,103.25,103.76,99.53,100.8,96.15
2025-08-15T11:30:30.263007+02:00,103.225,97.3,98.73,95.05,,103.05,94.775,103.25,103.76,99.53,100.8,96.15
2025-08-15T11:53:16.705434+02:00,103.225,97.275,98.71,95.025,,103.05,94.75,103.25,103.76,99.51,100.775,96.125
2025-08-15T12:27:14.539258+02:00,103.225,97.25,98.7,95.0,,103.05,94.75,103.25,103.76,99.48,100.75,96.1
2025-08-15T12:47:46.985778+02:00,103.225,97.25,98.7,95.0,,103.05,94.75,103.25,103.76,99.5,100.75,96.1
2025-08-15T13:21:35.413754+02:00,103.225,97.275,98.7,95.025,,103.05,94.75,103.25,103.76,99.5,100.775,96.125
2025-08-15T13:41:15.037338+02:00,103.225,97.275,98.7,95.0,,103.05,94.75,103.25,103.76,99.5,100.775,96.1
2025-08-15T13:54:00.335624+02:00,103.225,97.275,98.7,95.0,,103.05,94.75,103.25,103.76,99.49,100.775,96.1
2025-08-15T14:52:15.531886+02:00,103.225,97.275,98.7,95.0,,103.05,94.75,103.25,103.76,99.48,100.775,96.1
2025-08-15T15:35:10.513352+02:00,103.225,97.225,98.7,94.925,,103.05,94.675,103.25,103.76,99.4,100.725,96.025
2025-08-15T15:54:53.911204+02:00,103.225,97.2,98.7,94.9,,103.05,94.675,103.25,103.76,99.39,100.7,96.0
2025-08-15T16:25:32.855581+02:00,103.225,97.2,98.7,94.9,,103.05,94.65,103.25,103.76,99.39,100.7,96.0
2025-08-15T16:46:52.940372+02:00,103.225,97.225,98.7,94.925,,103.05,94.675,103.25,103.675,99.4,100.725,96.025
2025-08-15T17:26:40.617960+02:00,103.225,97.2,98.7,94.9,,103.05,94.65,103.25,103.675,99.375,100.7,96.0
2025-08-15T17:44:43.417622+02:00,103.225,97.2,98.7,94.9,,103.05,94.65,103.25,103.675,99.375,100.7,96.0
2025-08-15T17:57:45.365452+02:00,103.225,97.2,98.7,94.9,,103.05,94.65,103.25,103.675,99.375,100.7,96.0
2025-08-15T18:34:45.957747+02:00,103.225,97.2,98.6,94.9,,103.05,94.65,103.25,103.675,99.375,100.7,96.0
2025-08-15T18:57:32.054524+02:00,103.225,97.2,98.6,94.9,,103.05,94.65,103.25,103.675,99.375,100.7,96.0
2025-08-18T08:41:52.456346+02:00,103.225,97.2,98.6,95.5,,103.05,94.65,103.25,103.675,99.375,100.7,96.0
2025-08-18T09:02:04.312129+02:00,103.225,97.225,98.7,94.925,,103.05,94.675,103.25,103.675,99.4,100.725,96.025
2025-08-18T09:35:40.571584+02:00,103.225,97.275,98.7,94.975,,103.05,94.725,103.25,103.76,99.49,100.775,96.075
2025-08-18T09:53:31.750691+02:00,103.225,97.275,98.7,94.975,,103.05,94.725,103.25,103.76,99.48,100.775,96.075
2025-08-18T10:36:44.506138+02:00,103.225,97.325,98.76,95.05,,103.05,94.775,103.25,103.76,99.56,100.825,96.15
2025-08-18T11:00:19.757681+02:00,103.225,97.325,98.75,95.025,,103.05,94.775,103.25,103.76,99.55,100.825,96.125
2025-08-18T11:36:10.348856+02:00,103.225,97.3,98.73,95.0,,103.05,94.75,103.25,103.76,99.53,100.8,96.1
2025-08-18T11:55:29.099278+02:00,103.225,97.275,98.72,95.0,,103.05,94.75,103.25,103.76,99.52,100.775,96.1
2025-08-18T12:30:23.835404+02:00,103.225,97.3,98.74,95.025,,103.05,94.75,103.25,103.76,99.54,100.8,96.125
2025-08-18T12:51:51.501210+02:00,103.225,97.3,98.73,95.0,,103.05,94.75,103.25,103.76,99.53,100.8,96.1
2025-08-18T13:23:37.277799+02:00,103.225,97.325,98.725,95.0,,103.05,94.75,103.25,103.76,99.52,100.775,96.1
2025-08-18T13:43:22.249062+02:00,103.225,97.35,98.75,95.0,,103.05,94.75,103.25,103.76,99.53,100.8,96.1
2025-08-18T13:56:15.509538+02:00,103.225,97.325,98.725,95.0,,103.05,94.75,103.25,103.76,99.52,100.775,96.1
2025-08-18T14:59:28.026820+02:00,103.225,97.35,98.75,95.025,,103.05,94.75,103.25,103.76,99.51,100.8,96.125
2025-08-18T15:44:03.193302+02:00,103.225,97.325,98.725,94.975,,103.05,94.725,103.25,103.76,99.48,100.775,96.075
2025-08-18T16:00:03.883874+02:00,103.225,97.35,98.75,95.0,,103.05,94.725,103.25,103.76,99.51,100.8,96.1
2025-08-18T16:33:21.837291+02:00,103.225,97.325,98.725,94.975,,103.05,94.7,103.25,103.76,99.49,100.775,96.075
2025-08-18T16:56:29.205561+02:00,103.225,97.3,98.7,94.95,,103.05,94.675,103.25,103.76,99.46,100.75,96.05
2025-08-18T17:31:33.543517+02:00,103.225,97.325,98.725,94.95,,103.05,94.7,103.25,103.675,99.45,100.775,96.05
2025-08-18T17:54:58.396870+02:00,103.225,97.325,98.725,94.95,,103.05,94.7,103.25,103.675,99.45,100.775,96.05
2025-08-18T18:34:06.166913+02:00,103.49,97.325,98.725,94.95,,103.05,94.7,103.25,103.675,99.45,100.775,96.05
2025-08-18T18:59:50.268384+02:00,103.225,97.325,98.725,94.95,,103.05,94.7,103.25,103.675,99.45,100.775,96.05
2025-08-19T08:37:51.098424+02:00,103.225,97.325,98.725,94.95,,103.05,94.7,103.25,103.675,99.45,100.775,96.05
2025-08-19T08:57:43.622728+02:00,103.225,97.325,98.725,94.95,,103.05,94.7,103.25,103.675,99.45,100.775,96.05
2025-08-19T16:25:26.924244+02:00,103.49,97.45,98.88,95.05,,102.4,94.85,103.25,103.76,99.68,100.9,96.15
2025-08-19T16:46:33.284061+02:00,103.49,97.45,98.9,95.075,,102.4,94.875,103.25,103.76,99.7,100.9,96.175
2025-08-19T17:27:05.902445+02:00,103.49,97.475,98.875,95.125,,102.4,94.85,103.25,103.675,99.6,100.925,96.225
2025-08-19T17:44:46.804838+02:00,103.49,97.475,98.875,95.125,,102.4,94.85,103.25,103.675,99.6,100.925,96.225
2025-08-19T17:57:43.589321+02:00,103.49,97.475,98.875,95.125,,102.4,94.85,103.25,103.675,99.6,100.925,96.225
2025-08-19T18:34:44.496246+02:00,102.925,97.475,98.875,95.125,,102.4,94.85,103.25,103.675,99.6,100.925,96.225
2025-08-19T18:56:34.527193+02:00,102.925,97.475,98.875,95.125,,102.4,94.85,103.25,103.675,99.6,100.925,96.225
2025-08-20T08:37:53.785194+02:00,102.925,97.475,98.875,95.125,,102.4,94.85,103.25,103.675,99.6,100.925,96.225
2025-08-20T08:58:32.373568+02:00,102.925,97.475,98.875,95.125,,102.4,94.85,103.25,103.675,99.6,100.925,96.225
2025-08-20T09:27:36.319966+02:00,103.42,97.5,98.93,95.125,,102.4,94.925,103.25,103.76,99.73,100.95,96.225
2025-08-20T09:43:55.521618+02:00,103.42,97.5,98.92,95.1,,102.4,94.9,103.25,103.76,99.72,100.95,96.2
2025-08-20T09:56:46.780813+02:00,103.42,97.5,98.9,95.1,,102.4,94.9,103.25,103.675,99.625,100.95,96.2
2025-08-20T10:35:04.548338+02:00,103.42,97.525,98.925,95.1,,103.05,94.9,103.25,103.675,99.65,100.975,96.2
2025-08-20T10:56:24.406816+02:00,103.42,97.525,98.925,95.125,,103.05,94.9,103.25,103.675,99.65,100.975,96.225
2025-08-20T11:29:03.125641+02:00,103.42,97.6,99.0,95.2,,103.05,94.925,103.25,103.76,99.78,101.05,96.3
2025-08-20T11:46:01.447807+02:00,103.42,97.575,98.99,95.175,,103.05,94.9,103.25,103.76,99.77,101.025,96.275
2025-08-20T12:27:07.755122+02:00,103.42,97.6,99.01,95.2,,103.05,94.925,103.25,103.76,99.79,101.05,96.3
2025-08-20T12:46:39.777196+02:00,103.42,97.625,99.025,95.2,,103.05,94.925,103.25,103.76,99.8,101.075,96.3
2025-08-20T13:20:58.708585+02:00,103.42,97.625,99.025,95.25,,103.05,94.925,103.25,103.76,99.8,101.075,96.35
2025-08-20T13:40:56.105309+02:00,103.42,97.6,99.0,95.225,,103.05,94.9,103.25,103.76,99.78,101.05,96.325
2025-08-20T13:53:42.657368+02:00,103.42,97.6,99.0,95.225,,103.05,94.9,103.25,103.76,99.78,101.05,96.325
2025-08-20T14:52:33.533561+02:00,103.42,97.625,99.025,95.225,,103.05,94.925,103.25,103.76,99.79,101.075,96.325
2025-08-20T15:34:53.711302+02:00,103.42,97.75,99.05,95.225,,103.05,94.925,103.25,103.76,99.8,101.1,96.325
2025-08-20T15:55:07.029875+02:00,103.42,97.75,99.05,95.25,,103.05,94.925,103.25,103.76,99.81,101.1,96.35
2025-08-20T16:26:15.286381+02:00,103.42,97.775,99.08,95.275,,103.05,94.975,103.25,103.76,99.86,101.125,96.375
2025-08-20T16:47:07.958001+02:00,103.42,97.8,99.1,95.3,,103.05,94.975,103.25,103.76,99.87,101.15,96.4
2025-08-20T17:27:40.333497+02:00,103.42,97.8,99.1,95.325,,103.05,95.0,103.25,103.675,99.825,101.15,96.425
2025-08-20T17:44:57.861415+02:00,103.42,97.8,99.1,95.325,,103.05,95.0,103.25,103.675,99.825,101.15,96.425
2025-08-20T17:57:57.544978+02:00,103.42,97.8,99.1,95.325,,103.05,95.0,103.25,103.675,99.825,101.15,96.425
2025-08-20T18:33:06.795235+02:00,103.225,97.8,99.1,95.325,,103.05,95.0,103.25,103.675,99.825,101.15,96.425
2025-08-20T18:55:55.750958+02:00,103.225,97.8,99.1,95.325,,103.05,95.0,103.25,103.675,99.825,101.15,96.425
2025-08-21T08:47:38.417071+02:00,103.225,97.8,99.1,95.325,,103.05,95.0,103.25,103.675,99.825,101.15,96.425
2025-08-21T09:26:09.766223+02:00,103.42,97.8,99.1,95.325,,103.05,95.0,103.25,103.76,99.87,101.15,96.425
2025-08-21T09:42:18.114679+02:00,103.42,97.725,99.04,95.225,,103.05,94.925,103.25,103.76,99.82,101.075,96.325
2025-08-21T09:54:45.415045+02:00,103.42,97.725,99.025,95.225,,103.05,94.9,103.25,103.76,99.8,101.075,96.325
2025-08-21T10:32:36.571734+02:00,103.42,97.775,99.075,95.3,,103.05,94.95,103.25,103.76,99.83,101.125,96.4
2025-08-21T10:57:01.412885+02:00,103.42,97.75,99.05,95.275,,103.05,94.925,103.25,103.76,99.8,101.1,96.375
2025-08-21T11:29:35.167216+02:00,103.42,97.7,99.01,95.25,,103.05,94.925,103.25,103.76,99.79,101.05,96.35
2025-08-21T11:46:09.498555+02:00,103.42,97.7,99.0,95.225,,103.05,94.9,103.25,103.76,99.77,101.05,96.325
2025-08-21T12:27:01.338753+02:00,103.42,97.675,98.99,95.225,,103.05,94.9,103.25,103.76,99.77,101.025,96.325
2025-08-21T12:46:38.210604+02:00,103.42,97.65,98.95,95.175,,103.05,94.85,103.25,103.76,99.73,101.0,96.275
2025-08-21T13:21:13.125766+02:00,103.42,97.65,98.97,95.2,,103.05,94.925,103.25,103.76,99.75,101.0,96.3
2025-08-21T13:40:48.170063+02:00,103.42,97.65,98.96,95.175,,103.05,94.925,103.25,103.76,99.74,101.0,96.275
2025-08-21T13:53:53.035332+02:00,103.42,97.6,98.9,95.125,,103.05,94.875,103.25,103.76,99.69,100.95,96.225
2025-08-21T14:51:58.047779+02:00,103.42,97.625,98.925,95.15,,103.05,94.875,103.25,103.76,99.7,100.975,96.25
2025-08-21T15:35:01.143557+02:00,103.42,97.675,98.99,95.175,,103.05,94.925,103.25,103.76,99.77,101.025,96.275
2025-08-21T15:54:30.606486+02:00,103.42,97.675,98.975,95.175,,103.05,94.9,103.25,103.76,99.75,101.025,96.275
2025-08-21T16:25:44.944399+02:00,103.42,97.65,98.95,95.15,,103.05,94.875,103.25,103.73,99.72,101.0,96.25
2025-08-21T16:46:39.400130+02:00,103.42,97.675,98.98,95.175,,103.05,94.925,103.25,103.73,99.76,101.025,96.275
2025-08-21T17:26:58.973977+02:00,103.42,97.65,98.95,95.125,,103.05,94.875,103.25,103.675,99.675,101.0,96.225
2025-08-21T17:44:48.526162+02:00,103.42,97.65,98.95,95.125,,103.05,94.875,103.25,103.675,99.675,101.0,96.225
2025-08-21T17:57:50.864685+02:00,103.42,97.65,98.95,95.125,,103.05,94.875,103.25,103.675,99.675,101.0,96.225
2025-08-21T18:33:23.449781+02:00,103.225,97.65,98.95,95.125,,103.05,94.875,103.25,103.675,99.675,101.0,96.225
2025-08-21T18:57:11.444109+02:00,103.225,97.65,98.95,95.125,,103.05,94.875,103.25,103.675,99.675,101.0,96.225
2025-08-22T08:37:12.323351+02:00,103.225,97.65,98.95,95.125,,103.05,94.875,103.25,103.675,99.675,101.0,96.225
2025-08-22T08:58:16.735445+02:00,103.225,97.65,98.95,95.125,,103.05,94.875,103.25,103.675,99.675,101.0,96.225
2025-08-22T09:25:32.773682+02:00,103.225,97.65,98.95,95.15,,103.05,94.875,103.25,103.73,99.73,101.0,96.25
2025-08-22T09:40:41.251674+02:00,103.225,97.625,98.93,95.125,,103.05,94.85,103.25,103.73,99.71,100.975,96.225
2025-08-22T09:53:37.492117+02:00,103.225,97.625,98.93,95.125,,103.05,94.85,103.25,103.73,99.71,100.975,96.225
2025-08-22T10:32:58.462315+02:00,103.42,97.65,98.95,95.15,,103.05,94.875,103.25,103.73,99.73,101.0,96.25
2025-08-22T10:56:25.224671+02:00,103.42,97.65,98.95,95.15,,103.05,94.85,103.25,103.73,99.72,101.0,96.25
2025-08-22T11:28:12.592692+02:00,103.42,97.625,98.93,95.15,,103.05,94.875,103.25,103.73,99.71,100.975,96.25
2025-08-22T11:44:25.515694+02:00,103.42,97.625,98.93,95.15,,103.05,94.875,103.25,103.73,99.71,100.975,96.25
2025-08-22T11:57:02.217196+02:00,103.42,97.6,98.91,95.125,,103.05,94.85,103.25,103.73,99.69,100.95,96.225
2025-08-22T12:29:14.387874+02:00,103.42,97.6,98.94,95.15,,103.05,94.875,103.25,103.73,99.72,100.95,96.25
2025-08-22T12:47:01.264855+02:00,103.42,97.625,98.95,95.2,,103.05,94.9,103.25,103.73,99.73,100.975,96.3
2025-08-22T13:20:08.503471+02:00,103.42,97.625,98.94,95.175,,103.05,94.9,103.25,103.73,99.72,100.975,96.275
2025-08-22T13:40:24.839113+02:00,103.42,97.6,98.92,95.175,,103.05,94.875,103.25,103.73,99.7,100.95,96.275
2025-08-22T13:53:29.344877+02:00,103.42,97.6,98.92,95.15,,103.05,94.875,103.25,103.73,99.7,100.95,96.25
2025-08-22T14:50:40.359224+02:00,103.42,97.725,98.93,95.175,,103.05,94.875,103.25,103.73,99.71,100.975,96.275
2025-08-22T15:33:09.898407+02:00,103.42,97.725,98.96,95.2,,103.05,94.9,103.25,103.73,99.74,100.975,96.3
2025-08-22T15:53:13.263859+02:00,103.42,97.75,98.95,95.225,,103.05,94.925,103.25,103.73,99.73,101.0,96.325
2025-08-22T16:24:20.702293+02:00,103.42,97.75,98.98,95.25,,103.05,94.95,103.25,103.73,99.76,101.0,96.35
2025-08-22T16:44:26.004667+02:00,103.42,97.75,98.98,95.25,,103.05,94.975,103.25,103.73,99.76,101.0,96.35
2025-08-22T16:56:50.618586+02:00,103.42,97.775,98.99,95.25,,103.05,94.975,103.25,103.73,99.77,101.025,96.35
2025-08-22T17:26:52.322460+02:00,103.42,97.8,99.0,95.3,,103.05,95.0,103.25,103.675,99.725,101.05,96.4
2025-08-22T17:42:52.555050+02:00,103.42,97.8,99.0,95.3,,103.05,95.0,103.25,103.675,99.725,101.05,96.4
2025-08-22T17:55:28.171879+02:00,103.42,97.8,99.0,95.3,,103.05,95.0,103.25,103.675,99.725,101.05,96.4
2025-08-22T18:30:36.403392+02:00,103.225,97.8,99.0,95.3,,103.05,95.0,103.25,103.675,99.725,101.05,96.4
2025-08-22T18:55:25.089568+02:00,103.225,97.8,99.0,95.3,,103.05,95.0,103.25,103.675,99.725,101.05,96.4
2025-08-25T08:39:08.044001+02:00,103.225,97.8,99.0,95.6,,103.05,95.0,103.25,103.675,99.725,101.05,96.4
2025-08-25T08:58:22.042097+02:00,103.225,97.8,99.0,95.6,,103.05,95.0,103.25,103.675,99.725,101.05,96.4
2025-08-25T09:27:38.576478+02:00,103.42,97.7,98.91,95.175,,103.05,94.9,103.25,103.73,99.69,100.95,96.275
2025-08-25T09:43:48.616818+02:00,103.42,97.7,98.9,95.15,,103.05,94.9,103.25,103.73,99.68,100.95,96.25
2025-08-25T09:56:28.727308+02:00,103.42,97.7,98.92,95.175,,103.05,94.925,103.25,103.73,99.7,100.95,96.275
2025-08-25T10:37:09.214385+02:00,103.42,97.675,98.89,95.175,,103.05,94.9,103.25,103.73,99.67,100.925,96.275
2025-08-25T10:58:44.296057+02:00,103.42,97.675,98.9,95.175,,103.05,94.9,103.25,103.73,99.68,100.925,96.275
2025-08-25T11:31:48.999533+02:00,103.42,97.675,98.91,95.175,,103.05,94.925,103.25,103.73,99.69,100.925,96.275
2025-08-25T11:53:19.824952+02:00,103.42,97.675,98.89,95.175,,103.05,94.9,103.25,103.73,99.67,100.925,96.275
2025-08-25T12:28:08.579789+02:00,103.42,97.65,98.85,95.125,,103.05,94.875,103.25,103.73,99.63,100.9,96.225
2025-08-25T12:47:39.314654+02:00,103.42,97.65,98.85,95.125,,103.05,94.875,103.25,103.73,99.63,100.9,96.225
2025-08-25T13:21:20.532684+02:00,103.42,97.625,98.84,95.125,,103.05,94.85,103.25,103.73,99.62,100.875,96.225
2025-08-25T13:41:24.977373+02:00,103.42,97.625,98.83,95.1,,103.05,94.85,103.25,103.73,99.61,100.875,96.2
2025-08-25T13:54:18.187801+02:00,103.42,97.625,98.825,95.1,,103.05,94.85,103.25,103.73,99.6,100.875,96.2
2025-08-25T14:53:20.928975+02:00,103.42,97.625,98.825,95.1,,103.05,94.85,103.25,103.73,99.6,100.875,96.2
2025-08-25T15:35:01.573460+02:00,103.42,97.6,98.81,95.075,,103.05,94.825,103.25,103.73,99.59,100.85,96.175
2025-08-25T15:54:43.782643+02:00,103.42,97.6,98.8,95.075,,103.05,94.825,103.25,103.73,99.58,100.85,96.175
2025-08-25T16:26:23.423662+02:00,103.42,97.575,98.79,95.075,,103.05,94.825,103.25,103.73,99.57,100.825,96.175
2025-08-25T16:46:44.494109+02:00,103.42,97.6,98.82,95.1,,103.05,94.85,103.25,103.73,99.6,100.85,96.2
2025-08-25T17:26:57.514425+02:00,103.42,97.6,98.8,95.1,,103.05,94.85,103.25,103.675,99.525,100.85,96.2
2025-08-25T17:44:52.558715+02:00,103.42,97.6,98.8,95.1,,103.05,94.85,103.25,103.675,99.525,100.85,96.2
2025-08-25T17:57:40.196143+02:00,103.42,97.6,98.8,95.1,,103.05,94.85,103.25,103.675,99.525,100.85,96.2
2025-08-25T18:34:09.522616+02:00,103.225,97.6,98.8,95.1,,103.05,94.85,103.25,103.675,99.525,100.85,96.2
2025-08-25T18:57:08.245243+02:00,103.225,97.6,98.8,95.1,,103.05,94.85,103.25,103.675,99.525,100.85,96.2
2025-08-26T08:37:53.123499+02:00,103.225,97.6,98.8,95.1,,103.05,94.85,103.25,103.675,99.525,100.85,96.2
2025-08-26T08:58:52.562281+02:00,103.225,97.6,98.8,95.1,,103.05,94.85,103.25,103.675,99.525,100.85,96.2
2025-08-26T09:27:07.203693+02:00,103.42,97.675,98.875,95.175,,102.4,94.95,103.25,104.42,99.6,100.925,96.275
2025-08-26T09:43:20.220996+02:00,103.42,97.675,98.88,95.175,,102.4,94.925,103.25,103.73,99.66,100.925,96.275
2025-08-26T09:56:07.657040+02:00,103.42,97.675,98.89,95.175,,102.4,94.925,103.25,103.73,99.67,100.925,96.275
2025-08-26T10:35:49.898817+02:00,103.42,97.65,98.87,95.2,,102.4,94.925,103.25,103.73,99.65,100.9,96.3
2025-08-26T10:58:17.198530+02:00,103.42,97.65,98.87,95.2,,102.4,94.95,103.25,103.73,99.65,100.9,96.3
2025-08-26T11:30:47.318824+02:00,103.42,97.65,98.88,95.2,,102.4,94.95,103.25,103.73,99.66,100.9,96.3
2025-08-26T11:53:14.037787+02:00,103.42,97.675,98.9,95.225,,102.4,94.95,103.25,103.73,99.68,100.925,96.325
2025-08-26T12:27:22.622524+02:00,103.42,97.675,98.89,95.225,,102.4,94.95,103.25,103.73,99.67,100.925,96.325
2025-08-26T12:47:36.354146+02:00,103.42,97.65,98.87,95.175,,102.4,94.95,103.25,103.73,99.65,100.9,96.275
2025-08-26T13:21:59.532567+02:00,103.42,97.65,98.85,95.15,,102.4,94.925,103.25,103.73,99.63,100.875,96.25
2025-08-26T13:41:21.813810+02:00,103.42,97.65,98.85,95.125,,102.4,94.9,103.25,103.73,99.61,100.875,96.225
2025-08-26T13:53:56.581851+02:00,103.42,97.65,98.85,95.15,,102.4,94.925,103.25,104.42,99.55,100.875,96.25
2025-08-26T14:54:28.964798+02:00,103.42,97.65,98.85,95.15,,102.4,94.925,103.25,103.73,99.62,100.875,96.25
2025-08-26T15:36:48.859418+02:00,103.42,97.675,98.875,95.175,,102.4,94.95,103.25,103.73,99.65,100.9,96.275
2025-08-26T15:54:50.965179+02:00,103.42,97.675,98.88,95.175,,102.4,94.95,103.25,103.73,99.66,100.9,96.275
2025-08-26T16:23:49.721127+02:00,103.42,97.675,98.875,95.15,,102.4,94.925,103.25,103.73,99.64,100.9,96.25
2025-08-26T16:44:53.082547+02:00,103.42,97.7,98.9,95.2,,102.4,94.95,103.25,103.73,99.67,100.925,96.3
2025-08-26T16:57:44.200623+02:00,103.42,97.7,98.9,95.2,,102.4,94.975,103.25,103.73,99.68,100.925,96.3
2025-08-26T17:28:24.559638+02:00,103.42,97.725,98.925,95.225,,102.4,94.975,103.25,104.42,99.625,100.95,96.325
2025-08-26T17:44:32.146701+02:00,103.42,97.725,98.925,95.225,,102.4,94.975,103.25,104.42,99.625,100.95,96.325
2025-08-26T17:57:44.897502+02:00,103.42,97.725,98.925,95.225,,102.4,94.975,103.25,104.42,99.625,100.95,96.325
2025-08-26T18:32:40.657701+02:00,103.225,97.725,98.925,95.225,,102.4,94.975,103.25,104.42,99.625,100.95,96.325
2025-08-26T18:55:05.306971+02:00,103.225,97.725,98.925,95.225,,102.4,94.975,103.25,104.42,99.625,100.95,96.325
2025-08-27T08:35:12.148216+02:00,103.225,97.725,98.925,95.225,,102.4,94.975,103.25,104.42,99.625,100.95,96.325
2025-08-27T08:55:49.030981+02:00,103.225,97.725,98.925,95.225,,102.4,94.975,103.25,104.42,99.625,100.95,96.325
2025-08-27T09:23:59.226831+02:00,103.225,97.725,98.925,95.2,,102.4,94.975,103.25,103.73,99.7,100.95,96.3
2025-08-27T09:40:45.547285+02:00,103.42,97.75,98.95,95.225,,102.4,95.0,103.25,103.73,99.73,100.975,96.325
2025-08-27T09:53:39.728901+02:00,103.42,97.75,98.96,95.25,,102.4,95.025,103.25,103.73,99.74,100.975,96.35
2025-08-27T10:32:09.366750+02:00,103.42,97.8,99.01,95.3,,102.4,95.05,103.25,103.73,99.79,101.025,96.4
2025-08-27T10:55:47.697712+02:00,103.42,97.825,99.03,95.325,,102.4,95.075,103.25,103.73,99.81,101.05,96.425
2025-08-27T11:26:53.490043+02:00,103.42,97.825,99.03,95.35,,102.4,95.075,103.25,103.73,99.81,101.05,96.45
2025-08-27T11:43:45.438208+02:00,103.42,97.825,99.03,95.35,,102.4,95.075,103.25,103.73,99.81,101.05,96.45
2025-08-27T11:56:22.280812+02:00,103.42,97.825,99.03,95.35,,102.4,95.025,103.25,103.73,99.81,101.05,96.45
2025-08-27T12:27:03.321845+02:00,103.42,97.8,99.0,95.325,,102.4,95.0,103.25,103.73,99.78,101.025,96.425
2025-08-27T12:44:21.863028+02:00,103.42,97.825,99.025,95.325,,102.4,95.025,103.25,103.73,99.8,101.05,96.425
2025-08-27T12:56:57.760977+02:00,103.42,97.8,99.01,95.325,,102.4,95.0,103.25,103.73,99.79,101.025,96.425
2025-08-27T13:21:25.070506+02:00,103.42,97.8,99.0,95.325,,102.4,95.0,103.25,104.42,99.7,101.025,96.425
2025-08-27T13:39:48.839615+02:00,103.42,97.8,99.01,95.325,,102.4,95.025,103.25,103.73,99.79,101.025,96.425
2025-08-27T13:53:24.616695+02:00,103.42,97.825,99.025,95.35,,102.4,95.025,103.25,103.73,99.79,101.05,96.45
2025-08-27T14:50:54.348843+02:00,103.42,97.75,98.95,95.25,,102.4,94.95,103.25,103.73,99.71,100.975,96.35
2025-08-27T15:32:27.862772+02:00,103.42,97.775,98.975,95.275,,102.4,94.975,103.25,103.73,99.74,101.0,96.375
2025-08-27T15:53:24.419304+02:00,103.42,97.775,98.975,95.275,,102.4,94.975,103.25,103.73,99.74,101.0,96.375
2025-08-27T16:23:45.120062+02:00,103.42,97.8,99.0,95.325,,102.4,95.025,103.25,103.73,99.77,101.025,96.425
2025-08-27T16:44:48.056454+02:00,103.42,97.825,99.025,95.325,,102.4,95.025,103.25,103.73,99.78,101.05,96.425
2025-08-27T16:57:45.774578+02:00,103.42,97.8,99.0,95.325,,102.4,95.025,103.25,103.73,99.77,101.025,96.425
2025-08-27T17:27:58.716414+02:00,103.42,97.85,99.05,95.375,,102.4,95.05,103.25,104.42,99.75,101.075,96.45
2025-08-27T17:44:23.511123+02:00,103.42,97.85,99.05,95.375,,102.4,95.05,103.25,104.42,99.75,101.075,96.45
2025-08-27T17:57:17.335846+02:00,103.42,97.85,99.05,95.375,,102.4,95.05,103.25,104.42,99.75,101.075,96.45
2025-08-27T18:33:11.715825+02:00,103.225,97.85,99.05,95.375,,102.4,95.05,103.25,104.42,99.75,101.075,96.45
2025-08-27T18:55:07.231109+02:00,103.225,97.85,99.05,95.375,,102.4,95.05,103.25,104.42,99.75,101.075,96.45
2025-08-28T08:36:29.854140+02:00,103.225,97.85,99.05,95.375,,102.4,95.05,103.25,104.42,99.75,101.075,96.45
2025-08-28T08:57:04.190912+02:00,103.225,97.85,99.05,95.375,,102.4,95.05,103.25,104.42,99.75,101.075,96.45
2025-08-28T09:25:48.831183+02:00,103.37,97.85,99.05,95.4,,102.4,95.05,103.25,103.73,99.81,101.075,96.5
2025-08-28T09:41:39.228033+02:00,103.37,97.875,99.08,95.45,,102.4,95.075,103.25,103.73,99.86,101.1,96.55
2025-08-28T09:54:04.263368+02:00,103.37,97.875,99.075,95.4,,102.4,95.05,103.25,103.73,99.82,101.1,96.5
2025-08-28T10:32:17.730223+02:00,103.37,97.8,99.05,95.375,,102.4,95.025,103.25,103.71,99.81,101.075,96.475
2025-08-28T10:56:13.939904+02:00,103.37,97.8,99.05,95.375,,102.4,95.05,103.25,103.71,99.81,101.075,96.475
2025-08-28T11:27:23.343801+02:00,103.37,97.775,99.025,95.35,,102.4,95.0,103.25,104.42,99.725,101.05,96.45
2025-08-28T11:43:44.132694+02:00,103.37,97.775,99.025,95.35,,102.4,95.0,103.25,104.42,99.725,101.05,96.45
2025-08-28T11:56:25.586674+02:00,103.37,97.775,99.025,95.325,,102.4,95.0,103.25,103.71,99.78,101.05,96.425
2025-08-28T12:28:07.444061+02:00,103.37,97.75,99.0,95.3,,102.4,94.975,103.25,103.71,99.75,101.025,96.4
2025-08-28T12:45:46.364742+02:00,103.37,97.75,99.0,95.275,,102.4,94.975,103.25,103.71,99.72,101.025,96.375
2025-08-28T13:19:21.407835+02:00,103.37,97.725,98.975,95.275,,102.4,94.975,103.25,103.71,99.73,101.0,96.375
2025-08-28T13:40:02.497816+02:00,103.37,97.725,98.975,95.275,,102.4,94.975,103.25,103.71,99.72,101.0,96.375
2025-08-28T13:53:26.359571+02:00,103.37,97.725,98.975,95.3,,102.4,94.975,103.25,103.71,99.74,101.0,96.4
2025-08-28T14:50:53.324800+02:00,103.37,97.75,99.0,95.325,,102.4,95.0,103.25,103.71,99.75,101.025,96.425
2025-08-28T15:33:05.704243+02:00,103.37,97.75,99.0,95.325,,102.4,95.0,103.25,103.71,99.74,101.025,96.425
2025-08-28T15:53:43.649277+02:00,103.37,97.725,98.975,95.3,,102.4,94.975,103.25,103.71,99.73,101.0,96.4
2025-08-28T16:24:27.393975+02:00,103.37,97.75,99.0,95.35,,102.4,95.0,103.25,103.71,99.77,101.025,96.45
2025-08-28T16:45:20.883864+02:00,103.37,97.75,99.0,95.35,,102.4,95.0,103.25,103.71,99.76,101.025,96.45
2025-08-28T16:58:15.463551+02:00,103.37,97.75,99.0,95.35,,102.4,95.0,103.25,103.71,99.76,101.025,96.45
2025-08-28T17:27:45.258916+02:00,103.37,97.775,99.025,95.35,,102.4,95.025,103.25,104.42,99.725,101.05,96.45
2025-08-28T17:44:17.853317+02:00,103.37,97.775,99.025,95.35,,102.4,95.025,103.25,104.42,99.725,101.05,96.45
2025-08-28T17:57:10.086887+02:00,103.37,97.775,99.025,95.35,,102.4,95.025,103.25,104.42,99.725,101.05,96.45
2025-08-28T18:32:57.839454+02:00,103.225,97.775,99.025,95.35,,102.4,95.025,103.25,104.42,99.725,101.05,96.45
2025-08-28T18:55:42.677543+02:00,103.225,97.775,99.025,95.35,,102.4,95.025,103.25,104.42,99.725,101.05,96.45
2025-08-29T08:35:20.405840+02:00,103.225,97.775,99.025,95.35,,102.4,95.025,103.25,104.42,99.725,101.05,96.45
2025-08-29T08:55:44.815410+02:00,103.225,97.775,99.025,95.35,,102.4,95.025,103.25,104.42,99.725,101.05,96.45
2025-08-29T09:24:25.028399+02:00,103.37,97.75,99.0,95.35,,102.4,95.0,103.25,104.42,99.7,101.025,96.45
2025-08-29T09:40:21.272390+02:00,103.37,97.75,99.0,95.35,,102.4,95.0,103.25,103.71,99.76,101.025,96.45
2025-08-29T09:53:17.268727+02:00,103.37,97.775,99.025,95.375,,102.4,95.025,103.25,103.71,99.79,101.05,96.475
2025-08-29T10:31:57.985448+02:00,103.37,97.75,99.0,95.35,,102.4,95.0,103.25,103.71,99.77,101.025,96.45
2025-08-29T10:54:59.999089+02:00,103.37,97.775,99.025,95.375,,102.4,95.025,103.25,103.71,99.77,101.05,96.475
2025-08-29T11:25:59.018343+02:00,103.37,97.775,99.025,95.35,,102.4,95.0,103.25,103.71,99.76,101.05,96.45
2025-08-29T11:42:35.905256+02:00,103.37,97.75,99.0,95.3,,102.4,94.975,103.25,103.71,99.72,101.125,96.4
2025-08-29T11:55:27.272612+02:00,103.37,97.75,99.0,95.3,,102.4,94.975,103.25,103.71,99.72,101.125,96.4
2025-08-29T12:25:58.303006+02:00,103.37,97.75,99.0,95.325,,102.4,94.975,103.25,103.71,99.74,101.125,96.425
2025-08-29T12:44:05.434747+02:00,103.37,97.75,99.0,95.325,,102.4,94.975,103.25,103.71,99.74,101.125,96.425
2025-08-29T12:56:47.393055+02:00,103.37,97.75,99.0,95.325,,102.4,94.975,103.25,103.71,99.73,101.125,96.425
2025-08-29T13:20:57.630619+02:00,103.37,97.75,99.0,95.3,,102.4,94.975,103.25,103.71,99.72,101.125,96.4
2025-08-29T13:40:05.726646+02:00,103.37,97.75,99.0,95.325,,102.4,94.975,103.25,103.71,99.74,101.125,96.425
2025-08-29T13:53:00.858619+02:00,103.37,97.75,99.0,95.325,,102.4,94.975,103.25,103.71,99.75,101.125,96.425
2025-08-29T14:49:54.008762+02:00,103.37,97.75,99.0,95.325,,102.4,94.975,103.25,103.71,99.75,101.125,96.425
2025-08-29T15:31:20.391480+02:00,103.37,97.75,99.025,95.325,,102.4,94.975,103.25,103.71,99.75,101.125,96.425
2025-08-29T15:53:22.094368+02:00,103.37,97.75,99.025,95.3,,102.4,94.975,103.25,103.71,99.73,101.125,96.4
2025-08-29T16:23:00.067657+02:00,103.37,97.775,99.05,95.325,,102.4,95.0,103.25,103.71,99.76,101.15,96.425
2025-08-29T16:43:50.839133+02:00,103.37,97.75,99.025,95.3,,102.4,94.975,103.25,103.71,99.74,101.125,96.4
2025-08-29T16:56:17.992599+02:00,103.37,97.75,99.025,95.325,,102.4,95.0,103.25,103.71,99.76,101.125,96.425
2025-08-29T17:24:12.125059+02:00,103.37,97.75,99.025,95.3,,102.4,94.975,103.25,104.42,99.7,101.125,96.4
2025-08-29T17:41:14.604680+02:00,103.37,97.75,99.025,95.3,,102.4,94.975,103.25,104.42,99.7,101.125,96.4
2025-08-29T17:54:12.504172+02:00,103.37,97.75,99.025,95.3,,102.4,94.975,103.25,104.42,99.7,101.125,96.4
2025-08-29T18:30:01.569224+02:00,103.48,97.75,99.025,95.3,,102.4,94.975,103.25,104.42,99.7,101.125,96.4
2025-08-29T18:49:19.336006+02:00,103.48,97.75,99.025,95.3,,102.4,94.975,103.25,104.42,99.7,101.125,96.4
2025-09-01T08:39:05.308458+02:00,103.48,97.75,99.025,95.3,,102.4,94.975,103.25,104.31,99.7,101.125,96.4
2025-09-01T08:58:20.017010+02:00,103.48,97.75,99.025,95.3,,102.4,94.975,103.25,104.31,99.7,101.125,96.4
2025-09-01T09:27:11.829341+02:00,103.37,97.65,98.925,95.15,,102.4,94.875,103.25,103.71,99.66,101.025,96.25
2025-09-01T09:43:02.415753+02:00,103.37,97.625,98.9,95.125,,102.4,94.85,103.25,103.71,99.64,101.0,96.225
2025-09-01T09:55:28.508420+02:00,103.37,97.625,98.91,95.15,,102.4,94.875,103.25,103.71,99.66,101.0,96.25
2025-09-01T10:34:38.738588+02:00,103.37,97.625,98.9,95.15,,102.4,94.875,103.25,103.71,99.65,101.0,96.25
2025-09-01T10:57:01.603704+02:00,103.37,97.625,98.9,95.125,,102.4,94.85,103.25,103.71,99.64,101.0,96.225
2025-09-01T11:31:24.996648+02:00,103.37,97.65,98.93,95.175,,102.4,94.875,103.25,103.71,99.68,101.025,96.275
2025-09-01T11:53:18.124982+02:00,103.37,97.65,98.93,95.175,,102.4,94.875,103.25,103.71,99.68,101.025,96.275
2025-09-01T12:27:32.573457+02:00,103.37,97.7,98.98,95.225,,102.4,94.925,103.25,103.71,99.73,101.075,96.325
2025-09-01T12:47:13.985543+02:00,103.37,97.7,98.975,95.225,,102.4,94.925,103.25,103.71,99.71,101.075,96.325
2025-09-01T13:20:05.753855+02:00,103.37,97.65,98.93,95.175,,102.4,94.9,103.25,103.71,99.68,101.025,96.275
2025-09-01T13:40:42.140721+02:00,103.37,97.65,98.925,95.15,,102.4,94.875,103.25,103.71,99.67,101.025,96.25
2025-09-01T13:53:38.563259+02:00,103.37,97.625,98.91,95.15,,102.4,94.875,103.25,103.71,99.66,101.0,96.25
2025-09-01T14:52:24.674984+02:00,103.37,97.625,98.9,95.125,,102.4,94.85,103.25,103.71,99.64,101.0,96.225
2025-09-01T15:33:03.478321+02:00,103.37,97.65,98.93,95.175,,102.4,94.875,103.25,103.71,99.68,101.025,96.275
2025-09-01T15:53:19.421342+02:00,103.37,97.65,98.93,95.175,,102.4,94.875,103.25,103.71,99.68,101.025,96.275
2025-09-01T16:23:39.698340+02:00,103.37,97.675,98.95,95.175,,102.4,94.9,103.25,103.71,99.69,101.05,96.275
2025-09-01T16:43:54.622312+02:00,103.37,97.675,98.95,95.2,,102.4,94.9,103.25,103.71,99.7,101.05,96.3
2025-09-01T16:56:26.573799+02:00,103.37,97.65,98.925,95.15,,102.4,94.875,103.25,103.71,99.67,101.025,96.25
2025-09-01T17:25:56.399034+02:00,103.37,97.65,98.925,95.175,,102.4,94.9,103.25,104.31,99.6,101.025,96.275
2025-09-01T17:42:38.257792+02:00,103.48,97.65,98.925,95.175,,102.4,94.9,103.25,104.31,99.6,101.025,96.275
2025-09-01T17:55:36.888699+02:00,103.48,97.65,98.925,95.175,,102.4,94.9,103.25,104.31,99.6,101.025,96.275
2025-09-01T18:29:53.866409+02:00,103.48,97.65,98.925,95.175,,102.4,94.9,103.25,104.31,99.6,101.025,96.275
2025-09-01T18:48:11.159898+02:00,103.48,97.65,98.925,95.175,,102.4,94.9,103.25,104.31,99.6,101.025,96.275
2025-09-02T08:37:05.716987+02:00,103.48,97.65,98.925,95.175,,102.4,94.9,103.25,104.31,99.6,101.025,96.275
2025-09-02T08:58:01.107122+02:00,103.48,97.65,98.925,95.175,,102.4,94.9,103.25,104.31,99.6,101.025,96.275
2025-09-02T09:26:31.564405+02:00,103.37,97.575,98.85,95.05,,102.4,94.8,103.25,103.71,99.59,100.95,96.15
2025-09-02T09:42:32.889899+02:00,103.37,97.575,98.85,95.025,,102.4,94.8,103.25,103.71,99.58,100.95,96.15
2025-09-02T09:55:26.710482+02:00,103.37,97.55,98.825,95.025,,102.4,94.775,103.25,103.71,99.56,100.925,96.125
2025-09-02T10:33:14.013646+02:00,103.37,97.575,98.85,95.05,,102.4,94.8,103.25,103.71,99.59,100.95,96.15
2025-09-02T10:57:02.488861+02:00,103.37,97.575,98.85,95.05,,102.4,94.8,103.25,103.71,99.59,100.95,96.15
2025-09-02T11:28:21.926485+02:00,103.37,97.55,98.825,95.025,,102.4,94.8,103.25,103.71,99.56,100.925,96.125
2025-09-02T11:44:41.802215+02:00,103.37,97.55,98.825,95.025,,102.4,94.775,103.25,103.71,99.54,100.925,96.125
2025-09-02T11:57:13.051630+02:00,103.37,97.55,98.825,95.025,,102.4,94.775,103.25,103.71,99.54,100.925,96.125
2025-09-02T12:29:11.686270+02:00,103.37,97.55,98.825,95.0,,102.4,94.775,103.25,103.71,99.54,100.925,96.1
2025-09-02T12:47:01.665773+02:00,103.37,97.5,98.79,95.0,,102.4,94.775,103.25,103.71,99.54,100.875,96.1
2025-09-02T13:20:27.538324+02:00,103.37,97.5,98.775,95.0,,102.4,94.775,103.25,103.71,99.52,100.875,96.1
2025-09-02T13:40:07.542832+02:00,103.37,97.5,98.775,94.975,,102.4,94.75,103.25,103.71,99.51,100.875,96.075
2025-09-02T13:53:19.148455+02:00,103.37,97.5,98.775,95.0,,102.4,94.75,103.25,103.71,99.51,100.875,96.1
2025-09-02T14:51:59.710126+02:00,103.37,97.45,98.73,94.95,,102.4,94.725,103.25,103.71,99.48,100.825,96.05
2025-09-02T15:34:09.450813+02:00,103.37,97.475,98.75,94.975,,102.4,94.75,103.25,103.71,99.5,100.85,96.075
2025-09-02T15:53:58.658370+02:00,103.37,97.475,98.76,94.975,,102.4,94.75,103.25,103.71,99.51,100.85,96.075
2025-09-02T16:25:44.509261+02:00,103.37,97.5,98.78,95.0,,102.4,94.775,103.25,103.71,99.53,100.875,96.1
2025-09-02T16:45:51.335704+02:00,103.37,97.525,98.8,95.025,,102.4,94.8,103.25,103.71,99.55,100.9,96.125
2025-09-02T17:27:00.875339+02:00,103.37,97.5,98.775,95.0,,102.4,94.775,103.25,104.31,99.45,100.875,96.1
2025-09-02T17:44:00.748321+02:00,103.37,97.5,98.775,95.0,,102.4,94.775,103.25,104.31,99.45,100.875,96.1
2025-09-02T17:56:54.244624+02:00,103.37,97.5,98.775,95.0,,102.4,94.775,103.25,104.31,99.45,100.875,96.1
2025-09-02T18:33:11.601724+02:00,103.48,97.5,98.775,95.0,,102.4,94.775,103.25,104.31,99.45,100.875,96.1
2025-09-02T18:53:56.860360+02:00,103.48,97.5,98.775,95.0,,102.4,94.775,103.25,104.31,99.45,100.875,96.1
2025-09-03T08:34:02.780891+02:00,103.48,97.5,98.775,95.0,,102.4,94.775,103.25,104.31,99.45,100.875,96.1
2025-09-03T08:54:23.434640+02:00,103.48,97.5,98.775,95.0,,102.4,94.775,103.25,104.31,99.45,100.875,96.1
2025-09-03T09:22:53.385379+02:00,103.48,97.475,98.76,94.95,,102.4,94.75,103.25,103.71,99.51,100.85,96.05
2025-09-03T09:40:20.401885+02:00,103.48,97.45,98.74,94.925,,102.4,94.725,103.25,103.71,99.49,100.825,96.025
2025-09-03T09:53:31.314771+02:00,103.48,97.475,98.75,94.95,,102.4,94.75,103.25,103.71,99.5,100.85,96.05
2025-09-03T10:31:12.366114+02:00,103.37,97.5,98.8,95.0,,102.4,94.8,103.25,103.71,99.55,100.875,96.1
2025-09-03T10:55:24.012382+02:00,103.35,97.525,98.8,95.0,,102.4,94.775,103.225,103.71,99.53,100.9,96.1
2025-09-03T11:25:27.586960+02:00,103.35,97.525,98.8,95.0,,102.4,94.775,103.225,103.71,99.54,100.9,96.1
2025-09-03T11:41:53.316869+02:00,103.35,97.525,98.8,95.0,,102.4,94.775,103.225,103.71,99.54,100.9,96.1
2025-09-03T11:54:40.408686+02:00,103.35,97.525,98.8,95.0,,102.4,94.775,103.225,103.71,99.55,100.9,96.1
2025-09-03T12:24:51.822579+02:00,103.35,97.525,98.8,95.0,,102.4,94.775,103.225,103.71,99.55,100.9,96.1
2025-09-03T12:42:50.312838+02:00,103.35,97.525,98.82,95.0,,102.4,94.8,103.225,103.71,99.57,100.9,96.1
2025-09-03T12:55:21.363821+02:00,103.35,97.575,98.85,95.025,,102.4,94.8,103.225,103.71,99.58,100.95,96.125
2025-09-03T13:19:23.843607+02:00,103.35,97.575,98.85,95.025,,102.4,94.8,103.225,103.71,99.59,100.95,96.125
2025-09-03T13:39:46.139282+02:00,103.35,97.575,98.86,95.05,,102.4,94.825,103.225,103.71,99.61,100.95,96.15
2025-09-03T13:53:18.365929+02:00,103.35,97.575,98.86,95.05,,102.4,94.825,103.225,103.71,99.61,100.95,96.15
2025-09-03T14:49:35.833762+02:00,103.35,97.6,98.88,95.05,,102.4,94.825,103.225,103.71,99.63,100.975,96.15
2025-09-03T15:31:24.849239+02:00,103.35,97.625,98.93,95.1,,102.4,94.85,103.225,103.71,99.68,101.0,96.2
2025-09-03T15:52:58.015571+02:00,103.35,97.625,98.92,95.1,,102.4,94.85,103.225,103.71,99.67,101.0,96.2
2025-09-03T16:23:28.924213+02:00,103.35,97.675,98.97,95.175,,102.4,94.9,103.225,103.71,99.72,101.05,96.275
2025-09-03T16:44:03.940071+02:00,103.35,97.65,98.95,95.15,,102.4,94.875,103.225,103.71,99.7,101.025,96.25
2025-09-03T16:57:08.006761+02:00,103.35,97.675,98.95,95.15,,102.4,94.875,103.225,103.71,99.7,101.05,96.25
2025-09-03T17:27:23.141986+02:00,103.35,97.6,98.925,95.15,,102.4,94.875,103.225,103.65,99.6,101.025,96.25
2025-09-03T17:43:29.641202+02:00,103.35,97.6,98.925,95.15,,102.4,94.875,103.225,103.65,99.6,101.025,96.25
2025-09-03T17:56:17.693127+02:00,103.35,97.6,98.925,95.15,,102.4,94.875,103.225,103.65,99.6,101.025,96.25
2025-09-03T18:31:49.471127+02:00,103.48,97.6,98.925,95.15,,102.4,94.875,103.225,103.65,99.6,101.025,96.25
2025-09-03T18:54:30.942273+02:00,103.48,97.6,98.925,95.15,,102.4,94.875,103.225,103.65,99.6,101.025,96.25
2025-09-04T08:34:40.315226+02:00,103.48,97.6,98.925,95.15,,102.4,94.875,103.225,103.65,99.6,101.025,96.25
2025-09-04T08:55:18.912953+02:00,103.48,97.6,98.925,95.15,,102.4,94.875,103.225,103.65,99.6,101.025,96.25
2025-09-04T09:22:21.038972+02:00,103.35,97.7,99.0,95.2,,102.4,94.95,103.225,103.71,99.75,101.075,96.325
2025-09-04T09:39:56.545471+02:00,103.35,97.7,99.04,95.25,,102.4,94.975,103.225,103.71,99.79,101.1,96.35
2025-09-04T09:52:59.095372+02:00,103.35,97.7,99.04,95.25,,102.4,94.975,103.225,103.71,99.79,101.1,96.35
2025-09-04T10:31:23.281837+02:00,103.35,97.7,99.04,95.25,,102.4,94.975,103.225,103.71,99.79,101.1,96.35
2025-09-04T10:54:45.193910+02:00,103.35,97.7,99.05,95.25,,102.4,94.975,103.225,103.71,99.8,101.1,96.35
2025-09-04T11:25:07.526156+02:00,103.35,97.725,99.07,95.325,,102.4,95.0,103.225,103.71,99.82,101.15,96.425
2025-09-04T11:41:34.764765+02:00,103.35,97.75,99.09,95.35,,102.4,95.025,103.225,103.71,99.84,101.175,96.45
2025-09-04T11:54:16.240229+02:00,103.35,97.775,99.1,95.375,,102.4,95.025,103.225,103.71,99.85,101.2,96.475
2025-09-04T12:24:36.353885+02:00,103.35,97.75,99.075,95.325,,102.4,95.0,103.225,103.71,99.82,101.175,96.425
2025-09-04T12:42:41.662374+02:00,103.35,97.725,99.08,95.3,,102.4,94.975,103.225,103.71,99.83,101.15,96.4
2025-09-04T12:55:18.946383+02:00,103.35,97.7,99.07,95.275,,102.4,94.975,103.225,103.71,99.82,101.125,96.375
2025-09-04T13:19:05.101721+02:00,103.35,97.75,99.075,95.325,,102.4,94.975,103.225,103.71,99.81,101.175,96.425
2025-09-04T13:39:34.674304+02:00,103.35,97.75,99.075,95.35,,102.4,94.975,103.225,103.71,99.82,101.175,96.45
2025-09-04T13:53:25.469522+02:00,103.35,97.75,99.075,95.325,,102.4,94.975,103.225,103.71,99.82,101.175,96.425
2025-09-04T14:48:04.993262+02:00,103.35,97.75,99.11,95.375,,102.4,95.2,103.225,103.71,99.86,101.175,96.475
2025-09-04T15:31:19.463706+02:00,103.35,97.775,99.1,95.325,,102.4,95.175,103.225,103.71,99.83,101.2,96.425
2025-09-04T15:53:36.174684+02:00,103.35,97.775,99.1,95.325,,102.4,95.15,103.225,103.71,99.83,101.2,96.425
2025-09-04T16:23:00.548949+02:00,103.35,97.775,99.1,95.325,,102.4,95.175,103.225,103.71,99.85,101.2,96.425
2025-09-04T16:44:14.745041+02:00,103.35,97.825,99.15,95.325,,102.4,95.175,103.225,103.71,99.84,101.2,96.425
2025-09-04T16:56:43.733327+02:00,103.35,97.8,99.125,95.3,,102.4,95.15,103.225,103.71,99.83,101.175,96.4
2025-09-04T17:26:39.782713+02:00,103.35,97.775,99.1,95.275,,102.4,95.125,103.225,103.65,99.725,101.15,96.375
2025-09-04T17:44:04.843880+02:00,103.35,97.775,99.1,95.275,,102.4,95.125,103.225,103.65,99.725,101.15,96.375
2025-09-04T17:57:05.907700+02:00,103.35,97.775,99.1,95.275,,102.4,95.125,103.225,103.65,99.725,101.15,96.375
2025-09-04T18:32:18.683766+02:00,103.48,97.775,99.1,95.275,,102.4,95.125,103.225,103.65,99.725,101.15,96.375
2025-09-04T18:54:58.815672+02:00,103.48,97.775,99.1,95.275,,102.4,95.125,103.225,103.65,99.725,101.15,96.375
2025-09-05T08:35:08.211791+02:00,103.4,97.775,99.1,95.275,,102.4,95.125,103.225,103.65,99.725,101.15,96.375
2025-09-05T08:55:25.498138+02:00,103.4,97.775,99.1,95.275,,102.4,95.125,103.225,103.65,99.725,101.15,96.375
2025-09-05T09:22:46.605755+02:00,103.4,97.825,99.15,95.325,,102.4,95.175,103.225,103.65,99.775,101.2,96.425
2025-09-05T09:39:30.997642+02:00,103.4,97.825,99.15,95.325,,102.4,95.175,103.225,103.65,99.775,101.2,96.425
2025-09-05T09:53:15.765757+02:00,103.4,97.825,99.15,95.325,,102.4,95.175,103.225,103.71,99.84,101.2,96.425
2025-09-05T10:31:09.516414+02:00,103.35,97.825,99.19,95.3,,102.4,95.175,103.225,103.71,99.92,101.2,96.4
2025-09-05T10:54:19.739941+02:00,103.35,97.9,99.3,95.4,,102.4,95.15,103.225,103.73,99.94,101.275,96.5
2025-09-05T11:25:17.863784+02:00,103.35,97.9,99.3,95.375,,102.4,95.15,103.225,103.73,99.98,101.275,96.475
2025-09-05T11:41:46.640510+02:00,103.35,97.9,99.3,95.375,,102.4,95.15,103.225,103.73,99.98,101.275,96.475
2025-09-05T11:54:38.683897+02:00,103.35,97.9,99.3,95.4,,102.4,95.15,103.225,103.73,99.97,101.275,96.5
2025-09-05T12:25:55.742279+02:00,103.35,97.9,99.3,95.4,,102.4,95.15,103.225,103.73,99.96,101.275,96.5
2025-09-05T12:43:48.734897+02:00,103.35,97.925,99.3,95.425,,102.4,95.175,103.225,103.73,99.98,101.3,96.525
2025-09-05T12:56:41.078769+02:00,103.35,97.9,99.3,95.4,,102.4,95.175,103.225,103.73,99.98,101.275,96.5
2025-09-05T13:20:14.115924+02:00,103.35,97.925,99.3,95.425,,102.4,95.175,103.225,103.73,99.98,101.3,96.5
2025-09-05T13:39:54.437491+02:00,103.35,97.9,99.3,95.4,,102.4,95.15,103.225,103.73,99.98,101.275,96.5
2025-09-05T13:53:23.908334+02:00,103.35,97.975,99.3,95.45,,102.4,95.175,103.225,103.73,99.98,101.35,96.55
2025-09-05T14:48:46.268014+02:00,103.35,98.025,99.35,95.525,,102.4,95.225,103.225,103.65,99.975,101.4,96.625
2025-09-05T15:30:59.728572+02:00,103.35,98.1,99.425,95.625,,102.4,95.3,103.225,103.65,100.05,101.475,96.725
2025-09-05T15:53:27.842161+02:00,103.35,98.1,99.425,95.625,,102.4,95.3,103.225,103.73,100.12,101.475,96.725
2025-09-05T16:22:18.420705+02:00,103.35,98.075,99.4,95.6,,102.4,95.275,103.225,103.73,100.1,101.45,96.7
2025-09-05T16:43:19.133061+02:00,103.35,98.1,99.425,95.625,,102.4,95.3,103.225,103.73,100.12,101.475,96.725
2025-09-05T16:55:49.691339+02:00,103.35,98.1,99.425,95.625,,102.4,95.3,103.225,103.73,100.12,101.475,96.725
2025-09-05T17:25:43.799313+02:00,103.35,98.1,99.425,95.625,,102.4,95.3,103.225,103.73,100.12,101.475,96.725
2025-09-05T17:39:49.386001+02:00,103.35,98.1,99.425,95.625,,102.4,95.3,103.225,103.65,100.05,101.475,96.725
2025-09-05T17:53:34.228068+02:00,103.35,98.1,99.425,95.625,,102.4,95.3,103.225,103.65,100.05,101.475,96.725
2025-09-05T18:27:22.407440+02:00,103.4,98.1,99.425,95.625,,102.4,95.3,103.225,103.65,100.05,101.475,96.725
2025-09-05T18:45:18.467467+02:00,103.4,98.1,99.425,95.625,,102.4,95.3,103.225,103.65,100.05,101.475,96.725
2025-09-05T18:58:08.460139+02:00,103.4,98.1,99.425,95.625,,102.4,95.3,103.225,103.65,100.05,101.475,96.725
2025-09-08T08:37:06.860929+02:00,103.35,98.1,99.425,95.025,,102.4,95.3,103.225,103.65,100.05,101.475,96.725
2025-09-08T08:57:04.231926+02:00,103.35,98.1,99.425,95.025,,102.4,95.3,103.225,103.65,100.05,101.475,96.725
2025-09-08T09:25:43.398953+02:00,103.35,98.1,99.43,95.65,,102.4,95.3,103.225,103.73,100.13,101.475,96.75
2025-09-08T09:41:29.613568+02:00,103.35,98.1,99.46,95.65,,102.4,95.3,103.225,103.73,100.16,101.475,96.75
2025-09-08T09:54:31.594441+02:00,103.35,98.125,99.5,95.65,,102.4,95.3,103.225,103.76,100.2,101.5,96.75
2025-09-08T10:34:39.236302+02:00,103.35,98.175,99.53,95.725,,102.4,95.425,103.225,103.76,100.23,101.55,96.825
2025-09-08T10:56:42.625459+02:00,103.35,98.15,99.52,95.675,,102.4,95.4,103.225,103.76,100.22,101.525,96.775
2025-09-08T11:30:05.955384+02:00,103.35,98.125,99.51,95.675,,102.4,95.375,103.225,103.76,100.21,101.5,96.775
2025-09-08T11:46:31.113892+02:00,103.35,98.125,99.49,95.65,,102.4,95.375,103.225,103.76,100.19,101.5,96.75
2025-09-08T12:26:34.810466+02:00,103.35,98.125,99.49,95.65,,102.4,95.375,103.225,103.76,100.19,101.5,96.75
2025-09-08T12:45:18.494256+02:00,103.35,98.15,99.5,95.675,,102.4,95.4,103.225,103.76,100.2,101.525,96.775
2025-09-08T12:58:02.126884+02:00,103.35,98.15,99.5,95.675,,102.4,95.4,103.225,103.76,100.2,101.525,96.775
2025-09-08T13:21:33.305422+02:00,103.35,98.15,99.5,95.675,,102.4,95.375,103.225,103.76,100.2,101.5,96.775
2025-09-08T13:40:18.927127+02:00,103.35,98.15,99.5,95.675,,102.4,95.4,103.225,103.76,100.2,101.525,96.775
2025-09-08T13:53:28.925149+02:00,103.35,98.175,99.5,95.7,,102.4,95.425,103.225,103.76,100.24,101.55,96.8
2025-09-08T14:52:29.547750+02:00,103.35,98.2,99.525,95.75,,102.4,95.45,103.225,103.76,100.25,101.575,96.85
2025-09-08T15:34:00.220271+02:00,103.4,98.225,99.55,95.8,,102.4,95.45,103.275,103.76,100.29,101.6,96.9
2025-09-08T15:53:55.654286+02:00,103.4,98.225,99.55,95.775,,102.4,95.425,103.275,103.76,100.27,101.6,96.875
2025-09-08T16:25:26.876207+02:00,103.4,98.25,99.575,95.825,,102.4,95.475,103.275,103.76,100.33,101.625,96.925
2025-09-08T16:45:42.639929+02:00,103.4,98.225,99.55,95.8,,102.4,95.45,103.275,103.76,100.31,101.6,96.9
2025-09-08T17:25:41.659557+02:00,103.4,98.25,99.575,95.8,,102.4,95.45,103.275,103.7,100.2,101.625,96.9
2025-09-08T17:43:16.787232+02:00,103.35,98.25,99.575,95.8,,102.4,95.45,103.275,103.7,100.2,101.625,96.9
2025-09-08T17:55:45.906326+02:00,103.35,98.25,99.575,95.8,,102.4,95.45,103.275,103.7,100.2,101.625,96.9
2025-09-08T18:30:52.931061+02:00,103.35,98.25,99.575,95.8,,102.4,95.45,103.275,103.7,100.2,101.625,96.9
2025-09-08T18:54:48.193479+02:00,103.35,98.25,99.575,95.8,,102.4,95.45,103.275,103.7,100.2,101.625,96.9
2025-09-09T08:36:03.509191+02:00,103.35,98.25,99.575,95.8,,102.4,95.45,103.275,103.7,100.2,101.625,96.9
2025-09-09T08:56:05.202103+02:00,103.35,98.25,99.575,95.8,,102.4,95.45,103.275,103.7,100.2,101.625,96.9
2025-09-09T09:24:39.723659+02:00,103.35,98.2,99.59,95.775,,102.4,95.425,103.275,103.76,100.29,101.575,96.875
2025-09-09T09:40:32.350747+02:00,103.35,98.225,99.57,95.725,,102.4,95.4,103.275,103.76,100.27,101.375,96.825
2025-09-09T09:53:33.883625+02:00,103.35,98.2,99.55,95.7,,102.4,95.375,103.275,103.76,100.25,101.35,96.8
2025-09-09T10:32:53.960750+02:00,103.35,98.2,99.54,95.675,,102.4,95.375,103.275,103.76,100.24,101.35,96.775
2025-09-09T10:56:13.636440+02:00,103.35,98.2,99.54,95.675,,102.4,95.375,103.275,103.76,100.24,101.35,96.775
2025-09-09T11:28:32.976001+02:00,103.4,98.2,99.55,95.7,,102.4,95.375,103.275,103.76,100.25,101.35,96.8
2025-09-09T11:44:32.274484+02:00,103.4,98.2,99.525,95.7,,102.4,95.375,103.275,103.76,100.25,101.35,96.8
2025-09-09T11:57:21.958594+02:00,103.4,98.2,99.525,95.675,,102.4,95.375,103.275,103.76,100.24,101.35,96.775
2025-09-09T12:29:08.579153+02:00,103.4,98.225,99.55,95.725,,102.4,95.4,103.275,103.76,100.26,101.375,96.825
2025-09-09T12:46:56.961285+02:00,103.4,98.2,99.525,95.7,,102.4,95.375,103.275,103.76,100.25,101.35,96.8
2025-09-09T13:20:16.154516+02:00,103.4,98.2,99.525,95.7,,102.4,95.375,103.275,103.7,100.15,101.35,96.8
2025-09-09T13:40:15.401758+02:00,103.4,98.2,99.55,95.7,,102.4,95.375,103.275,103.76,100.25,101.35,96.8
2025-09-09T13:53:36.141524+02:00,103.4,98.2,99.54,95.675,,102.4,95.375,103.275,103.76,100.24,101.35,96.775
2025-09-09T14:53:07.687401+02:00,103.4,98.175,99.5,95.675,,102.4,95.375,103.275,103.76,100.2,101.325,96.775
2025-09-09T15:35:37.590913+02:00,103.4,98.225,99.55,95.725,,102.4,95.4,103.275,103.76,100.21,101.375,96.825
2025-09-09T15:55:03.848204+02:00,103.4,98.2,99.525,95.7,,102.4,95.375,103.275,103.76,100.22,101.35,96.8
2025-09-09T16:22:45.354687+02:00,103.4,98.2,99.525,95.7,,102.4,95.4,103.275,103.7,100.15,101.35,96.8
2025-09-09T16:44:38.350490+02:00,103.4,98.2,99.525,95.7,,102.4,95.375,103.275,103.7,100.15,101.35,96.8
2025-09-09T16:57:24.771777+02:00,103.4,98.2,99.525,95.7,,102.4,95.375,103.275,103.7,100.15,101.35,96.8
2025-09-09T17:29:07.553203+02:00,103.4,98.2,99.525,95.675,,102.4,95.375,103.275,103.7,100.15,101.35,96.775
2025-09-09T17:45:59.301622+02:00,103.35,98.2,99.525,95.675,,102.4,95.375,103.275,103.7,100.15,101.35,96.775
2025-09-09T18:30:22.383602+02:00,103.35,98.2,99.525,95.675,,102.4,95.375,103.275,103.7,100.15,101.35,96.775
2025-09-09T18:50:08.416821+02:00,103.35,98.2,99.525,95.675,,102.4,95.375,103.275,103.7,100.15,101.35,96.775
2025-09-10T08:35:14.890859+02:00,103.4,98.2,99.525,95.675,,102.4,95.375,103.275,103.7,100.15,101.35,96.775
2025-09-10T08:55:02.902828+02:00,103.4,98.2,99.525,95.675,,102.4,95.375,103.275,103.7,100.15,101.35,96.775
2025-09-10T09:23:13.783603+02:00,103.4,98.225,99.55,95.75,,102.4,95.425,103.275,103.76,100.25,101.475,96.85
2025-09-10T09:40:39.330397+02:00,103.4,98.25,99.575,95.775,,102.4,95.45,103.275,103.76,100.27,101.5,96.875
2025-09-10T09:53:49.552302+02:00,103.4,98.225,99.56,95.75,,102.4,95.425,103.275,103.76,100.28,101.475,96.85
2025-09-10T10:32:29.197307+02:00,103.4,98.225,99.57,95.725,,102.4,95.425,103.275,103.76,100.28,101.475,96.825
2025-09-10T10:54:54.123799+02:00,103.4,98.25,99.58,95.75,,102.4,95.575,103.275,103.76,100.29,101.5,96.85
2025-09-10T11:25:17.182844+02:00,103.4,98.225,99.55,95.75,,102.4,95.575,103.275,103.76,100.23,101.475,96.85
2025-09-10T11:41:57.122975+02:00,103.4,98.225,99.55,95.725,,102.4,95.575,103.275,103.76,100.23,101.475,96.825
2025-09-10T11:54:36.929056+02:00,103.4,98.2,99.525,95.725,,102.4,95.55,103.275,103.76,100.21,101.45,96.825
2025-09-10T12:24:52.146805+02:00,103.4,98.2,99.525,95.7,,102.4,95.55,103.275,103.76,100.19,101.45,96.8
2025-09-10T12:43:00.264324+02:00,103.4,98.175,99.5,95.675,,102.4,95.525,103.275,103.76,100.19,101.425,96.775
2025-09-10T12:55:32.727830+02:00,103.4,98.175,99.5,95.675,,102.4,95.525,103.275,103.76,100.17,101.425,96.775
2025-09-10T13:18:46.901571+02:00,103.4,98.175,99.5,95.675,,102.4,95.525,103.275,103.76,100.17,101.425,96.775
2025-09-10T13:40:09.690576+02:00,103.4,98.15,99.475,95.65,,102.4,95.5,103.275,103.76,100.16,101.4,96.75
2025-09-10T13:53:40.157524+02:00,103.4,98.15,99.475,95.65,,102.4,95.5,103.275,103.76,100.16,101.4,96.75
2025-09-10T14:49:44.958250+02:00,103.4,98.15,99.475,95.65,,102.4,95.5,103.275,103.76,100.18,101.4,96.75
2025-09-10T15:31:00.107504+02:00,103.4,98.2,99.525,95.7,,102.4,95.55,103.275,103.76,100.23,101.45,96.8
2025-09-10T15:53:43.909966+02:00,103.4,98.2,99.525,95.7,,102.4,95.55,103.275,103.76,100.23,101.45,96.8
2025-09-10T16:22:41.629758+02:00,103.45,98.2,99.53,95.7,,102.4,95.55,103.325,103.76,100.24,101.45,96.8
2025-09-10T16:43:09.805544+02:00,103.45,98.2,99.525,95.7,,102.4,95.525,103.325,103.76,100.23,101.45,96.8
2025-09-10T16:56:09.092623+02:00,103.45,98.225,99.55,95.725,,102.4,95.55,103.325,103.76,100.25,101.475,96.825
2025-09-10T17:26:04.070034+02:00,103.45,98.2,99.53,95.7,,102.4,95.525,103.325,103.76,100.24,101.45,96.8
2025-09-10T17:43:01.851596+02:00,103.4,98.2,99.525,95.7,,102.4,95.525,103.325,103.75,100.15,101.45,96.8
2025-09-10T17:56:05.478933+02:00,103.4,98.2,99.525,95.7,,102.4,95.525,103.325,103.75,100.15,101.45,96.8
2025-09-10T18:31:53.401322+02:00,103.4,98.2,99.525,95.7,,102.4,95.525,103.325,103.75,100.15,101.45,96.8
2025-09-10T18:53:48.144756+02:00,103.4,98.2,99.525,95.7,,102.4,95.525,103.325,103.75,100.15,101.45,96.8
2025-09-11T08:35:48.020719+02:00,103.4,98.2,99.525,95.7,,102.4,95.525,103.325,103.75,100.15,101.45,96.8
2025-09-11T08:55:42.901605+02:00,103.4,98.2,99.525,95.7,,102.4,95.525,103.325,103.75,100.15,101.45,96.8
2025-09-11T09:23:39.064814+02:00,103.45,98.2,99.53,95.725,,102.4,95.55,103.325,103.76,100.24,101.45,96.825
2025-09-11T09:39:47.985948+02:00,103.45,98.175,99.55,95.7,,102.4,95.525,103.325,103.76,100.26,101.425,96.8
2025-09-11T09:53:34.819907+02:00,103.45,98.2,99.525,95.7,,102.4,95.55,103.325,103.76,100.27,101.45,96.8
2025-09-11T10:31:17.150428+02:00,103.45,98.225,99.55,95.7,,102.4,95.525,103.325,103.78,100.26,101.475,96.8
2025-09-11T10:54:35.822765+02:00,103.45,98.225,99.55,95.675,,102.4,,103.325,103.78,100.25,101.475,96.775
2025-09-11T11:25:05.368867+02:00,103.5,98.225,99.55,95.675,,102.4,,103.325,103.78,100.24,101.475,96.775
2025-09-11T11:41:34.611288+02:00,103.5,98.225,99.55,95.675,,102.4,,103.325,103.78,100.25,101.475,96.775
2025-09-11T11:54:36.841530+02:00,103.5,98.225,99.55,95.675,,102.4,,103.325,103.78,100.25,101.475,96.775
2025-09-11T12:24:19.749640+02:00,103.5,98.25,99.575,95.7,,102.4,,103.325,103.78,100.28,101.5,96.8
2025-09-11T12:42:21.913599+02:00,103.5,98.225,99.55,95.7,,102.4,95.675,103.325,103.78,100.28,101.475,96.8
2025-09-11T12:55:20.349181+02:00,103.5,98.225,99.55,95.675,,102.4,,103.325,103.75,100.175,101.475,96.775
2025-09-11T13:18:45.538510+02:00,103.5,98.225,99.55,95.7,,102.4,95.675,103.325,103.78,100.31,101.475,96.9
2025-09-11T13:39:49.305587+02:00,103.5,98.225,99.55,95.675,,102.4,,103.325,103.78,100.3,101.475,96.89
2025-09-11T13:53:29.036327+02:00,103.5,98.225,99.55,95.675,,102.4,,103.325,103.78,100.29,101.475,96.88
2025-09-11T14:48:56.593366+02:00,103.5,98.225,99.57,95.75,,102.4,95.725,103.325,103.78,100.33,101.475,96.94
2025-09-11T15:28:50.880170+02:00,103.5,98.15,99.48,95.65,,102.4,95.625,103.325,103.8,100.29,101.4,96.83
2025-09-11T15:44:01.632840+02:00,103.5,98.125,99.45,95.625,,102.4,,103.325,103.8,100.29,101.375,96.79
2025-09-11T15:57:00.778733+02:00,103.5,98.125,99.46,95.65,,102.4,95.625,103.325,103.8,100.29,101.375,96.81
2025-09-11T16:26:05.241496+02:00,103.5,98.175,99.51,95.7,,102.4,95.675,103.325,103.8,100.29,101.425,96.86
2025-09-11T16:44:08.572240+02:00,103.5,98.225,99.55,95.75,,102.4,95.725,103.325,103.8,100.31,101.475,96.9
2025-09-11T16:56:51.067839+02:00,103.5,98.2,99.54,95.75,,102.4,95.7,103.325,103.8,100.3,101.45,96.89
2025-09-11T17:24:22.751740+02:00,103.5,98.175,99.5,95.725,,102.4,95.675,103.325,103.75,100.29,101.425,96.825
2025-09-11T17:40:32.247911+02:00,103.4,98.175,99.5,95.725,,102.4,95.675,103.325,103.75,100.125,101.425,96.825
2025-09-11T17:53:53.426827+02:00,103.4,98.175,99.5,95.725,,102.4,95.675,103.325,103.75,100.125,101.425,96.825
2025-09-11T18:29:48.252574+02:00,103.4,98.175,99.5,95.725,,102.4,95.675,103.325,103.75,100.125,101.425,96.825
2025-09-11T18:46:02.913894+02:00,103.4,98.175,99.5,95.725,,102.4,95.675,103.325,103.75,100.125,101.425,96.825
2025-09-12T08:35:09.348842+02:00,103.5,98.175,99.5,95.725,,102.4,95.675,103.325,103.75,100.125,101.425,96.825
2025-09-12T08:54:20.673618+02:00,103.5,98.175,99.5,95.725,,102.4,95.675,103.325,103.75,100.125,101.425,96.825
2025-09-12T09:22:12.727487+02:00,103.5,98.125,99.45,95.625,,102.4,95.6,103.325,103.78,100.2,101.375,96.79
2025-09-12T09:39:08.239278+02:00,103.5,98.175,99.5,95.675,,102.4,95.625,103.325,103.78,100.22,101.425,96.81
2025-09-12T09:53:01.747340+02:00,103.5,98.175,99.5,95.675,,102.4,95.625,103.325,103.75,100.125,101.425,96.775
2025-09-12T10:31:03.581523+02:00,103.5,98.125,99.45,95.65,,102.4,95.575,103.325,103.78,100.15,101.375,96.75
2025-09-12T10:54:27.794045+02:00,103.5,98.025,99.36,95.625,,102.4,95.575,103.325,103.78,100.14,101.325,96.73
2025-09-12T11:24:03.427934+02:00,103.5,97.975,99.3,95.575,,102.4,95.525,103.325,103.78,100.08,101.275,96.675
2025-09-12T11:40:58.685806+02:00,103.5,97.975,99.31,95.575,,102.4,95.525,103.325,103.78,100.09,101.275,96.68
2025-09-12T11:53:54.133345+02:00,103.5,98.0,99.33,95.6,,102.4,95.55,103.325,103.78,100.11,101.3,96.7
2025-09-12T12:25:17.350592+02:00,103.5,98.0,99.325,95.6,,102.4,95.55,103.325,103.78,100.1,101.3,96.7
2025-09-12T12:42:33.434701+02:00,103.5,98.0,99.34,95.6,,102.4,95.575,103.325,103.78,100.12,101.3,96.71
2025-09-12T12:55:14.435469+02:00,103.5,98.025,99.35,95.625,,102.4,95.575,103.325,103.78,100.13,101.325,96.725
2025-09-12T13:19:10.537773+02:00,103.5,98.0,99.36,95.55,,102.4,95.575,103.325,103.78,100.14,101.3,96.73
2025-09-12T13:39:34.057967+02:00,103.5,98.0,99.36,95.55,,102.4,95.575,103.325,103.78,100.14,101.3,96.73
2025-09-12T13:53:33.006261+02:00,103.5,97.95,99.31,95.475,,102.4,95.525,103.325,103.78,100.09,101.25,96.68
2025-09-12T14:48:00.515800+02:00,103.5,97.95,99.275,95.475,,102.4,95.5,103.325,103.83,100.05,101.25,96.64
2025-09-12T15:29:52.037726+02:00,103.5,97.95,99.3,95.475,,102.4,95.525,103.325,103.83,100.08,101.25,96.67
2025-09-12T15:44:44.769421+02:00,103.5,97.975,99.31,95.5,,102.4,95.525,103.325,103.83,100.09,101.275,96.68
2025-09-12T15:57:22.171896+02:00,103.5,97.975,99.3,95.5,,102.4,95.525,103.325,103.83,100.07,101.275,96.66
2025-09-12T16:25:35.748003+02:00,103.5,98.0,99.325,95.525,,102.4,,103.325,103.83,100.09,101.3,96.68
2025-09-12T16:42:56.517324+02:00,103.5,97.975,99.3,95.5,,102.4,95.525,103.325,103.83,100.08,101.275,96.67
2025-09-12T16:55:46.874669+02:00,103.5,97.975,99.3,95.5,,102.4,95.525,103.325,103.83,100.08,101.275,96.67
2025-09-12T17:24:21.901228+02:00,103.5,97.975,99.3,95.5,,102.4,95.525,103.325,103.75,99.975,101.275,96.6
2025-09-12T17:39:52.281817+02:00,103.5,97.975,99.3,95.5,,102.4,95.525,103.325,103.75,99.975,101.275,96.6
2025-09-12T17:53:41.737678+02:00,103.5,97.975,99.3,95.5,,102.4,95.525,103.325,103.75,99.975,101.275,96.6
2025-09-12T18:26:15.282368+02:00,103.5,97.975,99.3,95.5,,102.4,95.525,103.325,103.75,99.975,101.275,96.6
2025-09-12T18:44:26.783377+02:00,103.5,97.975,99.3,95.5,,102.4,95.525,103.325,103.75,99.975,101.275,96.6
2025-09-12T18:57:14.001798+02:00,103.5,97.975,99.3,95.5,,102.4,95.525,103.325,103.75,99.975,101.275,96.6
2025-09-15T08:37:41.861895+02:00,103.5,97.975,99.3,95.909,,102.4,95.525,103.325,103.75,99.975,101.275,96.6
2025-09-15T08:57:28.322158+02:00,103.5,97.975,99.3,95.909,,102.4,95.525,103.325,103.75,99.975,101.275,96.6
2025-09-15T09:26:35.402297+02:00,103.5,98.0,99.325,95.525,,102.4,95.6,103.325,103.75,100.0,101.3,96.625
2025-09-15T09:41:46.014255+02:00,103.5,98.0,99.33,95.525,,102.4,95.6,103.325,103.83,100.11,101.3,96.7
2025-09-15T09:54:23.748116+02:00,103.5,98.025,99.35,95.525,,102.4,95.6,103.325,103.83,100.11,101.325,96.7
2025-09-15T10:32:26.759111+02:00,103.5,98.025,99.35,95.525,,102.4,95.6,103.325,103.83,100.11,101.425,96.7
2025-09-15T10:55:14.202129+02:00,103.5,98.05,99.375,95.6,,102.4,,103.325,103.75,100.05,101.45,96.71
2025-09-15T11:27:50.922283+02:00,103.5,98.075,99.41,95.625,,102.4,,103.325,103.83,100.14,101.475,96.73
2025-09-15T11:44:09.988177+02:00,103.5,98.225,99.4,95.625,,103.125,,103.325,103.83,100.13,101.475,96.725
2025-09-15T11:57:16.995394+02:00,103.5,98.2,99.39,95.6,,103.125,,103.325,103.83,100.12,101.45,96.71
2025-09-15T12:28:36.860546+02:00,103.5,98.2,99.4,95.6,,103.125,95.625,103.325,103.83,100.13,101.45,96.72
2025-09-15T12:45:37.429570+02:00,103.5,98.225,99.4,95.6,,103.125,,103.325,103.83,100.12,101.475,96.71
2025-09-15T13:19:22.433392+02:00,103.5,98.2,99.38,95.575,,103.125,95.6,103.325,103.83,100.11,101.45,96.7
2025-09-15T13:40:13.382618+02:00,103.5,98.2,99.375,95.575,,103.125,,103.325,103.83,100.1,101.45,96.69
2025-09-15T13:53:24.388023+02:00,103.5,98.175,99.39,95.55,,103.125,95.575,103.325,103.83,100.13,101.425,96.67
2025-09-15T14:51:32.212515+02:00,103.5,98.3,99.43,95.6,,103.125,,103.325,103.83,100.17,101.5,96.71
2025-09-15T15:30:59.364017+02:00,103.5,98.325,99.48,95.65,,103.125,95.6,103.325,103.83,100.22,101.525,96.79
2025-09-15T15:53:24.445501+02:00,103.5,98.325,99.48,95.65,,103.125,95.6,103.325,103.83,100.22,101.525,96.79
2025-09-15T16:24:15.957690+02:00,103.5,98.3,99.47,95.625,,103.125,95.6,103.325,103.83,100.21,101.5,96.78
2025-09-15T16:42:33.974574+02:00,103.5,98.3,99.46,95.625,,103.125,95.575,103.325,103.83,100.2,101.5,96.77
2025-09-15T16:55:34.404641+02:00,103.5,98.3,99.47,95.625,,103.125,95.575,103.325,103.83,100.21,101.5,96.78
2025-09-15T17:26:17.834885+02:00,103.5,98.325,99.45,95.65,,103.125,95.6,103.325,103.75,100.125,101.525,96.75
2025-09-15T17:42:29.479783+02:00,103.3,98.325,99.45,95.65,,103.125,95.6,103.325,103.75,100.125,101.525,96.75
2025-09-15T17:55:35.707275+02:00,103.3,98.325,99.45,95.65,,103.125,95.6,103.325,103.75,100.125,101.525,96.75
2025-09-15T18:31:02.354592+02:00,103.3,98.325,99.45,95.65,,103.125,95.6,103.325,103.75,100.125,101.525,96.75
2025-09-15T18:53:50.693377+02:00,103.3,98.325,99.45,95.65,,103.125,95.6,103.325,103.75,100.125,101.525,96.75
2025-09-16T08:35:48.017771+02:00,103.3,98.325,99.45,95.65,,103.125,95.6,103.325,103.75,100.125,101.525,96.75
2025-09-16T08:55:45.791703+02:00,103.3,98.325,99.45,95.65,,103.125,95.6,103.325,103.75,100.125,101.525,96.75
2025-09-16T09:24:46.286303+02:00,103.5,98.375,99.5,95.725,,103.125,95.65,103.325,103.83,100.2,101.575,96.86
2025-09-16T09:40:37.863298+02:00,103.5,98.35,99.48,95.7,,103.125,95.65,103.325,103.83,100.23,101.55,96.86
2025-09-16T09:53:31.694997+02:00,103.5,98.35,99.475,95.7,,103.125,95.625,103.325,103.83,100.22,101.55,96.85
2025-09-16T10:33:23.138846+02:00,103.5,98.375,99.51,95.75,,103.125,95.625,103.325,103.83,100.26,101.575,96.89
2025-09-16T10:56:01.058831+02:00,103.5,98.375,99.54,95.775,,103.125,95.65,103.325,103.83,100.29,101.575,96.92
2025-09-16T11:27:52.265089+02:00,103.5,98.425,99.55,95.725,,103.125,95.625,103.325,103.83,100.29,101.625,96.92
2025-09-16T11:44:21.995625+02:00,103.5,98.4,99.525,95.7,,103.125,95.6,103.325,103.83,100.26,101.6,96.89
2025-09-16T11:57:06.832856+02:00,103.5,98.35,99.48,95.65,,103.125,95.575,103.325,103.83,100.23,101.55,96.86
2025-09-16T12:28:01.971842+02:00,103.5,98.375,99.5,95.65,,103.125,95.575,103.325,103.83,100.22,101.575,96.85
2025-09-16T12:45:04.949184+02:00,103.5,98.4,99.525,95.675,,103.125,95.6,103.325,103.83,100.27,101.6,96.88
2025-09-16T12:58:00.497957+02:00,103.5,98.4,99.525,95.675,,103.125,95.6,103.325,103.83,100.27,101.6,96.88
2025-09-16T13:21:28.393246+02:00,103.5,98.4,99.525,95.675,,103.125,95.575,103.325,103.83,100.26,101.6,96.87
2025-09-16T13:40:01.780019+02:00,103.5,98.4,99.55,95.675,,103.125,95.6,103.325,103.83,100.31,101.6,96.91
2025-09-16T13:53:27.903443+02:00,103.5,98.4,99.55,95.75,,103.125,95.6,103.325,103.83,100.31,101.6,96.91
2025-09-16T14:50:57.341204+02:00,103.5,98.6,99.53,95.725,,103.125,,103.325,103.83,100.29,101.6,96.89
2025-09-16T15:33:27.992645+02:00,103.5,98.725,99.6,95.775,,103.125,95.75,103.325,103.83,100.32,101.675,96.92
2025-09-16T15:53:51.695600+02:00,103.5,98.725,99.6,95.775,,103.125,95.75,103.325,103.83,100.34,101.675,96.94
2025-09-16T16:24:56.109116+02:00,103.5,98.75,99.625,95.8,,103.125,95.775,103.325,103.83,100.37,101.7,96.97
2025-09-16T16:44:16.201078+02:00,103.5,98.75,99.625,95.8,,103.125,95.75,103.325,103.83,100.36,101.7,96.96
2025-09-16T16:57:07.283320+02:00,103.5,98.75,99.625,95.8,,103.125,95.75,103.325,103.83,100.37,101.7,96.97
2025-09-16T17:28:02.693246+02:00,103.5,98.75,99.625,95.8,,103.125,95.775,103.325,103.75,100.3,101.7,96.9
2025-09-16T17:44:10.523485+02:00,103.3,98.75,99.625,95.8,,103.125,95.775,103.325,103.75,100.3,101.7,96.9
2025-09-16T17:57:12.458345+02:00,103.3,98.75,99.625,95.8,,103.125,95.775,103.325,103.75,100.3,101.7,96.9
2025-09-16T18:32:41.665909+02:00,103.3,98.75,99.625,95.8,,103.125,95.775,103.325,103.75,100.3,101.7,96.9
2025-09-16T18:53:48.936687+02:00,103.3,98.75,99.625,95.8,,103.125,95.775,103.325,103.75,100.3,101.7,96.9
2025-09-17T08:36:06.929396+02:00,103.3,98.75,99.625,95.8,,103.125,95.775,103.325,103.75,100.3,101.7,96.9
2025-09-17T08:55:29.299962+02:00,103.3,98.75,99.625,95.8,,103.125,95.775,103.325,103.75,100.3,101.7,96.9
2025-09-17T09:22:41.604961+02:00,103.5,98.85,99.725,95.9,,103.125,95.8,103.325,103.83,100.48,101.8,97.08
2025-09-17T09:40:16.414521+02:00,103.5,98.9,99.775,95.925,,103.125,95.8,103.325,103.83,100.5,101.85,97.1
2025-09-17T09:53:27.038669+02:00,103.5,98.925,99.8,95.975,,103.125,95.8,103.325,103.83,100.51,101.875,97.11
2025-09-17T10:31:41.966241+02:00,103.5,98.925,99.8,95.95,,103.125,95.8,103.325,103.83,100.53,101.725,97.1
2025-09-17T10:55:12.303719+02:00,103.5,98.975,99.85,96.025,,103.125,95.85,103.325,103.75,100.525,101.775,97.125
2025-09-17T11:25:43.845760+02:00,103.5,98.95,99.825,95.975,,103.125,95.8,103.325,103.83,100.54,101.75,97.11
2025-09-17T11:42:36.603674+02:00,103.5,98.95,99.825,96.0,,103.125,95.825,103.325,103.83,100.56,101.75,97.13
2025-09-17T11:55:55.199210+02:00,103.5,98.95,99.825,96.025,,103.125,95.825,103.325,103.83,100.58,101.75,97.13
2025-09-17T12:26:05.568568+02:00,103.5,98.925,99.8,96.0,,103.125,95.825,103.325,103.83,100.57,101.725,97.12
2025-09-17T12:44:22.021175+02:00,103.5,98.95,99.825,96.025,,103.125,95.85,103.325,103.83,100.59,101.75,97.14
2025-09-17T12:57:08.653121+02:00,103.5,98.95,99.825,96.05,,103.125,95.85,103.325,103.83,100.6,101.75,97.15
2025-09-17T13:20:14.460377+02:00,103.5,98.925,99.8,96.025,,103.125,95.825,103.325,103.83,100.57,101.725,97.13
2025-09-17T13:39:49.417153+02:00,103.5,98.95,99.83,96.05,,103.125,95.85,103.325,103.83,100.59,101.75,97.16
2025-09-17T13:53:09.566911+02:00,103.5,98.95,99.825,96.05,,103.125,95.85,103.325,103.83,100.59,101.75,97.15
2025-09-17T14:51:11.822338+02:00,103.5,98.925,99.8,96.05,,103.125,95.875,103.325,103.83,100.57,101.65,97.15
2025-09-17T15:31:30.860781+02:00,103.5,98.925,99.82,96.05,,103.125,95.9,103.325,103.83,100.59,101.65,97.15
2025-09-17T15:53:43.672208+02:00,103.5,98.925,99.81,96.025,,103.125,95.9,103.325,103.83,100.58,101.65,97.14
2025-09-17T16:23:03.839254+02:00,103.5,98.875,99.78,96.0,,103.125,95.875,103.325,103.83,100.55,101.6,97.11
2025-09-17T16:43:39.507154+02:00,103.5,98.9,99.78,96.0,,103.125,95.875,103.325,103.83,100.55,101.625,97.1
2025-09-17T16:56:29.198027+02:00,103.5,98.9,99.775,96.0,,103.125,95.875,103.325,103.75,100.45,101.625,97.1
2025-09-17T17:27:13.827113+02:00,103.5,98.875,99.75,96.0,,103.125,95.875,103.325,103.75,100.425,101.6,97.1
2025-09-17T17:43:29.236815+02:00,103.5,98.875,99.75,96.0,,103.125,95.875,103.325,103.75,100.425,101.6,97.1
2025-09-17T17:56:31.209789+02:00,103.5,98.875,99.75,96.0,,103.125,95.875,103.325,103.75,100.425,101.6,97.1
2025-09-17T18:31:50.490900+02:00,103.5,98.875,99.75,96.0,,103.125,95.875,103.325,103.75,100.425,101.6,97.1
2025-09-17T18:53:44.747164+02:00,103.5,98.875,99.75,96.0,,103.125,95.875,103.325,103.75,100.425,101.6,97.1
2025-09-18T08:35:37.887007+02:00,103.5,98.875,99.75,96.0,,103.125,95.875,103.325,103.75,100.425,101.6,97.1
2025-09-18T08:54:50.094651+02:00,103.5,98.875,99.75,96.0,,103.125,95.875,103.325,103.75,100.425,101.6,97.1
2025-09-18T09:22:44.897922+02:00,103.5,98.9,99.82,96.05,,103.125,95.9,103.325,103.83,100.59,101.625,97.17
2025-09-18T09:40:00.129435+02:00,103.5,98.9,99.8,96.025,,103.125,96.15,103.325,103.83,100.57,101.625,97.15
2025-09-18T09:53:21.390898+02:00,103.5,98.875,99.79,96.025,,103.125,96.125,103.325,103.83,100.56,101.6,97.14
2025-09-18T10:31:20.458704+02:00,103.5,98.85,99.725,96.0,,103.125,96.1,103.325,103.83,100.52,101.575,97.1
2025-09-18T10:54:27.921185+02:00,103.5,98.825,99.7,95.975,,103.125,96.075,103.325,103.83,100.5,101.55,97.08
2025-09-18T11:25:49.669115+02:00,103.5,98.875,99.75,96.075,,103.125,96.125,103.325,103.83,100.54,101.6,97.175
2025-09-18T11:42:31.163555+02:00,103.5,98.9,99.775,96.1,,103.125,96.125,103.325,103.83,100.55,101.625,97.2
2025-09-18T11:55:06.941666+02:00,103.5,98.9,99.775,96.1,,103.125,96.15,103.325,103.83,100.56,101.625,97.22
2025-09-18T12:25:02.928609+02:00,103.5,98.9,99.78,96.1,,103.125,96.125,103.325,103.83,100.55,101.625,97.21
2025-09-18T12:43:00.260894+02:00,103.5,98.9,99.78,96.1,,103.125,96.125,103.325,103.83,100.55,101.625,97.21
2025-09-18T12:56:08.674481+02:00,103.5,98.9,99.79,96.1,,103.125,96.15,103.325,103.83,100.56,101.625,97.22
2025-09-18T13:19:55.666175+02:00,103.5,98.9,99.78,96.1,,103.125,96.125,103.325,103.83,100.55,101.625,97.21
2025-09-18T13:39:42.031253+02:00,103.5,98.9,99.78,96.1,,103.125,96.125,103.325,103.83,100.55,101.625,97.21
2025-09-18T13:53:35.969204+02:00,103.5,98.9,99.775,96.075,,103.125,96.125,103.325,103.83,100.54,101.625,97.2
2025-09-18T14:49:59.760721+02:00,103.5,98.9,99.725,96.025,,103.125,96.075,103.325,103.83,100.49,101.575,97.15
2025-09-18T15:31:26.164078+02:00,103.5,98.9,99.675,95.95,,103.125,96.025,103.325,103.83,100.44,101.525,97.07
2025-09-18T15:53:45.378294+02:00,103.5,98.9,99.625,95.9,,103.125,95.975,103.325,103.83,100.39,101.475,97.03
2025-09-18T16:23:59.218877+02:00,103.5,98.9,99.66,95.95,,103.125,96.025,103.325,103.83,100.43,101.5,97.06
2025-09-18T16:43:31.062041+02:00,103.5,98.9,99.66,95.95,,103.125,96.025,103.325,103.83,100.43,101.5,97.06
2025-09-18T16:56:15.463941+02:00,103.5,98.9,99.65,95.95,,103.125,96.0,103.325,103.83,100.42,101.5,97.05
2025-09-18T17:27:20.530307+02:00,103.5,98.9,99.66,95.95,,103.125,96.0,103.325,103.83,100.43,101.5,97.06
2025-09-18T17:43:31.927958+02:00,103.3,98.775,99.65,95.95,,103.125,96.0,103.325,103.75,100.325,101.5,97.05
2025-09-18T17:56:06.791501+02:00,103.3,98.775,99.65,95.95,,103.125,96.0,103.325,103.75,100.325,101.5,97.05
2025-09-18T18:31:22.082462+02:00,103.3,98.775,99.65,95.95,,103.125,96.0,103.325,103.75,100.325,101.5,97.05
2025-09-18T18:53:29.311315+02:00,103.3,98.775,99.65,95.95,,103.125,96.0,103.325,103.75,100.325,101.5,97.05
2025-09-19T08:35:22.882905+02:00,103.3,98.775,99.65,95.95,,103.125,96.0,103.325,103.75,100.325,101.5,97.05
2025-09-19T08:55:32.260344+02:00,103.3,98.775,99.65,95.95,,103.125,96.0,103.325,103.75,100.325,101.5,97.05
2025-09-19T09:23:07.483260+02:00,103.5,98.675,99.56,95.8,,102.4,95.925,103.325,103.83,100.33,101.4,96.94
2025-09-19T09:40:19.122929+02:00,103.45,98.675,99.56,95.825,,102.4,95.95,103.325,103.83,100.33,101.4,96.94
2025-09-19T09:53:17.208503+02:00,103.45,98.675,99.55,95.825,,102.4,95.925,103.325,103.83,100.31,101.4,96.925
2025-09-19T10:31:21.287842+02:00,103.45,98.7,99.58,95.85,,102.4,95.975,103.325,103.83,100.35,101.425,96.96
2025-09-19T10:54:42.292695+02:00,103.45,98.7,99.575,95.825,,102.4,95.95,103.325,103.83,100.33,101.425,96.94
2025-09-19T11:26:08.742128+02:00,103.45,98.7,99.58,95.875,,103.125,95.975,103.325,103.83,100.35,101.425,96.975
2025-09-19T11:42:30.330656+02:00,103.45,98.7,99.58,95.875,,103.125,95.975,103.325,103.83,100.35,101.425,96.975
2025-09-19T11:55:30.504335+02:00,103.45,98.7,99.6,95.875,,103.125,95.975,103.325,103.83,100.37,101.425,96.98
2025-09-19T12:26:46.578069+02:00,103.45,98.675,99.58,95.85,,103.125,95.95,103.325,103.83,100.35,101.4,96.96
2025-09-19T12:44:36.991769+02:00,103.45,98.675,99.57,95.85,,103.125,95.95,103.325,103.83,100.34,101.4,96.95
2025-09-19T12:57:34.169895+02:00,103.45,98.65,99.54,95.8,,103.125,95.95,103.325,103.83,100.31,101.425,96.92
2025-09-19T13:21:46.132449+02:00,103.45,98.625,99.52,95.775,,103.125,95.925,103.325,103.83,100.28,101.4,96.9
2025-09-19T13:39:56.815328+02:00,103.45,98.625,99.52,95.8,,103.125,95.95,103.325,103.83,100.28,101.4,96.9
2025-09-19T13:53:31.322010+02:00,103.45,98.7,99.51,95.775,,103.125,95.925,103.325,103.83,100.27,101.4,96.89
2025-09-19T14:50:12.343987+02:00,103.45,98.7,99.525,95.8,,103.125,95.95,103.325,103.83,100.28,101.425,96.9
2025-09-19T15:32:19.018212+02:00,103.3,98.7,99.54,95.825,,103.125,95.975,103.325,103.83,100.3,101.425,96.925
2025-09-19T15:53:35.447088+02:00,103.3,98.7,99.53,95.825,,103.125,95.95,103.325,103.83,100.29,101.425,96.925
2025-09-19T16:23:26.727219+02:00,103.3,98.7,99.53,95.825,,103.125,95.975,103.325,103.83,100.29,101.425,96.925
2025-09-19T16:43:44.695582+02:00,103.3,98.7,99.55,95.825,,103.125,95.975,103.325,103.83,100.29,101.45,96.925
2025-09-19T16:56:18.098787+02:00,103.3,98.7,99.53,95.825,,103.125,95.975,103.325,103.83,100.29,101.425,96.925
2025-09-19T17:25:59.565567+02:00,103.3,98.7,99.525,95.8,,103.125,95.95,103.325,103.75,100.2,101.425,96.9
2025-09-19T17:42:37.231187+02:00,103.3,98.65,99.525,95.8,,103.125,95.95,103.325,103.75,100.2,101.425,96.9
2025-09-19T17:55:23.374834+02:00,103.3,98.65,99.525,95.8,,103.125,95.95,103.325,103.75,100.2,101.425,96.9
2025-09-19T18:29:27.504404+02:00,103.3,98.65,99.525,95.8,,103.125,95.95,103.325,103.75,100.2,101.425,96.9
2025-09-19T18:48:07.614744+02:00,103.3,98.65,99.525,95.8,,103.125,95.95,103.325,103.75,100.2,101.425,96.9
2025-09-22T08:37:51.621190+02:00,103.3,98.65,99.525,96.075,,103.125,95.95,103.325,103.75,100.2,101.425,96.9
2025-09-22T08:57:18.546017+02:00,103.3,98.65,99.525,96.075,,103.125,95.95,103.325,103.75,100.2,101.425,96.9
2025-09-22T09:26:38.283102+02:00,103.45,98.7,99.45,95.725,,103.125,95.9,103.325,103.83,100.21,101.35,96.83
2025-09-22T09:41:39.400326+02:00,103.45,98.7,99.475,95.725,,103.125,95.925,103.325,103.83,100.23,101.375,96.85
2025-09-22T09:54:42.268817+02:00,103.45,98.7,99.46,95.725,,103.125,,103.325,103.83,100.22,101.35,96.84
2025-09-22T10:33:59.223981+02:00,103.45,98.7,99.49,95.75,,103.125,,103.325,103.83,100.25,101.375,96.875
2025-09-22T10:56:36.745405+02:00,103.45,98.7,99.5,95.75,,103.125,,103.325,103.83,100.26,101.375,96.88
2025-09-22T11:30:57.482383+02:00,103.45,98.7,99.49,95.75,,103.125,,103.325,103.83,100.25,101.375,96.87
2025-09-22T11:53:01.833867+02:00,103.45,98.7,99.49,95.75,,103.125,,103.325,103.83,100.25,101.375,96.87
2025-09-22T12:27:37.433318+02:00,103.45,98.7,99.5,95.775,,103.125,,103.325,103.83,100.26,101.375,96.88
2025-09-22T12:46:15.052730+02:00,103.45,98.7,99.5,95.775,,103.125,,103.325,103.83,100.26,101.375,96.88
2025-09-22T13:20:23.876147+02:00,103.45,98.7,99.5,95.775,,103.125,,103.325,103.83,100.26,101.375,96.88
2025-09-22T13:40:13.553881+02:00,103.45,98.7,99.51,95.8,,103.125,,103.325,103.83,100.27,101.375,96.9
2025-09-22T13:53:40.797656+02:00,103.45,98.7,99.49,95.775,,103.125,,103.325,103.83,100.25,101.375,96.875
2025-09-22T14:52:07.832901+02:00,103.45,98.7,99.45,95.75,,103.125,,103.325,103.75,100.125,101.35,96.85
2025-09-22T15:33:06.244939+02:00,103.45,98.7,99.49,95.775,,103.125,,103.325,103.83,100.25,101.375,96.875
2025-09-22T15:53:21.699680+02:00,103.45,98.7,99.46,95.75,,103.125,,103.325,103.83,100.22,101.35,96.85
2025-09-22T16:25:38.010364+02:00,103.45,98.7,99.47,95.75,,103.125,,103.325,103.83,100.23,101.35,96.85
2025-09-22T16:45:45.468348+02:00,103.45,98.7,99.47,95.75,,103.125,,103.325,103.83,100.23,101.35,96.85
2025-09-22T17:26:28.596763+02:00,103.45,98.7,99.45,95.75,,103.125,,103.325,103.75,100.125,101.35,96.85
2025-09-22T17:43:27.093106+02:00,103.3,98.575,99.45,95.75,,103.125,,103.325,103.75,100.125,101.35,96.85
2025-09-22T17:56:19.990338+02:00,103.3,98.575,99.45,95.75,,103.125,,103.325,103.75,100.125,101.35,96.85
2025-09-22T18:33:11.507180+02:00,103.3,98.575,99.45,95.75,,103.125,,103.325,103.75,100.125,101.35,96.85
2025-09-22T18:53:41.772073+02:00,103.3,98.575,99.45,95.75,,103.125,,103.325,103.75,100.125,101.35,96.85
2025-09-23T08:35:57.979374+02:00,103.3,98.575,99.45,95.75,,103.125,,103.325,103.75,100.125,101.35,96.85
2025-09-23T08:55:58.820586+02:00,103.3,98.575,99.45,95.75,,103.125,,103.325,103.75,100.125,101.35,96.85
2025-09-23T09:25:12.754868+02:00,103.45,98.7,99.49,95.75,,103.125,,103.325,103.83,100.25,101.35,96.875
2025-09-23T09:40:53.374684+02:00,103.45,98.7,99.52,95.8,,103.125,95.775,103.325,103.83,100.28,101.375,96.9
2025-09-23T09:53:29.622216+02:00,103.45,98.7,99.48,95.75,,103.125,,103.325,103.83,100.24,101.35,96.86
2025-09-23T10:31:50.408525+02:00,103.45,98.7,99.49,95.75,,103.125,,103.325,103.83,100.25,101.35,96.89
2025-09-23T10:55:24.437092+02:00,103.45,98.7,99.47,95.75,,103.125,,103.325,103.83,100.23,101.35,96.87
2025-09-23T11:26:35.915325+02:00,103.45,98.7,99.46,95.75,,103.125,,103.325,103.83,100.22,101.35,96.86
2025-09-23T11:42:41.666500+02:00,103.45,98.7,99.46,95.75,,103.125,,103.325,103.83,100.22,101.35,96.86
2025-09-23T11:55:12.894942+02:00,103.45,98.7,99.47,95.75,,103.125,,103.325,103.83,100.23,101.35,96.87
2025-09-23T12:25:47.021554+02:00,103.45,98.7,99.46,95.75,,103.125,,103.325,103.83,100.22,101.35,96.86
2025-09-23T12:44:06.081450+02:00,103.45,98.7,99.46,95.75,,103.125,,103.325,103.83,100.22,101.35,96.86
2025-09-23T12:56:57.339743+02:00,103.45,98.7,99.44,95.725,,103.125,,103.325,103.83,100.2,101.325,96.84
2025-09-23T13:21:13.155080+02:00,103.45,98.7,99.45,95.725,,103.125,,103.325,103.83,100.21,101.325,96.85
2025-09-23T13:40:05.609603+02:00,103.45,98.7,99.45,95.725,,103.125,,103.325,103.83,100.21,101.325,96.85
2025-09-23T13:53:34.619977+02:00,103.45,98.7,99.44,95.725,,103.125,,103.325,103.83,100.2,101.325,96.84
2025-09-23T14:50:20.523219+02:00,103.45,98.7,99.46,95.75,,103.125,,103.325,103.83,100.22,101.325,96.86
2025-09-23T15:32:48.919000+02:00,103.45,98.7,99.47,95.825,,103.125,95.75,103.325,103.83,100.23,101.35,96.925
2025-09-23T15:53:19.112927+02:00,103.45,98.7,99.44,95.8,,103.125,95.725,103.325,103.83,100.2,101.325,96.9
2025-09-23T16:24:45.278591+02:00,103.45,98.7,99.45,95.8,,103.125,95.725,103.325,103.83,100.21,101.325,96.9
2025-09-23T16:45:10.694255+02:00,103.45,98.7,99.44,95.8,,103.125,95.725,103.325,103.83,100.2,101.325,96.9
2025-09-23T16:58:12.846706+02:00,103.45,98.7,99.44,95.8,,103.125,95.725,103.325,103.83,100.2,101.325,96.9
2025-09-23T17:27:43.748117+02:00,103.45,98.7,99.4,95.775,,103.125,95.7,103.325,103.75,100.075,101.3,96.875
2025-09-23T17:43:51.415156+02:00,103.3,98.525,99.4,95.775,,103.125,95.7,103.325,103.75,100.075,101.3,96.875
2025-09-23T17:56:52.237433+02:00,103.3,98.525,99.4,95.775,,103.125,95.7,103.325,103.75,100.075,101.3,96.875
2025-09-23T18:32:51.989550+02:00,103.3,98.525,99.4,95.775,,103.125,95.7,103.325,103.75,100.075,101.3,96.875
2025-09-23T18:53:48.074471+02:00,103.3,98.525,99.4,95.775,,103.125,95.7,103.325,103.75,100.075,101.3,96.875
2025-09-24T08:35:41.253019+02:00,103.3,98.525,99.4,95.775,,103.125,95.7,103.325,103.75,100.075,101.3,96.875
2025-09-24T08:55:59.289364+02:00,103.3,98.525,99.4,95.775,,103.125,95.7,103.325,103.75,100.075,101.3,96.875
2025-09-24T09:31:43.608308+02:00,103.45,98.7,99.46,95.8,,103.125,95.725,103.325,103.83,100.22,101.4,96.9
2025-09-24T09:41:11.987759+02:00,103.45,98.7,99.46,95.8,,103.125,95.725,103.325,103.83,100.22,101.4,96.9
2025-09-24T09:54:16.926471+02:00,103.45,98.7,99.46,95.8,,103.125,95.725,103.325,103.83,100.22,101.4,96.9
2025-09-24T10:33:05.806777+02:00,103.45,98.7,99.48,95.825,,103.125,95.75,103.325,103.83,100.24,101.425,96.925
2025-09-24T10:56:01.089331+02:00,103.45,98.7,99.48,95.825,,103.125,95.75,103.325,103.83,100.24,101.45,96.93
2025-09-24T11:27:29.951135+02:00,103.45,98.7,99.45,95.8,,103.125,95.725,103.325,103.83,100.21,101.425,96.9
2025-09-24T11:44:21.573048+02:00,103.45,98.7,99.45,95.8,,103.125,95.725,103.325,103.83,100.21,101.425,96.9
2025-09-24T11:57:16.326895+02:00,103.45,98.7,99.46,95.8,,103.125,95.725,103.325,103.8,100.22,101.425,96.9
2025-09-24T12:28:23.453674+02:00,103.45,98.7,99.45,95.8,,103.125,95.725,103.325,103.8,100.21,101.425,96.9
2025-09-24T12:45:42.476312+02:00,103.45,98.7,99.43,95.75,,103.125,95.7,103.325,103.8,100.19,101.4,96.86
2025-09-24T13:19:15.126656+02:00,103.45,98.7,99.43,95.775,,103.125,95.7,103.325,103.8,100.19,101.4,96.875
2025-09-24T13:40:13.579732+02:00,103.45,98.7,99.43,95.775,,103.125,95.7,103.325,103.8,100.19,101.4,96.875
2025-09-24T13:53:29.949854+02:00,103.45,98.7,99.43,95.775,,103.125,95.7,103.325,103.8,100.19,101.4,96.875
2025-09-24T14:51:01.343526+02:00,103.45,98.7,99.43,95.775,,103.125,95.7,103.325,103.8,100.19,101.4,96.875
2025-09-24T15:32:49.941158+02:00,103.45,98.7,99.43,95.775,,103.125,95.7,103.325,103.8,100.19,101.4,96.875
2025-09-24T15:53:36.658622+02:00,103.45,98.7,99.42,95.8,,103.125,95.7,103.325,103.8,100.18,101.375,96.9
2025-09-24T16:22:48.553431+02:00,103.45,98.7,99.4,95.8,,103.125,95.7,103.325,103.75,100.075,101.375,96.9
2025-09-24T16:43:04.751066+02:00,103.45,98.7,99.4,95.825,,103.125,95.7,103.325,103.75,100.075,101.375,96.925
2025-09-24T16:55:51.763241+02:00,103.45,98.7,99.425,95.825,,103.125,95.725,103.325,103.75,100.1,101.4,96.925
2025-09-24T17:26:38.335014+02:00,103.45,98.7,99.4,95.825,,103.125,95.7,103.325,103.75,100.075,101.375,96.925
2025-09-24T17:43:39.726522+02:00,103.3,98.475,99.4,95.825,,103.125,95.7,103.325,103.75,100.075,101.375,96.925
2025-09-24T17:56:48.171346+02:00,103.3,98.475,99.4,95.825,,103.125,95.7,103.325,103.75,100.075,101.375,96.925
2025-09-24T18:33:26.997740+02:00,103.3,98.475,99.4,95.825,,103.125,95.7,103.325,103.75,100.075,101.375,96.925
2025-09-24T18:55:57.152109+02:00,103.3,98.475,99.4,95.825,,103.125,95.7,103.325,103.75,100.075,101.375,96.925
2025-09-25T08:36:20.515138+02:00,103.3,98.475,99.4,95.825,,103.125,95.7,103.325,103.75,100.075,101.375,96.925
2025-09-25T08:56:27.239467+02:00,103.3,98.475,99.4,95.825,,103.125,95.7,103.325,103.75,100.075,101.375,96.925
2025-09-25T09:26:03.572019+02:00,103.45,98.45,99.38,95.775,,102.4,95.675,103.325,103.8,100.14,101.35,96.875
2025-09-25T09:41:46.697145+02:00,103.45,98.475,99.4,95.8,,102.4,95.675,103.325,103.8,100.16,101.375,96.9
2025-09-25T09:54:35.779669+02:00,103.45,98.525,99.45,95.825,,102.4,95.7,103.325,103.8,100.18,101.425,96.925
2025-09-25T10:32:09.368343+02:00,103.45,98.55,99.475,95.85,,102.4,95.725,103.325,103.8,100.22,101.45,96.95
2025-09-25T10:56:25.198113+02:00,103.45,98.55,99.6,95.875,,102.4,95.7,103.325,103.8,100.21,101.45,96.975
2025-09-25T11:27:34.981598+02:00,103.45,98.525,99.6,95.875,,102.4,95.7,103.325,103.8,100.2,101.425,96.975
2025-09-25T11:43:27.836106+02:00,103.45,98.525,99.6,95.875,,102.4,95.7,103.325,103.8,100.2,101.425,96.95
2025-09-25T11:56:05.980896+02:00,103.45,98.525,99.6,95.85,,102.4,95.7,103.325,103.8,100.2,101.425,96.95
2025-09-25T12:27:30.452910+02:00,103.45,98.525,99.6,95.875,,102.4,95.7,103.325,103.8,100.22,101.425,96.975
2025-09-25T12:45:17.944357+02:00,103.45,98.5,99.6,95.85,,102.4,95.675,103.325,103.8,100.19,101.4,96.95
2025-09-25T12:58:10.333803+02:00,103.45,98.5,99.6,95.85,,102.4,95.675,103.325,103.8,100.19,101.4,96.95
2025-09-25T13:23:03.982107+02:00,103.45,98.45,99.6,95.75,,102.4,95.625,103.325,103.8,100.12,101.35,96.86
2025-09-25T13:40:00.672897+02:00,103.45,98.45,99.6,95.775,,102.4,95.625,103.325,103.8,100.12,101.35,96.875
2025-09-25T13:53:39.565881+02:00,103.45,98.45,99.6,95.775,,102.4,95.625,103.325,103.8,100.13,101.35,96.875
2025-09-25T14:52:37.180098+02:00,103.45,98.45,99.6,95.775,,102.4,95.6,103.325,103.8,100.12,101.35,96.875
2025-09-25T15:33:40.273959+02:00,103.45,98.475,99.6,95.85,,102.4,95.625,103.325,103.8,100.17,101.375,96.95
2025-09-25T15:53:30.693662+02:00,103.45,98.475,99.6,95.85,,102.4,95.625,103.325,103.8,100.17,101.375,96.95
2025-09-25T16:25:10.611587+02:00,103.45,98.475,99.6,95.825,,102.4,95.625,103.325,103.8,100.15,101.375,96.925
2025-09-25T16:46:14.920314+02:00,103.45,98.475,99.6,95.85,,102.4,95.625,103.325,103.8,100.17,101.375,96.95
2025-09-25T17:26:20.088497+02:00,103.45,98.475,99.6,95.825,,102.4,95.625,103.325,103.75,100.075,101.375,96.925
2025-09-25T17:44:24.101412+02:00,103.3,98.475,99.4,95.825,,102.4,95.625,103.325,103.75,100.075,101.375,96.925
2025-09-25T17:57:24.941976+02:00,103.3,98.475,99.4,95.825,,102.4,95.625,103.325,103.75,100.075,101.375,96.925
2025-09-25T18:32:48.646944+02:00,103.3,98.475,99.4,95.825,,102.4,95.625,103.325,103.75,100.075,101.375,96.925
2025-09-25T18:55:45.709289+02:00,103.3,98.475,99.4,95.825,,102.4,95.625,103.325,103.75,100.075,101.375,96.925
2025-09-26T08:35:19.091763+02:00,103.3,98.475,99.4,95.825,,102.4,95.625,103.325,103.75,100.075,101.375,96.925
2025-09-26T08:55:26.236938+02:00,103.3,98.475,99.4,95.825,,102.4,95.625,103.325,103.75,100.075,101.375,96.925
2025-09-26T09:24:19.845092+02:00,103.3,98.425,99.35,95.75,,102.4,95.575,103.325,103.8,100.11,101.325,96.85
2025-09-26T09:40:36.399179+02:00,103.3,98.45,99.375,95.775,,102.4,95.6,103.325,103.8,100.13,101.35,96.875
2025-09-26T09:53:28.598199+02:00,103.3,98.475,99.4,95.8,,102.4,95.625,103.325,103.8,100.14,101.375,96.9
2025-09-26T10:32:18.244571+02:00,103.3,98.525,99.45,95.85,,102.4,95.65,103.325,103.8,100.18,101.425,96.95
2025-09-26T10:55:41.742296+02:00,103.3,98.525,99.45,95.875,,102.4,95.65,103.325,103.8,100.19,101.425,96.975
2025-09-26T11:27:07.212097+02:00,103.3,98.55,99.475,95.875,,102.4,95.65,103.325,103.8,100.2,101.45,96.975
2025-09-26T11:42:57.089567+02:00,103.3,98.525,99.45,95.875,,102.4,95.65,103.325,103.8,100.19,101.425,96.975
2025-09-26T11:55:33.312939+02:00,103.3,98.525,99.45,95.875,,102.4,95.75,103.325,103.8,100.19,101.425,96.975
2025-09-26T12:26:18.109867+02:00,103.3,98.525,99.45,95.875,,102.4,95.75,103.325,103.8,100.19,101.425,96.975
2025-09-26T12:43:52.159152+02:00,103.3,98.525,99.45,95.85,,102.4,95.75,103.325,103.8,100.18,101.425,96.95
2025-09-26T12:56:47.722808+02:00,103.3,98.525,99.45,95.875,,102.4,95.75,103.325,103.8,100.19,101.425,96.975
2025-09-26T13:21:09.276966+02:00,103.3,98.55,99.475,95.9,,102.4,95.775,103.325,103.8,100.21,101.45,97.0
2025-09-26T13:39:33.563809+02:00,103.3,98.575,99.5,95.925,,102.4,95.775,103.325,103.8,100.23,101.475,97.0
2025-09-26T13:53:28.669550+02:00,103.3,98.575,99.5,95.925,,102.4,95.8,103.325,103.8,100.24,101.475,97.025
2025-09-26T14:51:05.477494+02:00,103.3,98.6,99.525,95.925,,102.4,95.825,103.325,103.8,100.26,101.5,97.03
2025-09-26T15:32:15.750274+02:00,103.3,98.5,99.475,95.775,,102.4,,103.325,103.8,100.2,101.45,96.975
2025-09-26T15:53:33.763384+02:00,103.3,98.5,99.475,95.775,,102.4,,103.325,103.8,100.21,101.45,96.975
2025-09-26T16:22:49.754278+02:00,103.3,98.475,99.45,95.725,,102.4,95.75,103.325,103.8,100.18,101.425,96.925
2025-09-26T16:42:56.018934+02:00,103.3,98.5,99.475,95.8,,102.4,95.775,103.325,103.8,100.23,101.45,97.0
2025-09-26T16:56:04.572652+02:00,103.3,98.55,99.525,95.85,,102.4,95.825,103.325,103.75,100.2,101.5,97.05
2025-09-26T17:25:14.109158+02:00,103.3,98.525,99.5,95.8,,102.4,,103.325,103.75,100.175,101.475,97.0
2025-09-26T17:41:53.999999+02:00,103.3,98.525,99.5,95.8,,102.4,,103.325,103.75,100.175,101.475,97.0
2025-09-26T17:54:40.671034+02:00,103.3,98.525,99.5,95.8,,102.4,,103.325,103.75,100.175,101.475,97.0
2025-09-26T18:30:08.497578+02:00,103.3,98.525,99.5,95.8,,102.4,,103.325,103.75,100.175,101.475,97.0
2025-09-26T18:48:29.515519+02:00,103.3,98.525,99.5,95.8,,102.4,,103.325,103.75,100.175,101.475,97.0
2025-09-29T08:37:58.208608+02:00,103.5,98.525,99.5,95.43,,102.4,95.8,103.325,103.75,100.175,101.475,97.0
2025-09-29T08:57:40.344334+02:00,103.5,98.525,99.5,95.43,,102.4,95.8,103.325,103.75,100.175,101.475,97.0
2025-09-29T09:26:41.638097+02:00,103.5,98.525,99.525,95.85,,102.4,95.775,103.575,104.25,100.28,101.5,97.05
2025-09-29T09:42:26.430983+02:00,103.5,98.55,99.525,95.85,,102.4,95.775,103.675,104.25,100.28,101.5,97.05
2025-09-29T09:55:15.939321+02:00,103.5,98.55,99.53,95.85,,102.4,95.775,103.675,104.25,100.29,101.5,97.05
2025-09-29T10:35:20.465996+02:00,103.5,98.55,99.525,95.85,,102.4,95.8,103.675,104.25,100.3,101.5,97.05
2025-09-29T10:57:02.401065+02:00,103.5,98.55,99.525,95.825,,102.4,95.775,103.675,104.25,100.28,101.5,97.025
2025-09-29T11:30:56.712420+02:00,103.5,98.55,99.525,95.875,,102.4,95.8,103.675,104.25,100.3,101.5,97.075
2025-09-29T11:53:16.606786+02:00,103.5,98.55,99.525,95.85,,102.4,95.8,103.675,104.25,100.29,101.5,97.05
2025-09-29T12:27:03.934643+02:00,103.5,98.55,99.525,95.85,,102.4,95.775,103.675,104.25,100.29,101.5,97.05
2025-09-29T12:46:04.208985+02:00,103.5,98.575,99.55,95.875,,102.4,95.8,103.675,104.25,100.3,101.525,97.075
2025-09-29T13:20:16.289026+02:00,103.5,98.55,99.525,95.85,,102.4,95.8,103.675,104.25,100.3,101.5,97.075
2025-09-29T13:40:52.970645+02:00,103.5,98.55,99.525,95.85,,102.4,95.775,103.675,104.25,100.28,101.5,97.05
2025-09-29T13:53:51.293004+02:00,103.5,98.55,99.525,95.85,,102.4,95.775,103.675,104.25,100.29,101.5,97.05
2025-09-29T14:53:18.659257+02:00,103.5,98.525,99.5,95.825,,102.4,95.775,103.675,104.25,100.25,101.475,97.025
2025-09-29T15:34:18.514570+02:00,103.5,98.5,99.475,95.8,,102.4,95.775,103.675,104.25,100.25,101.45,97.0
2025-09-29T15:54:41.604001+02:00,103.65,98.525,99.5,95.825,,103.475,95.775,103.675,104.25,100.25,101.475,97.025
2025-09-29T16:25:24.049167+02:00,103.65,98.575,99.55,95.85,,103.475,95.8,103.675,104.25,100.29,101.525,97.06
2025-09-29T16:44:21.345293+02:00,103.65,98.575,99.55,95.85,,103.475,95.825,103.675,104.25,100.3,101.525,97.07
2025-09-29T16:57:26.504564+02:00,103.65,98.6,99.575,95.875,,103.475,95.825,103.675,104.25,100.3,101.55,97.075
2025-09-29T17:27:39.861664+02:00,103.65,98.6,99.575,95.9,,103.475,95.825,103.675,104.1,100.25,101.55,97.1
2025-09-29T17:44:00.773485+02:00,103.65,98.6,99.575,95.9,,103.475,95.825,103.675,104.1,100.25,101.55,97.1
2025-09-29T17:57:00.623736+02:00,103.65,98.6,99.575,95.9,,103.475,95.825,103.675,104.1,100.25,101.55,97.1
2025-09-29T18:26:55.564298+02:00,103.65,98.6,99.575,95.9,,103.475,95.825,103.675,104.1,100.25,101.55,97.1
2025-09-29T18:41:41.743225+02:00,103.65,98.6,99.575,95.9,,103.475,95.825,103.675,104.1,100.25,101.55,97.1
2025-09-29T18:54:48.366417+02:00,103.65,98.6,99.575,95.9,,103.475,95.825,103.675,104.1,100.25,101.55,97.1
2025-09-30T08:36:44.069196+02:00,103.65,98.6,99.575,95.9,,103.475,95.825,103.675,104.1,100.25,101.55,97.1
2025-09-30T08:56:52.938609+02:00,103.65,98.6,99.575,95.9,,103.475,95.825,103.675,104.1,100.25,101.55,97.1
2025-09-30T09:26:40.999874+02:00,103.675,98.65,99.625,95.95,,103.5,95.875,103.7,104.25,100.36,101.6,97.15
2025-09-30T09:42:04.242865+02:00,103.65,98.625,99.6,95.925,,103.475,95.85,103.675,104.25,100.35,101.575,97.125
2025-09-30T09:55:08.368706+02:00,103.65,98.65,99.625,95.925,,103.475,95.85,103.675,104.25,100.35,101.6,97.125
2025-09-30T10:34:16.320398+02:00,103.65,98.6,99.575,95.875,,103.475,95.825,103.675,104.25,100.34,101.55,97.08
2025-09-30T10:56:47.748602+02:00,103.65,98.6,99.58,95.875,,103.475,95.825,103.675,104.25,100.37,101.55,97.09
2025-09-30T11:28:01.836575+02:00,103.65,98.6,99.575,95.85,,103.475,95.825,103.675,104.25,100.36,101.55,97.08
2025-09-30T11:44:47.162984+02:00,103.65,98.6,99.575,95.875,,103.475,95.825,103.675,104.25,100.36,101.55,97.08
2025-09-30T11:57:36.373751+02:00,103.65,98.6,99.575,95.875,,103.475,95.825,103.675,104.25,100.36,101.55,97.08
2025-09-30T12:29:37.036503+02:00,103.65,98.6,99.575,95.85,,103.475,95.825,103.675,104.25,100.36,101.55,97.08
2025-09-30T12:46:46.193531+02:00,103.65,98.6,99.575,95.85,,103.475,95.825,103.675,104.25,100.35,101.55,97.07
2025-09-30T13:20:35.291406+02:00,103.65,98.575,99.55,95.825,,103.475,95.8,103.675,104.25,100.33,101.525,97.05
2025-09-30T13:40:43.279149+02:00,103.65,98.575,99.55,95.85,,103.475,95.8,103.675,104.25,100.34,101.525,97.06
2025-09-30T13:53:27.455305+02:00,103.65,98.575,99.55,95.825,,103.475,95.8,103.675,104.1,100.225,101.525,97.04
2025-09-30T14:53:15.311763+02:00,103.65,98.6,99.575,95.85,,103.475,95.825,103.675,104.25,100.35,101.55,97.07
2025-09-30T15:33:19.494926+02:00,103.65,98.6,99.575,95.85,,103.475,95.825,103.675,104.25,100.35,101.55,97.07
2025-09-30T15:54:18.369083+02:00,103.65,98.6,99.575,95.85,,103.475,95.825,103.675,104.25,100.35,101.55,97.07
2025-09-30T16:23:54.887096+02:00,103.65,98.625,99.61,95.875,,103.475,95.85,103.675,104.25,100.4,101.575,97.15
2025-09-30T16:43:42.501450+02:00,103.65,98.625,99.6,95.875,,103.475,95.85,103.675,104.25,100.39,101.575,97.14
2025-09-30T16:56:21.166525+02:00,103.65,98.625,99.6,95.875,,103.475,95.85,103.675,104.25,100.39,101.575,97.14
2025-09-30T17:24:39.762826+02:00,103.65,98.625,99.6,95.875,,103.475,95.825,103.675,104.1,100.275,101.575,97.075
2025-09-30T17:42:23.853956+02:00,103.65,98.625,99.6,95.875,,103.475,95.825,103.675,104.1,100.275,101.575,97.075
2025-09-30T17:55:26.591960+02:00,103.65,98.625,99.6,95.875,,103.475,95.825,103.675,104.1,100.275,101.575,97.075
2025-09-30T18:30:46.359362+02:00,103.65,98.625,99.6,95.875,,103.475,95.825,103.675,104.1,100.275,101.575,97.075
2025-09-30T18:54:13.835107+02:00,103.65,98.625,99.6,95.875,,103.475,95.825,103.675,104.1,100.275,101.575,97.075
2025-10-01T08:36:24.246249+02:00,103.65,98.625,99.6,95.875,,103.475,95.825,103.675,104.1,100.275,101.575,97.075
2025-10-01T08:56:11.997501+02:00,103.65,98.625,99.6,95.875,,103.475,95.825,103.675,104.1,100.275,101.575,97.075
2025-10-01T09:25:47.866350+02:00,103.6,98.525,99.5,95.725,,103.425,95.75,103.625,104.25,100.25,101.475,96.97
2025-10-01T09:42:15.115799+02:00,103.6,98.55,99.525,95.75,,103.425,,103.625,104.25,100.27,101.5,96.99
2025-10-01T09:54:54.999886+02:00,103.625,98.55,99.525,95.775,,103.45,,103.65,104.25,100.28,101.5,96.98
2025-10-01T10:32:43.903121+02:00,103.6,98.7,99.55,95.825,,103.425,95.775,103.625,104.05,100.225,101.525,97.025
2025-10-01T10:56:28.788153+02:00,103.6,98.7,99.6,95.875,,103.425,95.775,103.625,104.25,100.33,101.575,97.075
2025-10-01T11:28:16.905796+02:00,103.6,98.7,99.675,95.95,,103.425,95.8,103.625,104.25,100.45,101.625,97.17
2025-10-01T11:44:38.922954+02:00,103.6,98.725,99.7,95.95,,103.425,95.775,103.625,104.25,100.44,101.65,97.16
2025-10-01T11:57:45.103996+02:00,103.6,98.725,99.7,95.925,,103.425,95.8,103.625,104.25,100.45,101.65,97.17
2025-10-01T12:29:26.174572+02:00,103.6,98.75,99.725,95.975,,103.425,95.825,103.625,104.25,100.49,101.7,97.21
2025-10-01T12:46:10.641018+02:00,103.65,98.75,99.725,95.975,,103.475,95.825,103.675,104.25,100.48,101.7,97.2
2025-10-01T13:20:47.713729+02:00,103.65,98.775,99.75,96.0,,103.475,95.825,103.675,104.25,100.49,101.725,97.21
2025-10-01T13:40:14.446188+02:00,103.6,98.775,99.75,96.0,,103.425,95.825,103.625,104.05,100.425,101.725,97.2
2025-10-01T13:53:27.372413+02:00,103.65,98.775,99.75,96.0,,103.475,95.925,103.675,104.25,100.47,101.725,97.2
2025-10-01T14:52:57.817561+02:00,103.625,98.825,99.8,96.075,,103.45,96.05,103.65,104.25,100.5,101.775,97.275
2025-10-01T15:34:09.400321+02:00,103.625,98.825,99.8,96.075,,103.45,96.05,103.65,104.25,100.51,101.775,97.28
2025-10-01T15:54:08.476936+02:00,103.625,98.85,99.825,96.1,,103.45,96.075,103.65,104.25,100.52,101.8,97.3
2025-10-01T16:25:27.816050+02:00,103.625,98.825,99.8,96.075,,103.45,96.05,103.65,104.25,100.51,101.775,97.28
2025-10-01T16:45:58.678373+02:00,103.6,98.8,99.8,96.05,,103.425,,103.625,104.25,100.49,101.775,97.26
2025-10-01T17:25:20.205348+02:00,103.625,98.825,99.8,96.05,,103.45,,103.65,104.075,100.475,101.775,97.25
2025-10-01T17:42:11.993039+02:00,103.625,98.825,99.8,96.05,,103.45,,103.65,104.075,100.475,101.775,97.25
2025-10-01T17:55:12.289807+02:00,103.625,98.825,99.8,96.05,,103.45,,103.65,104.075,100.475,101.775,97.25
2025-10-01T18:30:35.194152+02:00,103.625,98.825,99.8,96.05,,103.45,,103.65,104.075,100.475,101.775,97.25
2025-10-01T18:54:24.318164+02:00,103.625,98.825,99.8,96.05,,103.45,,103.65,104.075,100.475,101.775,97.25
2025-10-02T08:35:18.468767+02:00,103.625,98.825,99.8,96.05,,103.45,,103.65,104.075,100.475,101.775,97.25
2025-10-02T08:54:42.410835+02:00,103.625,98.825,99.8,96.05,,103.45,,103.65,104.075,100.475,101.775,97.25
2025-10-02T09:22:26.200394+02:00,103.625,98.775,99.75,96.0,,103.45,,103.65,104.25,100.47,101.725,97.24
2025-10-02T09:39:21.993632+02:00,103.625,98.775,99.75,96.0,,103.45,,103.65,104.25,100.46,101.725,97.23
2025-10-02T09:53:27.921697+02:00,103.625,98.775,99.75,96.0,,103.45,,103.65,104.25,100.46,101.725,97.23
2025-10-02T10:31:09.806890+02:00,103.625,98.75,99.725,95.975,,103.45,96.0,103.65,104.25,100.46,101.7,97.22
2025-10-02T10:54:11.494193+02:00,103.625,98.775,99.75,96.0,,103.45,,103.65,104.25,100.49,101.725,97.25
2025-10-02T11:24:55.540059+02:00,103.625,98.775,99.75,96.025,,103.45,96.0,103.65,104.25,100.5,101.725,97.26
2025-10-02T11:41:54.153621+02:00,103.625,98.8,99.8,96.025,,103.45,,103.65,104.25,100.54,101.75,97.28
2025-10-02T11:54:23.753418+02:00,103.625,98.8,99.81,96.05,,103.45,96.025,103.65,104.25,100.55,101.75,97.29
2025-10-02T12:24:32.345915+02:00,103.625,98.8,99.8,96.05,,103.45,96.1,103.65,104.25,100.54,101.75,97.28
2025-10-02T12:42:08.093528+02:00,103.625,98.8,99.81,96.05,,103.45,96.1,103.65,104.25,100.55,101.75,97.29
2025-10-02T12:55:04.293681+02:00,103.625,98.825,99.82,96.075,,103.45,96.125,103.65,104.25,100.56,101.775,97.3
2025-10-02T13:19:02.283893+02:00,103.625,98.8,99.89,96.05,,103.45,96.1,103.65,104.25,100.55,101.75,97.27
2025-10-02T13:39:33.646918+02:00,103.625,98.8,99.89,96.05,,103.45,96.1,103.65,104.25,100.54,101.75,97.26
2025-10-02T13:53:07.023334+02:00,103.625,98.8,99.89,96.025,,103.45,96.1,103.65,104.25,100.54,101.75,97.23
2025-10-02T14:49:11.040369+02:00,103.625,98.75,99.89,95.95,,103.45,96.075,103.65,104.25,100.51,101.7,97.15
2025-10-02T15:31:23.537474+02:00,103.625,98.75,99.75,95.925,,103.45,96.075,103.65,104.25,100.49,101.7,97.125
2025-10-02T15:53:33.437755+02:00,103.625,98.75,99.76,95.925,,103.45,96.1,103.65,104.25,100.5,101.7,97.125
2025-10-02T16:24:19.387202+02:00,103.625,98.775,99.78,95.975,,103.45,96.1,103.65,104.25,100.52,101.725,97.175
2025-10-02T16:43:33.019687+02:00,103.625,98.775,99.79,95.975,,103.45,96.125,103.65,104.25,100.53,101.725,97.18
2025-10-02T16:56:40.446060+02:00,103.625,98.775,99.78,95.975,,103.45,96.1,103.65,104.25,100.52,101.725,97.175
2025-10-02T17:26:29.084046+02:00,103.625,98.8,99.775,95.975,,103.45,96.125,103.65,104.075,100.45,101.75,97.175
2025-10-02T17:43:12.289648+02:00,103.625,98.8,99.775,95.975,,103.45,96.125,103.65,104.075,100.45,101.75,97.175
2025-10-02T17:56:10.465032+02:00,103.625,98.8,99.775,95.975,,103.45,96.125,103.65,104.075,100.45,101.75,97.175
2025-10-02T18:31:26.709855+02:00,103.625,98.8,99.775,95.975,,103.45,96.125,103.65,104.075,100.45,101.75,97.175
2025-10-02T18:54:42.491881+02:00,103.625,98.8,99.775,95.975,,103.45,96.125,103.65,104.075,100.45,101.75,97.175
2025-10-03T08:34:47.968465+02:00,103.625,98.8,99.775,95.975,,103.45,96.125,103.65,104.075,100.45,101.75,97.175
2025-10-03T08:54:40.706674+02:00,103.625,98.8,99.775,95.975,,103.45,96.125,103.65,104.075,100.45,101.75,97.175
2025-10-03T09:22:42.478231+02:00,103.625,98.8,99.775,95.975,,103.45,96.125,103.65,104.075,100.45,101.75,97.175
2025-10-03T09:39:53.574632+02:00,103.625,98.85,99.825,95.95,,103.45,96.125,103.65,104.075,100.5,101.8,97.15
2025-10-03T09:53:21.177158+02:00,103.625,98.85,99.83,95.95,,103.45,96.125,103.65,104.25,100.55,101.8,97.15
2025-10-03T10:30:54.382668+02:00,103.625,98.85,99.83,95.95,,103.45,96.1,103.65,104.25,100.55,101.8,97.15
2025-10-03T10:54:11.900684+02:00,103.625,98.85,99.85,95.95,,103.45,96.1,103.65,104.25,100.57,101.8,97.15
2025-10-03T11:24:13.368500+02:00,103.625,98.85,99.86,95.975,,103.45,96.125,103.65,104.25,100.58,101.8,97.175
2025-10-03T11:40:39.878553+02:00,103.625,98.85,99.86,95.975,,103.45,96.1,103.65,104.25,100.58,101.8,97.175
2025-10-03T11:53:38.953745+02:00,103.625,98.85,99.87,95.975,,103.45,96.125,103.65,104.25,100.59,101.8,97.175
2025-10-03T12:24:55.766698+02:00,103.625,98.85,99.87,96.0,,103.45,96.125,103.65,104.25,100.59,101.8,97.2
2025-10-03T12:42:26.003653+02:00,103.625,98.85,99.87,96.0,,103.45,96.125,103.65,104.25,100.59,101.8,97.2
2025-10-03T12:55:26.988836+02:00,103.625,98.85,99.87,96.0,,103.45,96.125,103.65,104.25,100.59,101.8,97.2
2025-10-03T13:19:29.613055+02:00,103.625,98.85,99.86,95.975,,103.45,96.125,103.65,104.25,100.58,101.8,97.18
2025-10-03T13:39:42.584960+02:00,103.625,98.875,99.88,96.0,,103.45,96.125,103.65,104.25,100.6,101.825,97.2
2025-10-03T13:53:22.426049+02:00,103.625,98.875,99.88,96.025,,103.45,96.15,103.65,104.25,100.6,101.825,97.225
2025-10-03T14:49:04.752384+02:00,103.625,98.85,99.86,96.0,,103.45,96.125,103.65,104.25,100.58,101.8,97.18
2025-10-03T15:30:07.556122+02:00,103.625,98.85,99.87,95.975,,103.45,96.15,103.65,104.25,100.59,101.8,97.19
2025-10-03T15:45:00.574236+02:00,103.625,98.85,99.87,95.975,,103.45,96.15,103.7,104.25,100.59,101.8,97.19
2025-10-03T15:57:54.758159+02:00,103.625,98.85,99.87,95.975,,103.45,96.15,103.7,104.25,100.59,101.8,97.19
2025-10-03T16:25:48.502378+02:00,103.625,98.825,99.84,95.925,,103.45,96.125,103.7,104.25,100.56,101.775,97.16
2025-10-03T16:43:54.044431+02:00,103.625,98.825,99.84,95.925,,103.45,96.125,103.7,104.25,100.56,101.775,97.13
2025-10-03T16:56:23.071014+02:00,103.625,98.825,99.85,95.925,,103.45,96.125,103.7,104.25,100.57,101.775,97.14
2025-10-03T17:25:18.188341+02:00,103.625,98.825,99.8,95.925,,103.45,96.125,103.7,104.075,100.475,101.775,97.125
2025-10-03T17:41:31.203448+02:00,103.625,98.825,99.8,95.925,,103.45,96.125,103.7,104.075,100.475,101.775,97.125
2025-10-03T17:54:35.153430+02:00,103.625,98.825,99.8,95.925,,103.45,96.125,103.7,104.075,100.475,101.775,97.125
2025-10-03T18:29:02.437742+02:00,103.625,98.825,99.8,95.925,,103.45,96.125,103.7,104.075,100.475,101.775,97.125
2025-10-03T18:47:51.069714+02:00,103.625,98.825,99.8,95.925,,103.45,96.125,103.7,104.075,100.475,101.775,97.125
2025-10-06T08:37:01.227198+02:00,103.625,98.825,99.8,96.0,,103.45,96.125,103.7,104.075,100.475,101.775,97.125
2025-10-06T08:56:05.922533+02:00,103.625,98.825,99.8,96.0,,103.45,96.125,103.7,104.075,100.475,101.775,97.125
2025-10-06T09:25:50.845909+02:00,103.625,98.75,99.8,95.8,,103.45,96.05,103.7,104.25,100.47,101.7,97.02
2025-10-06T09:41:23.656563+02:00,103.625,98.725,99.8,95.8,,103.45,96.05,103.7,104.22,100.47,101.675,97.02
2025-10-06T09:54:19.764711+02:00,103.625,98.775,99.8,95.85,,103.45,96.075,103.7,104.22,100.51,101.725,97.06
2025-10-06T10:32:42.649290+02:00,103.625,98.825,99.83,95.925,,103.45,96.1,103.7,104.22,100.55,101.775,97.125
2025-10-06T10:55:12.034300+02:00,103.625,98.8,99.8,95.875,,103.45,96.075,103.7,104.22,100.52,101.75,97.075
2025-10-06T11:28:24.918949+02:00,103.625,98.8,99.8,95.875,,103.45,96.05,103.7,104.075,100.51,101.75,97.075
2025-10-06T11:44:53.512270+02:00,103.625,98.825,99.81,95.9,,103.45,96.075,103.7,104.22,100.54,101.775,97.1
2025-10-06T11:57:32.967031+02:00,103.625,98.8,99.8,95.85,,103.45,96.05,103.7,104.22,100.51,101.75,97.06
2025-10-06T12:29:51.452685+02:00,103.625,98.775,99.8,95.825,,103.45,96.025,103.7,104.22,100.49,101.725,97.04
2025-10-06T12:46:12.839240+02:00,103.625,98.775,99.8,95.85,,103.45,96.05,103.7,104.22,100.5,101.725,97.05
2025-10-06T13:19:48.279408+02:00,103.625,98.8,99.8,95.875,,103.45,96.05,103.7,104.22,100.52,101.75,97.075
2025-10-06T13:39:39.602787+02:00,103.625,98.8,99.81,95.875,,103.45,96.075,103.7,104.22,100.53,101.75,97.075
2025-10-06T13:53:30.247130+02:00,103.625,98.8,99.82,95.875,,103.45,96.075,103.7,104.22,100.54,101.75,97.075
2025-10-06T14:52:25.709860+02:00,103.625,98.8,99.8,95.85,,103.45,96.05,103.7,104.2,100.52,101.75,97.05
2025-10-06T15:32:56.665943+02:00,103.625,98.8,99.83,95.875,,103.45,96.05,103.7,104.2,100.55,101.75,97.075
2025-10-06T15:53:33.698633+02:00,103.625,98.825,99.85,95.925,,103.45,96.075,103.7,104.2,100.57,101.775,97.125
2025-10-06T16:25:07.368903+02:00,103.625,98.825,99.85,95.9,,103.45,96.075,103.7,104.2,100.57,101.775,97.1
2025-10-06T16:44:39.858844+02:00,103.625,98.825,99.84,95.9,,103.45,96.075,103.7,104.22,100.56,101.775,97.1
2025-10-06T16:57:42.867449+02:00,103.625,98.825,99.86,95.925,,103.45,96.075,103.7,104.22,100.58,101.775,97.125
2025-10-06T17:27:03.803455+02:00,103.625,98.85,99.825,95.925,,103.45,96.1,103.7,104.075,100.5,101.8,97.125
2025-10-06T17:43:10.567837+02:00,103.625,98.85,99.825,95.925,,103.45,96.1,103.7,104.075,100.5,101.8,97.125
2025-10-06T17:55:59.946983+02:00,103.625,98.85,99.825,95.925,,103.45,96.1,103.7,104.075,100.5,101.8,97.125
2025-10-06T18:31:45.974924+02:00,103.625,98.85,99.825,95.925,,103.45,96.1,103.7,104.075,100.5,101.8,97.125
2025-10-06T18:54:34.170673+02:00,103.625,98.85,99.825,95.925,,103.45,96.1,103.7,104.075,100.5,101.8,97.125
2025-10-07T08:36:13.450403+02:00,103.625,98.85,99.825,95.925,,103.45,96.1,103.7,104.075,100.5,101.8,97.125
2025-10-07T08:55:40.075709+02:00,103.625,98.85,99.825,95.925,,103.45,96.1,103.7,104.075,100.5,101.8,97.125
2025-10-07T09:23:54.773995+02:00,103.5,98.775,99.8,95.825,,102.4,96.025,103.7,104.22,100.51,101.725,97.06
2025-10-07T09:40:19.332240+02:00,103.5,98.8,99.81,95.85,,102.4,96.05,103.7,104.22,100.53,101.75,97.08
2025-10-07T09:53:09.520287+02:00,103.5,98.8,99.81,95.975,,102.4,96.05,103.7,104.22,100.53,101.75,97.08
2025-10-07T10:32:32.381250+02:00,103.5,98.825,99.83,96.025,,102.4,96.075,103.7,104.22,100.55,101.775,97.125
2025-10-07T10:55:21.074699+02:00,103.5,98.825,99.83,96.025,,102.4,96.075,103.7,104.22,100.55,101.775,97.125
2025-10-07T11:26:13.593150+02:00,103.5,98.875,99.85,96.025,,102.4,96.075,103.7,104.22,100.57,101.825,97.125
2025-10-07T11:43:16.748601+02:00,103.5,98.925,99.92,96.075,,102.4,96.1,103.7,104.22,100.64,101.875,97.175
2025-10-07T11:55:48.016136+02:00,103.5,98.925,99.93,96.1,,102.4,96.075,103.7,104.22,100.65,101.875,97.2
2025-10-07T12:26:43.269703+02:00,103.5,98.925,99.94,96.125,,102.4,96.075,103.7,104.22,100.66,101.875,97.225
2025-10-07T12:44:27.313994+02:00,103.5,98.925,99.94,96.125,,102.4,96.075,103.7,104.22,100.66,101.875,97.225
2025-10-07T12:57:12.871799+02:00,103.5,98.925,99.97,96.1,,102.4,96.075,103.7,104.22,100.69,101.875,97.2
2025-10-07T13:21:14.116027+02:00,103.5,98.925,99.96,96.075,,102.4,96.05,103.7,104.22,100.68,101.875,97.175
2025-10-07T13:39:49.266109+02:00,103.5,98.925,99.95,96.075,,102.4,96.05,103.7,104.22,100.68,101.875,97.175
2025-10-07T13:53:24.642822+02:00,103.5,98.975,99.97,96.075,,102.4,96.05,103.7,104.22,100.69,101.925,97.175
2025-10-07T14:51:51.963080+02:00,103.5,99.025,99.98,96.075,,102.4,96.05,103.7,104.22,100.7,101.925,97.175
2025-10-07T15:33:40.889342+02:00,103.5,99.075,100.02,96.05,,102.4,96.15,103.7,104.22,100.74,101.925,97.25
2025-10-07T15:53:27.306701+02:00,103.5,99.075,100.01,96.025,,102.4,96.15,103.7,104.22,100.73,101.925,97.225
2025-10-07T16:26:14.659591+02:00,103.5,99.075,100.02,96.05,,102.4,96.15,103.7,104.22,100.74,101.925,97.25
2025-10-07T16:46:13.702404+02:00,103.5,99.075,100.01,96.025,,102.4,96.15,103.7,104.22,100.73,101.925,97.225
2025-10-07T17:27:01.406024+02:00,103.5,99.075,100.0,96.05,,102.4,96.15,103.7,104.075,100.675,101.925,97.25
2025-10-07T17:44:38.189436+02:00,103.5,99.075,100.0,96.05,,102.4,96.15,103.7,104.075,100.675,101.925,97.25
2025-10-07T17:57:22.446270+02:00,103.5,99.075,100.0,96.05,,102.4,96.15,103.7,104.075,100.675,101.925,97.25
2025-10-07T18:32:43.252001+02:00,103.5,99.075,100.0,96.05,,102.4,96.15,103.7,104.075,100.675,101.925,97.25
2025-10-07T18:55:15.422485+02:00,103.5,99.075,100.0,96.05,,102.4,96.15,103.7,104.075,100.675,101.925,97.25
2025-10-08T08:36:27.684881+02:00,103.5,99.075,100.0,96.05,,102.4,96.15,103.7,104.075,100.675,101.925,97.25
2025-10-08T08:55:33.101922+02:00,103.5,99.075,100.0,96.05,,102.4,96.15,103.7,104.075,100.675,101.925,97.25
2025-10-08T09:23:20.738705+02:00,103.5,99.175,100.1,96.175,,102.4,96.25,103.7,104.075,100.775,102.025,97.375
2025-10-08T09:40:30.792415+02:00,103.5,99.275,100.23,96.25,,102.4,,103.7,104.22,100.95,102.1,97.45
2025-10-08T09:53:36.312888+02:00,103.5,99.25,100.21,96.225,,102.4,96.25,103.7,104.22,100.93,102.075,97.425
2025-10-08T10:32:57.566643+02:00,103.5,99.25,100.21,96.15,,102.4,96.25,103.7,104.22,100.93,101.975,97.35
2025-10-08T10:56:08.384898+02:00,103.5,99.25,100.18,96.125,,102.4,96.225,103.7,104.22,100.9,101.975,97.325
2025-10-08T11:27:59.478790+02:00,103.5,99.25,100.175,96.125,,102.4,96.25,103.7,104.22,100.89,101.975,97.325
2025-10-08T11:44:20.440337+02:00,103.5,99.25,100.18,96.15,,102.4,96.25,103.7,104.22,100.9,101.975,97.35
2025-10-08T11:57:02.662604+02:00,103.5,99.275,100.2,96.15,,102.4,96.25,103.7,104.17,100.89,102.0,97.35
2025-10-08T12:28:21.388958+02:00,103.5,99.3,100.225,96.175,,102.4,96.275,103.7,104.17,100.92,102.025,97.375
2025-10-08T12:45:43.419426+02:00,103.5,99.3,100.225,96.2,,102.4,96.3,103.7,104.17,100.92,102.025,97.4
2025-10-08T13:19:37.433410+02:00,103.5,99.3,100.225,96.125,,102.4,96.3,103.7,104.17,100.92,102.025,97.325
2025-10-08T13:40:00.699389+02:00,103.5,99.2,100.225,96.125,,102.4,96.3,103.7,104.17,100.92,102.025,97.325
2025-10-08T13:53:31.069586+02:00,103.5,99.2,100.225,96.125,,102.4,96.3,103.7,104.17,100.92,102.025,97.325
2025-10-08T14:52:03.852595+02:00,103.5,99.175,100.2,96.1,,102.4,96.3,103.7,104.17,100.91,102.05,97.3
2025-10-08T15:33:55.759175+02:00,103.5,99.15,100.175,96.1,,102.4,96.3,103.7,104.075,100.825,102.025,97.3
2025-10-08T15:53:36.532709+02:00,103.5,99.125,100.16,96.075,,102.4,96.275,103.7,104.17,100.88,102.0,97.275
2025-10-08T16:25:42.478189+02:00,103.5,99.125,100.15,96.075,,102.4,96.275,103.7,104.17,100.84,102.0,97.275
2025-10-08T16:46:17.629854+02:00,103.5,99.125,100.15,96.075,,102.4,96.275,103.7,104.17,100.85,102.0,97.275
2025-10-08T17:26:28.709450+02:00,103.5,99.125,100.15,96.075,,102.4,96.275,103.7,104.17,100.85,102.0,97.275
2025-10-08T17:44:00.108204+02:00,103.5,99.125,100.15,96.075,,102.4,96.275,103.7,104.075,100.8,102.0,97.275
2025-10-08T17:57:03.120021+02:00,103.5,99.125,100.15,96.075,,102.4,96.275,103.7,104.075,100.8,102.0,97.275
2025-10-08T18:32:40.887777+02:00,103.5,99.125,100.15,96.075,,102.4,96.275,103.7,104.075,100.8,102.0,97.275
2025-10-08T18:55:01.523401+02:00,103.5,99.125,100.15,96.075,,102.4,96.275,103.7,104.075,100.8,102.0,97.275
2025-10-09T08:36:56.159280+02:00,103.5,99.125,100.15,96.075,,102.4,96.275,103.7,104.075,100.8,102.0,97.275
2025-10-09T08:56:44.186014+02:00,103.5,99.125,100.15,96.075,,102.4,96.275,103.7,104.075,100.8,102.0,97.275
2025-10-09T09:24:58.675090+02:00,103.5,99.075,100.12,96.0,,102.4,96.25,103.7,104.14,100.84,101.95,97.2
2025-10-09T09:40:43.786221+02:00,103.5,99.05,100.1,95.925,,102.4,96.25,103.7,104.14,100.82,101.925,97.125
2025-10-09T09:53:28.227569+02:00,103.5,99.075,100.11,95.95,,102.4,96.275,103.7,104.14,100.83,101.95,97.15
2025-10-09T10:32:50.757486+02:00,103.5,99.05,100.08,95.85,,102.4,96.275,103.7,104.14,100.78,101.925,97.05
2025-10-09T10:55:53.295628+02:00,103.5,99.0,100.15,95.825,,102.4,96.25,103.7,104.14,100.75,101.975,97.025
2025-10-09T11:27:16.816447+02:00,103.5,98.975,100.15,95.825,,102.4,96.35,103.7,104.14,100.72,101.975,97.025
2025-10-09T11:43:39.182731+02:00,103.5,98.975,100.15,95.825,,102.4,96.35,103.7,104.14,100.74,101.975,97.025
2025-10-09T11:56:23.680207+02:00,103.5,98.975,100.15,95.825,,102.4,96.35,103.7,104.14,100.74,101.975,97.025
2025-10-09T12:29:36.119828+02:00,103.5,99.0,100.15,95.85,,102.4,96.375,103.7,104.14,100.76,102.0,97.05
2025-10-09T12:46:57.431371+02:00,103.5,99.0,100.15,95.875,,102.4,96.375,103.7,104.14,100.79,102.0,97.075
2025-10-09T13:20:03.331269+02:00,103.5,99.0,100.15,95.85,,102.4,96.375,103.7,104.14,100.77,102.0,97.05
2025-10-09T13:40:37.601083+02:00,103.5,99.0,100.15,95.875,,102.4,96.375,103.7,104.14,100.78,102.0,97.075
2025-10-09T13:53:11.328433+02:00,103.5,99.0,100.15,95.85,,102.4,96.375,103.7,104.14,100.76,102.0,97.05
2025-10-09T14:52:20.728564+02:00,103.5,98.975,100.15,95.825,,102.4,96.175,103.7,104.14,100.73,101.975,97.025
2025-10-09T15:34:23.549248+02:00,103.5,98.95,100.15,95.8,,102.4,96.15,103.7,104.14,100.71,101.95,97.0
2025-10-09T15:54:46.262051+02:00,103.5,98.95,100.15,95.775,,102.4,96.15,103.7,104.14,100.7,101.95,96.975
2025-10-09T16:25:30.027350+02:00,103.5,98.925,100.15,95.775,,102.4,96.1,103.7,104.14,100.71,101.925,96.975
2025-10-09T17:02:16.219389+02:00,103.5,98.925,100.15,95.775,,102.4,96.1,103.7,104.075,100.6,101.925,96.975
2025-10-09T17:23:02.538130+02:00,103.5,98.925,100.15,95.775,,102.4,96.1,103.7,104.075,100.6,101.925,96.975
2025-10-09T17:37:12.893167+02:00,103.5,98.925,99.95,95.775,,102.4,96.1,103.7,104.075,100.6,101.925,96.975
2025-10-09T17:58:29.227687+02:00,103.5,98.925,99.95,95.775,,102.4,96.1,103.7,104.075,100.6,101.925,96.975
2025-10-09T18:35:48.284053+02:00,103.5,98.925,99.95,95.775,,102.4,96.1,103.7,104.075,100.6,101.925,96.975
2025-10-09T18:57:30.123427+02:00,103.5,98.925,99.95,95.775,,102.4,96.1,103.7,104.075,100.6,101.925,96.975
2025-10-10T08:36:36.397398+02:00,103.5,98.925,99.95,95.775,,102.4,96.1,103.7,104.075,100.6,101.925,96.975
2025-10-10T08:56:39.735457+02:00,103.5,98.925,99.95,95.775,,102.4,96.1,103.7,104.075,100.6,101.925,96.975
2025-10-10T09:24:55.911427+02:00,103.5,98.975,100.15,95.825,,102.4,96.15,103.7,104.14,100.75,101.975,97.025
2025-10-10T09:40:31.639121+02:00,103.5,98.975,100.15,95.8,,102.4,96.15,103.7,104.14,100.74,101.975,97.0
2025-10-10T09:53:20.073041+02:00,103.5,98.975,100.15,95.825,,102.4,96.15,103.7,104.14,100.72,101.975,97.025
2025-10-10T10:32:09.827558+02:00,103.5,98.975,100.15,95.825,,102.4,96.15,103.7,104.14,100.72,101.975,97.025
2025-10-10T10:55:12.581225+02:00,103.5,98.975,100.15,95.825,,102.4,96.15,103.7,104.14,100.73,101.975,97.025
2025-10-10T11:26:39.080014+02:00,103.5,98.975,100.15,95.825,,102.4,96.15,103.7,104.14,100.72,101.975,97.025
2025-10-10T11:42:54.426845+02:00,103.5,99.25,100.15,95.925,,102.4,96.175,103.7,104.075,100.675,102.0,97.125
2025-10-10T11:55:36.196947+02:00,103.5,99.25,100.15,95.9,,102.4,96.15,103.7,104.14,100.75,101.975,97.1
2025-10-10T12:26:39.378028+02:00,103.5,99.25,100.15,95.925,,102.4,96.175,103.7,104.14,100.77,102.0,97.125
2025-10-10T12:44:14.914140+02:00,103.5,99.25,100.15,95.925,,102.4,96.175,103.7,104.14,100.77,102.0,97.125
2025-10-10T12:57:13.449289+02:00,103.5,99.25,100.15,95.925,,102.4,96.175,103.7,104.14,100.79,102.0,97.13
2025-10-10T13:22:19.485780+02:00,103.5,99.25,100.15,95.925,,102.4,96.175,103.7,104.14,100.77,102.0,97.125
2025-10-10T13:40:06.778754+02:00,103.5,99.25,100.15,95.925,,102.4,96.175,103.7,104.14,100.77,102.0,97.125
2025-10-10T13:53:28.406977+02:00,103.5,99.25,100.15,95.95,,102.4,96.2,103.7,104.14,100.81,102.025,97.15
2025-10-10T14:50:53.226550+02:00,103.5,99.25,100.15,95.95,,102.4,96.2,103.7,104.14,100.79,102.025,97.16
2025-10-10T15:32:30.295563+02:00,103.5,99.25,100.15,95.95,,102.4,96.2,103.7,104.14,100.8,102.025,97.15
2025-10-10T15:53:18.669598+02:00,103.5,99.25,100.15,95.925,,102.4,96.175,103.7,104.14,100.79,102.025,97.13
2025-10-10T16:23:59.892846+02:00,103.5,99.25,100.15,95.95,,102.4,96.2,103.7,104.14,100.8,102.025,97.15
2025-10-10T16:44:19.456209+02:00,103.5,99.25,100.15,95.95,,102.4,96.2,103.7,104.14,100.8,102.025,97.15
2025-10-10T16:57:11.210430+02:00,103.5,99.25,100.15,95.95,,102.4,96.2,103.7,104.14,100.8,102.025,97.15
2025-10-10T17:26:09.097736+02:00,103.5,99.25,100.15,96.05,,102.4,96.275,103.7,104.075,100.775,102.1,97.25
2025-10-10T17:42:09.333788+02:00,103.5,99.25,100.15,96.05,,102.4,96.275,103.7,104.075,100.775,102.1,97.25
2025-10-10T17:54:56.454432+02:00,103.5,99.25,100.15,96.05,,102.4,96.275,103.7,104.075,100.775,102.1,97.25
2025-10-10T18:30:11.791342+02:00,103.5,99.25,100.125,96.05,,102.4,96.275,103.7,104.075,100.775,102.1,97.25
2025-10-10T18:48:21.403666+02:00,103.5,99.1,100.125,96.05,,102.4,96.275,103.7,104.075,100.775,102.1,97.25
2025-10-13T08:38:16.677040+02:00,103.5,99.1,100.125,96.032,,102.4,96.275,103.7,104.075,100.775,102.1,97.25
2025-10-13T08:57:14.478683+02:00,103.5,99.1,100.125,96.032,,102.4,96.275,103.7,104.075,100.775,102.1,97.25
2025-10-13T09:27:13.035525+02:00,103.5,99.075,100.1,96.025,,102.4,96.25,103.7,104.075,100.75,102.075,97.225
2025-10-13T09:42:21.150098+02:00,103.5,99.075,100.1,96.0,,102.4,96.25,103.7,104.075,100.75,102.075,97.2
2025-10-13T09:55:24.402916+02:00,103.5,99.075,100.1,96.0,,102.4,96.25,103.7,104.075,100.75,102.075,97.2
2025-10-13T10:35:36.061933+02:00,103.5,99.1,100.125,96.025,,102.4,96.25,103.7,104.075,100.775,102.1,97.225
2025-10-13T10:57:33.439356+02:00,103.5,99.125,100.15,96.05,,102.4,96.275,103.7,104.075,100.8,102.125,97.25
2025-10-13T11:32:26.186829+02:00,103.5,99.15,100.175,96.075,,102.4,96.3,103.7,104.075,100.825,102.15,97.275
2025-10-13T11:53:21.036068+02:00,103.5,99.15,100.175,96.075,,102.4,96.3,103.7,104.075,100.825,102.15,97.275
2025-10-13T12:28:39.075134+02:00,103.5,99.125,100.15,96.075,,102.4,96.3,103.7,104.075,100.8,102.125,97.275
2025-10-13T12:47:22.407902+02:00,103.5,99.15,100.175,96.1,,102.4,96.325,103.7,104.075,100.825,102.15,97.3
2025-10-13T13:20:27.552968+02:00,103.5,99.175,100.2,96.1,,102.4,96.325,103.7,104.075,100.85,102.175,97.3
2025-10-13T13:40:01.478939+02:00,103.5,99.15,100.175,96.1,,102.4,96.325,103.7,104.075,100.825,102.15,97.3
2025-10-13T13:53:32.013353+02:00,103.5,99.15,100.175,96.1,,102.4,96.325,103.7,104.075,100.825,102.15,97.3
2025-10-13T14:52:21.564672+02:00,103.5,99.15,100.175,96.1,,102.4,96.325,103.7,104.075,100.825,102.15,97.3
2025-10-13T15:34:42.014028+02:00,103.5,99.15,100.175,96.1,,102.4,96.325,103.7,104.075,100.825,102.15,97.3
2025-10-13T15:54:40.275658+02:00,103.5,99.175,100.2,96.125,,102.4,96.325,103.7,104.075,100.85,102.175,97.325
2025-10-13T16:26:02.622262+02:00,103.5,99.175,100.2,96.1,,102.4,96.325,103.7,104.075,100.85,102.175,97.3
2025-10-13T16:45:23.855315+02:00,103.5,99.15,100.175,96.1,,102.4,96.3,103.7,104.075,100.825,102.15,97.3
2025-10-13T16:57:59.525982+02:00,103.5,99.15,100.175,96.1,,102.4,96.3,103.7,104.075,100.825,102.15,97.3
2025-10-13T17:27:19.585638+02:00,103.5,99.15,100.175,96.1,,102.4,96.3,103.7,104.075,100.825,102.15,97.3
2025-10-13T17:43:20.063693+02:00,103.5,99.15,100.175,96.1,,102.4,96.3,103.7,104.075,100.825,102.15,97.3
2025-10-13T17:56:12.039679+02:00,103.5,99.15,100.175,96.1,,102.4,96.3,103.7,104.075,100.825,102.15,97.3
2025-10-13T18:32:35.180940+02:00,103.5,99.15,100.175,96.1,,102.4,96.3,103.7,104.075,100.825,102.15,97.3
2025-10-13T18:54:02.050090+02:00,103.5,99.15,100.175,96.1,,102.4,96.3,103.7,104.075,100.825,102.15,97.3
2025-10-14T08:36:14.961252+02:00,103.5,99.15,100.175,96.1,,102.4,96.3,103.7,104.075,100.825,102.15,97.3
2025-10-14T08:55:38.166668+02:00,103.5,99.15,100.175,96.1,,102.4,96.3,103.7,104.075,100.825,102.15,97.3
2025-10-14T09:24:53.867275+02:00,103.5,99.275,100.3,96.2,,102.4,96.4,103.7,104.075,100.95,102.275,97.4
2025-10-14T09:41:21.199877+02:00,103.5,99.275,100.3,96.225,,102.4,96.425,103.7,104.075,100.95,102.275,97.425
2025-10-14T09:53:53.947107+02:00,103.5,99.3,100.325,96.25,,102.4,96.425,103.7,104.075,100.975,102.3,97.45
2025-10-14T10:31:31.043583+02:00,103.5,99.25,100.275,96.15,,102.4,96.4,103.7,104.075,100.925,102.25,97.35
2025-10-14T10:55:41.160238+02:00,103.5,99.25,100.275,96.15,,102.4,96.4,103.7,104.075,100.925,102.25,97.35
2025-10-14T11:27:36.860365+02:00,103.5,99.25,100.275,96.175,,102.4,96.375,103.7,104.075,100.925,102.25,97.375
2025-10-14T11:44:33.084852+02:00,103.5,99.2,100.225,96.2,,102.4,96.4,103.7,104.075,100.875,102.2,97.4
2025-10-14T11:57:31.127109+02:00,103.5,99.2,100.225,96.175,,102.4,96.375,103.7,104.075,100.875,102.2,97.375
2025-10-14T12:29:35.112587+02:00,103.5,99.225,100.25,96.225,,102.4,96.425,103.7,104.075,100.9,102.225,97.425
2025-10-14T12:47:10.338604+02:00,103.5,99.225,100.25,96.225,,102.4,96.4,103.7,104.075,100.9,102.225,97.425
2025-10-14T13:20:02.907356+02:00,103.5,99.2,100.225,96.175,,102.4,96.375,103.7,104.075,100.875,102.2,97.375
2025-10-14T13:39:51.248079+02:00,103.5,99.175,100.2,96.175,,102.4,96.375,103.7,104.075,100.85,102.175,97.375
2025-10-14T13:53:27.611509+02:00,103.5,99.175,100.2,96.175,,102.4,96.375,103.7,104.075,100.85,102.175,97.375
2025-10-14T14:54:18.757266+02:00,103.5,99.2,100.225,96.2,,102.4,96.4,103.7,104.075,100.875,102.2,97.4
2025-10-14T15:34:38.108045+02:00,103.5,99.175,100.2,96.15,,102.4,96.375,103.7,104.075,100.85,102.175,97.35
2025-10-14T15:54:13.637127+02:00,103.5,99.2,100.225,96.2,,102.4,96.4,103.7,104.075,100.875,102.2,97.4
2025-10-14T16:26:37.036731+02:00,103.5,99.175,100.2,96.15,,102.4,96.375,103.7,104.075,100.85,102.175,97.35
2025-10-14T16:47:02.774851+02:00,103.5,99.15,100.175,96.125,,102.4,96.35,103.7,104.075,100.825,102.15,97.325
2025-10-14T17:27:49.899775+02:00,103.5,99.15,100.175,96.125,,102.4,96.35,103.7,104.075,100.825,102.15,97.325
2025-10-14T17:43:06.838049+02:00,103.5,99.15,100.175,96.125,,102.4,96.35,103.7,104.075,100.825,102.15,97.325
2025-10-14T17:55:49.548707+02:00,103.5,99.15,100.175,96.125,,102.4,96.35,103.7,104.075,100.825,102.15,97.325
2025-10-14T18:32:14.621165+02:00,103.5,99.15,100.175,96.125,,102.4,96.35,103.7,104.075,100.825,102.15,97.325
2025-10-14T18:54:51.341941+02:00,103.5,99.15,100.175,96.125,,102.4,96.35,103.7,104.075,100.825,102.15,97.325
2025-10-15T08:36:20.939412+02:00,103.5,99.15,100.175,96.125,,102.4,96.35,103.7,104.075,100.825,102.15,97.325
2025-10-15T08:56:17.615941+02:00,103.5,99.15,100.175,96.125,,102.4,96.35,103.7,104.075,100.825,102.15,97.325
2025-10-15T09:26:30.247907+02:00,103.5,99.25,100.275,96.225,,102.4,96.425,103.7,104.075,100.925,102.25,97.425
2025-10-15T09:42:50.367969+02:00,103.5,99.275,100.3,96.175,,102.4,96.45,103.7,104.075,100.95,102.275,97.375
2025-10-15T09:55:28.605284+02:00,103.5,99.25,100.275,96.15,,102.4,96.425,103.7,104.075,100.925,102.25,97.35
2025-10-15T10:34:55.149925+02:00,103.5,99.2,100.225,96.125,,102.4,96.425,103.6,104.075,100.875,102.2,97.325
2025-10-15T10:57:47.491494+02:00,103.5,99.2,100.225,96.125,,102.4,96.425,103.6,104.075,100.875,102.2,97.325
2025-10-15T11:29:34.301588+02:00,103.5,99.2,100.225,96.125,,102.4,96.425,103.6,104.075,100.875,102.2,97.325
2025-10-15T11:46:36.002839+02:00,103.5,99.2,100.225,96.125,,102.4,96.475,103.6,104.075,100.875,102.2,97.325
2025-10-15T12:28:07.985897+02:00,103.5,99.2,100.225,96.15,,102.4,96.475,103.6,104.075,100.875,102.2,97.35
2025-10-15T12:47:36.705029+02:00,103.5,99.225,100.25,96.15,,102.4,96.5,103.6,104.075,100.9,102.225,97.35
2025-10-15T13:21:00.233203+02:00,103.5,99.225,100.25,96.175,,102.4,96.5,103.6,104.075,100.9,102.225,97.375
2025-10-15T13:40:21.083666+02:00,103.5,99.225,100.25,96.175,,102.4,96.5,103.6,104.075,100.9,102.225,97.375
2025-10-15T13:53:20.334861+02:00,103.5,99.225,100.25,96.175,,102.4,96.5,103.6,104.075,100.9,102.225,97.375
2025-10-15T14:53:55.592134+02:00,103.5,99.2,100.225,96.175,,102.4,96.5,103.6,104.075,100.875,102.2,97.35
2025-10-15T15:36:20.383686+02:00,103.5,99.2,100.225,96.175,,102.4,96.5,103.6,104.075,100.875,102.2,97.375
2025-10-15T15:54:40.912935+02:00,103.5,99.275,100.3,96.25,,102.4,96.525,103.6,104.075,100.95,102.275,97.45
2025-10-15T16:26:25.362924+02:00,103.5,99.25,100.275,96.275,,102.4,96.625,103.6,104.075,100.925,102.25,97.475
2025-10-15T16:47:33.393272+02:00,103.5,99.25,100.275,96.275,,102.4,96.625,103.6,104.075,100.925,102.25,97.475
2025-10-15T17:24:23.523069+02:00,103.5,99.275,100.3,96.3,,102.4,96.625,103.6,104.075,100.95,102.275,97.5
2025-10-15T17:42:55.200985+02:00,103.5,99.275,100.3,96.3,,102.4,96.625,103.6,104.075,100.95,102.275,97.5
2025-10-15T17:56:05.068775+02:00,103.5,99.275,100.3,96.3,,102.4,96.625,103.6,104.075,100.95,102.275,97.5
2025-10-15T18:29:49.418465+02:00,103.5,99.275,100.3,96.3,,102.4,96.625,103.6,104.075,100.95,102.275,97.5
2025-10-15T18:48:35.904320+02:00,103.5,99.275,100.3,96.3,,102.4,96.625,103.6,104.075,100.95,102.275,97.5
2025-10-16T08:36:25.868767+02:00,104.032,99.275,100.3,96.3,,102.4,96.625,103.6,104.075,100.95,102.275,97.5
2025-10-16T08:55:57.126398+02:00,104.032,99.275,100.3,96.3,,102.4,96.625,103.6,104.075,100.95,102.275,97.5
2025-10-16T09:25:54.785234+02:00,104.032,99.25,100.275,96.275,,102.4,96.625,103.6,104.425,100.925,102.25,97.475
2025-10-16T09:42:01.842376+02:00,104.032,99.25,100.275,96.275,,102.4,96.625,103.6,104.425,100.925,102.25,97.475
2025-10-16T09:54:47.548264+02:00,104.032,99.275,100.3,96.325,,102.4,96.625,103.6,104.425,100.95,102.275,97.525
2025-10-16T10:34:37.340531+02:00,104.032,99.325,100.35,96.4,,102.4,96.625,103.6,104.425,101.0,102.325,97.6
2025-10-16T10:57:48.534936+02:00,104.032,99.325,100.35,96.425,,102.4,96.65,103.6,104.425,101.0,102.325,97.625
2025-10-16T11:30:23.437552+02:00,104.032,99.325,100.35,96.425,,102.4,96.625,103.6,104.425,101.0,102.325,97.625
2025-10-16T11:46:48.596618+02:00,104.032,99.425,100.35,96.425,,102.4,96.625,103.6,104.425,101.0,102.325,97.625
2025-10-16T12:28:06.181272+02:00,104.032,99.425,100.35,96.425,,102.4,96.625,103.6,104.425,101.0,102.325,97.625
2025-10-16T12:46:43.093408+02:00,104.032,99.425,100.35,96.425,,102.4,96.625,103.6,104.425,101.0,102.325,97.625
2025-10-16T13:21:16.127423+02:00,104.032,99.425,100.35,96.45,,102.4,96.625,103.6,104.425,101.0,102.325,97.65
2025-10-16T13:40:17.141069+02:00,104.032,99.4,100.325,96.4,,102.4,96.6,103.6,104.425,100.975,102.3,97.6
2025-10-16T13:53:32.683879+02:00,104.032,99.4,100.325,96.475,,102.4,96.7,103.6,104.425,100.975,102.3,97.675
2025-10-16T14:53:39.505700+02:00,104.032,99.45,100.375,96.55,,102.4,96.75,103.6,104.425,101.025,102.35,97.75
2025-10-16T15:36:03.334109+02:00,104.032,99.325,100.25,96.5,,102.4,96.7,103.6,104.425,100.9,102.225,97.7
2025-10-16T15:54:47.672961+02:00,104.032,99.35,100.275,96.5,,102.4,96.725,103.6,104.425,100.925,102.25,97.7
2025-10-16T16:25:46.079533+02:00,104.032,99.35,100.275,96.5,,102.4,96.725,103.6,104.425,100.925,102.25,97.7
2025-10-16T16:46:48.826333+02:00,104.032,99.325,100.25,96.5,,102.4,96.7,103.6,104.425,100.9,102.225,97.7
2025-10-16T17:26:50.705780+02:00,104.032,99.35,100.275,96.5,,102.4,96.725,103.6,104.425,100.925,102.25,97.7
2025-10-16T17:44:29.495262+02:00,104.032,99.35,100.275,96.5,,102.4,96.725,103.6,104.425,100.925,102.25,97.7
2025-10-16T17:57:13.856514+02:00,104.032,99.35,100.275,96.5,,102.4,96.725,103.6,104.425,100.925,102.25,97.7
2025-10-16T18:34:03.090833+02:00,104.032,99.35,100.275,96.5,,102.4,96.725,103.6,104.425,100.925,102.25,97.7
2025-10-16T18:56:22.796207+02:00,104.032,99.35,100.275,96.5,,102.4,96.725,103.6,104.425,100.925,102.25,97.7
2025-10-17T08:35:41.787964+02:00,104.032,99.35,100.275,96.5,,102.4,96.725,103.6,104.425,100.925,102.25,97.7
2025-10-17T08:55:40.507827+02:00,104.032,99.35,100.275,96.5,,102.4,96.725,103.6,104.425,100.925,102.25,97.7
2025-10-17T09:24:09.801677+02:00,104.032,99.425,100.35,96.6,,102.4,96.825,103.6,104.425,101.0,102.325,97.8
2025-10-17T09:40:52.207917+02:00,104.032,99.375,100.3,96.5,,102.4,96.825,103.6,104.425,100.95,102.275,97.7
2025-10-17T09:53:41.337619+02:00,104.032,99.325,100.25,96.45,,102.4,96.8,103.6,104.425,100.9,102.225,97.65
2025-10-17T10:33:05.110040+02:00,104.032,99.3,100.225,96.45,,102.4,96.775,103.6,104.425,100.875,102.2,97.65
2025-10-17T10:55:50.928443+02:00,104.032,99.3,100.225,96.475,,102.4,96.8,103.6,104.425,100.875,102.2,97.675
2025-10-17T11:27:41.225394+02:00,104.032,99.3,100.225,96.475,,102.4,96.8,103.6,104.425,100.875,102.2,97.675
2025-10-17T11:43:24.837967+02:00,104.032,99.275,100.2,96.45,,102.4,96.775,103.6,104.425,100.85,102.175,97.65
2025-10-17T11:56:04.558251+02:00,104.032,99.325,100.225,96.45,,102.4,96.8,103.6,104.425,100.875,102.2,97.65
2025-10-17T12:27:54.990014+02:00,104.032,99.3,100.2,96.425,,102.4,96.8,103.6,104.425,100.85,102.175,97.625
2025-10-17T12:44:46.025642+02:00,104.032,99.325,100.225,96.45,,102.4,96.825,103.6,104.425,100.875,102.2,97.65
2025-10-17T12:57:20.440207+02:00,104.032,99.275,100.175,96.4,,102.4,96.775,103.6,104.425,100.825,102.15,97.6
2025-10-17T13:21:51.352292+02:00,104.032,99.225,100.125,96.35,,102.4,96.725,103.6,104.425,100.775,102.1,97.55
2025-10-17T13:40:16.488102+02:00,104.032,99.225,100.125,96.325,,102.4,96.725,103.6,104.425,100.775,102.1,97.525
2025-10-17T13:53:16.122770+02:00,104.032,99.225,100.125,96.35,,102.4,96.725,103.6,104.425,100.775,102.1,97.55
2025-10-17T14:52:20.612203+02:00,104.032,99.2,100.1,96.325,,102.4,96.725,103.6,104.425,100.75,102.075,97.525
2025-10-17T15:32:28.451217+02:00,104.032,99.225,100.125,96.325,,102.4,96.725,103.6,104.425,100.775,102.1,97.525
2025-10-17T15:53:13.390874+02:00,104.032,99.2,100.1,96.3,,102.4,96.725,103.6,104.425,100.75,102.075,97.5
2025-10-17T16:24:39.933230+02:00,104.032,99.15,100.05,96.25,,102.4,96.7,103.6,104.425,100.7,102.025,97.45
2025-10-17T16:44:23.839602+02:00,104.032,99.125,100.025,96.25,,102.4,96.7,103.6,104.425,100.675,102.0,97.45
2025-10-17T16:57:20.136147+02:00,104.032,99.15,100.05,96.25,,102.4,96.7,103.6,104.425,100.7,102.025,97.475
2025-10-17T17:26:47.252608+02:00,104.032,99.175,100.075,96.275,,102.4,96.725,103.6,104.425,100.725,102.175,97.475
2025-10-17T17:43:34.759135+02:00,104.032,99.175,100.075,96.3,,102.4,96.725,103.6,104.425,100.725,102.175,97.5
2025-10-17T17:56:30.390743+02:00,104.032,99.175,100.075,96.3,,102.4,96.725,103.6,104.425,100.725,102.175,97.5
2025-10-17T18:32:01.640044+02:00,104.032,99.175,100.075,96.3,,102.4,96.725,103.6,104.425,100.725,102.175,97.5
2025-10-17T18:54:34.568348+02:00,104.032,99.175,100.075,96.3,,102.4,96.725,103.6,104.425,100.725,102.175,97.5
2025-10-20T08:37:53.326513+02:00,104.032,99.175,100.075,96.534,,102.4,96.725,103.6,104.2,100.725,102.175,97.5
2025-10-20T08:56:54.249992+02:00,104.032,99.175,100.075,96.534,,102.4,96.725,103.6,104.2,100.725,102.175,97.5
2025-10-20T09:27:06.176427+02:00,104.032,99.175,100.075,96.25,,102.4,96.7,103.6,104.2,100.725,102.175,97.425
2025-10-20T09:42:03.692894+02:00,104.032,99.175,100.075,96.25,,102.4,96.7,103.6,104.2,100.725,102.175,97.45
2025-10-20T09:54:55.153688+02:00,104.032,99.175,100.075,96.275,,102.4,96.7,103.6,104.2,100.725,102.175,97.475
2025-10-20T10:33:40.062661+02:00,104.032,99.2,100.1,96.275,,102.4,96.7,103.6,104.2,100.75,102.2,97.475
2025-10-20T10:56:02.736613+02:00,104.032,99.175,100.075,96.275,,102.4,96.675,103.55,104.2,100.725,102.175,97.475
2025-10-20T11:29:32.782335+02:00,104.032,99.225,100.125,96.25,,102.4,96.7,103.55,104.2,100.75,102.2,97.5
2025-10-20T11:46:11.332392+02:00,104.032,99.225,100.125,96.25,,102.4,96.7,103.55,104.2,100.75,102.2,97.5
2025-10-20T12:27:55.643581+02:00,104.032,99.225,100.125,96.25,,102.4,96.7,103.55,104.2,100.75,102.2,97.5
2025-10-20T12:47:20.607453+02:00,104.032,99.225,100.125,96.25,,102.4,96.7,103.55,104.2,100.75,102.2,97.5
2025-10-20T13:21:52.614706+02:00,104.032,99.225,100.125,96.25,,102.4,96.7,103.55,104.2,100.75,102.2,97.5
2025-10-20T13:39:47.603893+02:00,104.032,99.225,100.125,96.25,,102.4,96.7,103.55,104.2,100.75,102.2,97.5
2025-10-20T13:53:30.041810+02:00,104.032,99.225,100.125,96.25,,102.4,96.7,103.55,104.2,100.75,102.2,97.5
2025-10-20T14:53:10.755252+02:00,104.032,99.225,100.125,96.25,,102.4,96.7,103.55,104.2,100.75,102.2,97.5
2025-10-20T15:34:14.482289+02:00,104.032,99.225,100.125,96.25,,102.4,96.7,103.55,104.2,100.75,102.2,97.5
2025-10-20T15:53:19.848393+02:00,104.032,99.225,100.125,96.25,,102.4,96.7,103.55,104.2,100.75,102.2,97.5
2025-10-20T16:24:41.384120+02:00,104.032,99.225,100.125,96.25,,102.4,96.7,103.55,104.2,100.75,102.2,97.5
2025-10-20T16:45:05.992037+02:00,104.032,99.225,100.125,96.25,,102.4,96.7,103.55,104.2,100.75,102.2,97.5
2025-10-20T16:57:50.624900+02:00,104.032,99.225,100.125,96.25,,102.4,96.7,103.55,104.2,100.75,102.2,97.5
2025-10-20T17:27:58.940023+02:00,104.032,99.225,100.125,96.25,,102.4,96.7,103.55,104.2,100.75,102.2,97.5
2025-10-20T17:43:55.711880+02:00,104.032,99.225,100.125,96.25,,102.4,96.7,103.55,104.2,100.75,102.2,97.5
2025-10-20T17:56:28.271127+02:00,104.032,99.225,100.125,96.25,,102.4,96.7,103.55,104.2,100.75,102.2,97.5
2025-10-20T18:33:12.245154+02:00,104.032,99.225,100.125,96.25,,102.4,96.7,103.55,104.2,100.75,102.2,97.5
2025-10-20T18:55:06.641128+02:00,104.032,99.225,100.125,96.25,,102.4,96.7,103.55,104.2,100.75,102.2,97.5
2025-10-21T08:37:06.668743+02:00,104.032,99.225,100.125,96.25,,102.4,96.7,103.55,104.2,100.75,102.2,97.5
2025-10-21T08:56:26.965544+02:00,104.032,99.225,100.125,96.25,,102.4,96.7,103.55,104.2,100.75,102.2,97.5
2025-10-21T09:26:13.616611+02:00,104.032,99.3,100.2,96.3,,102.4,96.75,103.55,104.2,100.825,102.275,97.6
2025-10-21T09:42:03.433644+02:00,104.032,99.3,100.2,96.25,,102.4,96.725,103.55,104.2,100.825,102.275,97.55
2025-10-21T09:54:40.445100+02:00,104.032,99.3,100.2,96.25,,102.4,96.725,103.55,104.2,100.825,102.275,97.55
2025-10-21T10:35:07.479205+02:00,104.032,99.3,100.2,96.275,,102.4,96.75,103.55,104.2,100.825,102.275,97.575
2025-10-21T10:57:38.085553+02:00,104.032,99.3,100.2,96.25,,102.4,96.725,103.55,104.2,100.825,102.275,97.55
2025-10-21T11:30:07.189944+02:00,104.032,99.3,100.2,96.25,,102.4,96.725,103.55,104.2,100.825,102.275,97.55
2025-10-21T11:46:51.278217+02:00,104.032,99.275,100.175,96.225,,102.4,96.725,103.55,104.2,100.8,102.25,97.55
2025-10-21T12:27:13.299907+02:00,104.032,99.275,100.175,96.225,,102.4,96.725,103.55,104.2,100.8,102.25,97.525
2025-10-21T12:46:14.415377+02:00,104.032,99.275,100.175,96.225,,102.4,96.7,103.55,104.2,100.8,102.25,97.525
2025-10-21T13:25:00.660044+02:00,104.032,99.275,100.175,96.225,,102.4,96.725,103.55,104.2,100.8,102.25,97.525
2025-10-21T13:40:21.634458+02:00,104.032,99.275,100.175,96.225,,102.4,96.725,103.55,104.2,100.8,102.25,97.525
2025-10-21T13:53:33.240212+02:00,104.032,99.3,100.2,96.225,,102.4,96.725,103.55,104.2,100.825,102.275,97.525
2025-10-21T14:54:46.179405+02:00,104.032,99.3,100.2,96.25,,102.4,96.75,103.525,104.2,100.825,102.275,97.55
2025-10-21T15:38:02.502172+02:00,104.032,99.325,100.225,96.3,,102.4,96.775,103.525,104.2,100.85,102.3,97.6
2025-10-21T15:56:56.080312+02:00,104.032,99.35,100.25,96.3,,102.4,96.775,103.525,104.2,100.875,102.325,97.6
2025-10-21T16:25:55.668611+02:00,104.032,99.35,100.25,96.325,,102.4,96.8,103.525,104.2,100.875,102.325,97.625
2025-10-21T16:45:33.666932+02:00,104.032,99.325,100.225,96.3,,102.4,96.775,103.525,104.2,100.85,102.3,97.6
2025-10-21T16:58:06.387731+02:00,104.032,99.325,100.225,96.3,,102.4,96.775,103.525,104.2,100.85,102.3,97.6
2025-10-21T17:27:21.451842+02:00,104.032,99.35,100.25,96.3,,102.4,96.775,103.525,104.2,100.875,102.325,97.6
2025-10-21T17:44:50.079199+02:00,104.032,99.35,100.25,96.3,,102.4,96.775,103.525,104.2,100.875,102.325,97.6
2025-10-21T17:57:47.607171+02:00,104.032,99.35,100.25,96.3,,102.4,96.775,103.525,104.2,100.875,102.325,97.6
2025-10-21T18:33:47.418636+02:00,104.032,99.35,100.25,96.3,,102.4,96.775,103.525,104.2,100.875,102.325,97.6
2025-10-21T18:55:14.190961+02:00,104.032,99.35,100.25,96.3,,102.4,96.775,103.525,104.2,100.875,102.325,97.6
2025-10-22T08:37:43.122016+02:00,104.032,99.35,100.25,96.3,,102.4,96.775,103.525,104.2,100.875,102.325,97.6
2025-10-22T08:57:46.569156+02:00,104.032,99.35,100.25,96.3,,102.4,96.775,103.525,104.2,100.875,102.325,97.6
2025-10-22T09:26:34.671284+02:00,104.032,99.35,100.25,96.325,,102.4,96.8,103.525,104.2,100.875,102.325,97.625
2025-10-22T09:42:45.256503+02:00,104.032,99.35,100.25,96.325,,102.4,96.8,103.525,104.2,100.875,102.325,97.625
2025-10-22T09:55:23.667857+02:00,104.032,99.375,100.275,96.325,,102.4,96.8,103.525,104.2,100.9,102.35,97.625
2025-10-22T10:35:46.095471+02:00,104.032,99.375,100.275,96.275,,102.4,96.8,103.525,104.2,100.9,102.35,97.575
2025-10-22T10:58:39.654983+02:00,104.032,99.375,100.275,96.25,,102.4,96.8,103.525,104.2,100.9,102.35,97.55
2025-10-22T11:32:40.830770+02:00,104.032,99.375,100.275,96.275,,102.4,96.8,103.525,104.2,100.9,102.35,97.575
2025-10-22T11:53:38.662672+02:00,104.032,99.375,100.275,96.275,,102.4,96.8,103.525,104.2,100.9,102.35,97.575
2025-10-22T12:28:35.860363+02:00,104.032,99.375,100.275,96.275,,102.4,96.8,103.525,104.2,100.9,102.35,97.575
2025-10-22T12:48:32.117177+02:00,104.032,99.375,100.275,96.275,,102.4,96.8,103.525,104.2,100.9,102.35,97.575
2025-10-22T13:22:23.505564+02:00,104.032,99.375,100.275,96.275,,102.4,96.8,103.525,104.2,100.9,102.35,97.575
2025-10-22T13:41:27.940197+02:00,104.032,99.375,100.275,96.275,,102.4,96.8,103.525,104.2,100.9,102.35,97.575
2025-10-22T13:54:21.362002+02:00,104.032,99.375,100.275,96.275,,102.4,96.8,103.525,104.2,100.9,102.35,97.575
2025-10-22T14:55:19.629934+02:00,104.032,99.325,100.225,96.225,,102.4,96.775,103.525,104.2,100.85,102.3,97.5
2025-10-22T15:37:10.597432+02:00,104.032,99.45,100.2,96.225,,102.4,96.75,103.525,104.2,100.825,102.275,97.475
2025-10-22T15:56:42.108934+02:00,104.032,99.45,100.2,96.2,,102.4,96.75,103.525,104.2,100.825,102.275,97.475
2025-10-22T16:30:31.580323+02:00,104.032,99.425,100.175,96.2,,102.4,96.75,103.525,104.2,100.825,102.275,97.475
2025-10-22T16:52:02.910810+02:00,104.032,99.425,100.175,96.175,,102.4,96.725,103.525,104.2,100.8,102.25,97.45
2025-10-22T17:26:51.140399+02:00,104.032,99.425,100.175,96.175,,102.4,96.725,103.525,104.2,100.8,102.25,97.45
2025-10-22T17:43:27.746346+02:00,104.032,99.425,100.175,96.175,,102.4,96.725,103.525,104.2,100.8,102.25,97.45
2025-10-22T17:56:42.320473+02:00,104.032,99.425,100.175,96.175,,102.4,96.725,103.525,104.2,100.8,102.25,97.45
2025-10-22T18:35:39.547308+02:00,104.032,99.425,100.175,96.175,,102.4,96.725,103.525,104.2,100.8,102.25,97.45
2025-10-22T18:57:52.034640+02:00,104.032,99.425,100.175,96.175,,102.4,96.725,103.525,104.2,100.8,102.25,97.45
2025-10-23T08:36:58.525091+02:00,104.032,99.425,100.175,96.175,,102.4,96.725,103.525,104.2,100.8,102.25,97.45
2025-10-23T08:56:57.051759+02:00,104.032,99.425,100.175,96.175,,102.4,96.725,103.525,104.2,100.8,102.25,97.45
2025-10-23T09:26:20.393431+02:00,104.032,99.375,100.125,96.125,,102.4,96.725,103.5,104.2,100.75,102.2,97.4
2025-10-23T09:41:36.671793+02:00,104.032,99.375,100.125,96.1,,102.4,96.725,103.5,104.2,100.75,102.2,97.375
2025-10-23T10:05:12.004662+02:00,104.032,99.375,100.125,96.1,,102.4,96.7,103.5,104.2,100.75,102.2,97.375
2025-10-23T10:34:37.997345+02:00,104.032,99.375,100.125,96.1,,102.4,96.7,103.5,104.2,100.75,102.2,97.375
2025-10-23T10:57:19.327366+02:00,104.032,99.375,100.125,96.1,,102.4,96.7,103.5,104.2,100.75,102.2,97.375
2025-10-23T11:29:49.322692+02:00,104.032,99.35,100.1,96.1,,102.4,96.7,103.5,104.2,100.725,102.175,97.375
2025-10-23T11:46:19.991648+02:00,104.032,99.35,100.1,96.125,,102.4,96.7,103.5,104.2,100.725,102.175,97.4
2025-10-23T12:27:46.291684+02:00,104.032,99.375,100.125,96.15,,102.4,96.7,103.5,104.2,100.75,102.2,97.425
2025-10-23T12:45:54.118869+02:00,104.032,99.4,100.15,96.175,,102.4,96.7,103.5,104.2,100.775,102.225,97.45
2025-10-23T13:21:02.662965+02:00,104.032,99.4,100.15,96.2,,102.4,96.725,103.5,104.2,100.775,102.225,97.475
2025-10-23T13:40:49.371700+02:00,104.032,99.375,100.125,96.175,,102.4,96.7,103.45,104.2,100.75,102.2,97.45
2025-10-23T13:53:51.992122+02:00,104.032,99.375,100.125,96.175,,102.4,96.7,103.45,104.2,100.75,102.2,97.45
2025-10-23T14:54:31.345302+02:00,104.032,99.375,100.125,96.2,,102.4,96.7,103.45,104.2,100.75,102.2,97.475
2025-10-23T15:36:10.281386+02:00,104.032,99.375,100.125,96.2,,102.4,96.7,103.45,104.2,100.75,102.2,97.475
2025-10-23T15:55:31.085006+02:00,104.032,99.375,100.125,96.2,,102.4,96.7,103.45,104.2,100.75,102.2,97.475
2025-10-23T16:26:50.650615+02:00,104.032,99.375,100.125,96.225,,102.4,96.725,103.45,104.2,100.75,102.2,97.5
2025-10-23T16:47:45.548750+02:00,104.032,99.375,100.125,96.225,,102.4,96.7,103.45,104.2,100.75,102.2,97.5
2025-10-23T17:26:35.876232+02:00,104.032,99.375,100.125,96.2,,102.4,96.7,103.45,104.2,100.75,102.2,97.475
2025-10-23T17:42:26.769287+02:00,104.032,99.375,100.125,96.2,,102.4,96.7,103.45,104.2,100.75,102.2,97.475
2025-10-23T17:55:37.787018+02:00,104.032,99.375,100.125,96.2,,102.4,96.7,103.45,104.2,100.75,102.2,97.475
2025-10-23T18:31:53.330875+02:00,104.032,99.375,100.125,96.2,,102.4,96.7,103.45,104.2,100.75,102.2,97.475
2025-10-23T18:56:11.541878+02:00,104.032,99.375,100.125,96.2,,102.4,96.7,103.45,104.2,100.75,102.2,97.475
2025-10-24T08:35:49.531650+02:00,104.032,99.375,100.125,96.2,,102.4,96.7,103.45,104.33,100.75,102.2,97.475
2025-10-24T08:55:47.858155+02:00,104.032,99.375,100.125,96.2,,102.4,96.7,103.45,104.33,100.75,102.2,97.475
2025-10-24T09:24:06.824327+02:00,104.032,99.375,100.125,96.2,,102.4,96.7,103.45,104.33,100.75,102.2,97.475
2025-10-24T09:41:03.798045+02:00,104.032,99.4,100.15,96.225,,102.4,96.725,103.45,104.33,100.775,102.225,97.5
2025-10-24T09:53:59.552543+02:00,104.032,99.3,100.05,96.1,,102.4,96.625,103.45,104.33,100.675,102.125,97.375
2025-10-24T10:33:04.172028+02:00,104.032,99.275,100.025,96.05,,102.4,96.6,103.45,104.33,100.65,102.1,97.325
2025-10-24T10:56:28.270276+02:00,104.032,99.25,100.0,96.025,,102.4,96.6,103.45,104.33,100.625,102.075,97.3
2025-10-24T11:28:31.123299+02:00,104.032,99.25,100.0,96.05,,102.4,96.6,103.45,104.33,100.625,102.075,97.325
2025-10-24T11:44:12.270577+02:00,104.032,99.25,100.0,96.05,,102.4,96.6,103.45,104.33,100.625,102.075,97.325
2025-10-24T11:57:14.794854+02:00,104.032,99.275,100.025,96.1,,102.4,96.6,103.425,104.33,100.65,102.1,97.375
2025-10-24T12:30:57.323328+02:00,104.032,99.275,100.025,96.1,,102.4,96.6,103.425,104.33,100.65,102.1,97.375
2025-10-24T12:53:34.080045+02:00,104.032,99.25,100.0,96.075,,102.4,96.6,103.425,104.33,100.625,102.075,97.35
2025-10-24T13:21:55.435754+02:00,104.032,99.25,100.0,96.075,,102.4,96.6,103.425,104.33,100.625,102.075,97.35
2025-10-24T13:40:38.357010+02:00,104.032,99.25,100.0,96.075,,102.4,96.6,103.425,104.33,100.625,102.075,97.35
2025-10-24T13:53:30.590091+02:00,104.032,99.25,100.0,96.075,,102.4,96.6,103.425,104.33,100.625,102.075,97.35
2025-10-24T14:53:53.973358+02:00,104.032,99.325,100.075,96.1,,102.4,96.625,103.425,104.33,100.7,102.15,97.375
2025-10-24T15:35:47.170525+02:00,104.032,99.3,100.05,96.125,,102.4,96.6,103.425,104.33,100.675,102.125,97.4
2025-10-24T15:53:33.225837+02:00,104.032,99.275,100.025,96.1,,102.4,96.575,103.425,104.33,100.65,102.1,97.375
2025-10-24T16:26:04.015592+02:00,104.032,99.275,100.025,96.075,,102.4,96.575,103.4,104.33,100.65,102.1,97.35
2025-10-24T16:46:52.061555+02:00,104.032,99.275,100.025,96.075,,102.4,96.575,103.4,104.33,100.65,102.1,97.35
2025-10-24T17:26:48.584290+02:00,104.032,99.25,100.0,96.075,,102.4,96.55,103.4,104.33,100.625,102.075,97.35
2025-10-24T17:44:41.994081+02:00,104.032,99.25,100.0,96.075,,102.4,96.55,103.4,104.33,100.625,102.075,97.35
2025-10-24T17:57:18.152293+02:00,104.032,99.25,100.0,96.075,,102.4,96.55,103.4,104.33,100.625,102.075,97.35
2025-10-24T18:33:44.631772+02:00,104.032,99.25,100.0,96.075,,102.4,96.55,103.4,104.33,100.625,102.075,97.35
2025-10-24T18:56:00.082719+02:00,104.032,99.25,100.0,96.075,,102.4,96.55,103.4,104.33,100.625,102.075,97.35
2025-10-27T07:40:24.169994+01:00,104.032,99.25,100.0,96.243,,102.4,96.55,103.4,104.33,100.625,102.075,97.35
2025-10-27T07:59:18.910864+01:00,104.032,99.25,100.0,96.243,,102.4,96.55,103.4,104.33,100.625,102.075,97.35
2025-10-27T08:27:37.727605+01:00,104.032,99.25,100.0,96.243,,102.4,96.55,103.4,104.33,100.625,102.075,97.35
2025-10-27T08:42:42.328363+01:00,104.032,99.25,100.0,96.243,,102.4,96.55,103.4,104.33,100.625,102.075,97.35
2025-10-27T08:55:35.189333+01:00,104.032,99.25,100.0,96.243,,102.4,96.55,103.4,104.33,100.625,102.075,97.35
2025-10-27T09:34:46.087647+01:00,104.032,99.3,100.05,96.1,,102.4,96.55,103.4,104.33,100.675,102.125,97.375
2025-10-27T09:57:32.569745+01:00,104.032,99.3,100.05,96.075,,102.4,96.55,103.4,104.33,100.675,102.125,97.35
2025-10-27T10:32:30.991999+01:00,104.032,99.4,100.15,96.175,,102.4,96.575,103.4,104.33,100.775,102.225,97.45
2025-10-27T10:53:36.602406+01:00,104.032,99.4,100.15,96.175,,102.4,96.575,103.4,104.33,100.775,102.225,97.45
2025-10-27T11:29:48.362640+01:00,104.032,99.375,100.125,96.15,,102.4,96.55,103.4,104.33,100.75,102.2,97.425
2025-10-27T11:48:54.177597+01:00,104.032,99.375,100.125,96.15,,102.4,96.55,103.4,104.33,100.75,102.2,97.425
2025-10-27T12:21:57.425368+01:00,104.032,99.375,100.125,96.175,,102.4,96.55,103.4,104.33,100.75,102.2,97.45
2025-10-27T12:41:07.833303+01:00,104.032,99.375,100.125,96.175,,102.4,96.55,103.4,104.33,100.75,102.2,97.45
2025-10-27T12:54:03.975102+01:00,104.032,99.4,100.15,96.2,,102.4,96.575,103.4,104.33,100.775,102.225,97.475
2025-10-27T13:54:18.071919+01:00,104.032,99.4,100.15,96.2,,102.4,96.575,103.4,104.33,100.775,102.225,97.475
2025-10-27T14:36:42.191084+01:00,104.032,99.425,100.175,96.25,,102.4,96.6,103.35,104.33,100.8,102.25,97.525
2025-10-27T14:56:05.140164+01:00,104.032,99.4,100.15,96.225,,102.4,96.575,103.35,104.33,100.775,102.225,97.5
2025-10-27T15:28:00.444794+01:00,104.032,99.4,100.15,96.225,,102.4,96.575,103.35,104.33,100.775,102.225,97.5
2025-10-27T15:44:37.483678+01:00,104.032,99.425,100.175,96.225,,102.4,96.6,103.35,104.33,100.8,102.25,97.5
2025-10-27T15:57:43.374561+01:00,104.032,99.425,100.175,96.225,,102.4,96.6,103.35,104.33,100.8,102.25,97.5
2025-10-27T16:28:32.253379+01:00,104.032,99.4,100.15,96.2,,102.4,96.575,103.35,104.33,100.775,102.225,97.475
2025-10-27T16:44:40.566743+01:00,104.032,99.4,100.15,96.225,,102.4,96.575,103.35,104.33,100.775,102.225,97.5
2025-10-27T16:57:18.056700+01:00,104.032,99.4,100.15,96.225,,102.4,96.575,103.35,104.33,100.775,102.225,97.5
2025-10-27T17:35:35.648786+01:00,104.032,99.425,100.175,96.25,,102.4,96.6,103.35,104.33,100.8,102.25,97.525
2025-10-27T17:57:42.700956+01:00,104.032,99.425,100.175,96.25,,102.4,96.6,103.35,104.33,100.8,102.25,97.525
2025-10-28T07:38:43.492415+01:00,104.032,99.425,100.175,96.25,,102.4,96.6,103.35,104.33,100.8,102.25,97.525
2025-10-28T07:58:09.354994+01:00,104.032,99.425,100.175,96.25,,102.4,96.6,103.35,104.33,100.8,102.25,97.525
2025-10-28T08:27:06.660135+01:00,104.032,99.425,100.175,96.25,,102.4,96.6,103.35,104.33,100.8,102.25,97.525
2025-10-28T08:42:42.046055+01:00,104.032,99.425,100.175,96.25,,102.4,96.6,103.35,104.33,100.8,102.25,97.525
2025-10-28T08:55:37.695733+01:00,104.032,99.425,100.175,96.25,,102.4,96.6,103.35,104.33,100.8,102.25,97.525
2025-10-28T09:34:44.051153+01:00,104.032,99.475,100.225,96.3,,102.4,96.625,103.35,104.33,100.85,102.3,97.575
2025-10-28T09:57:28.625052+01:00,104.032,99.475,100.225,96.325,,102.4,96.625,103.35,104.33,100.85,102.3,97.6
2025-10-28T10:29:57.084832+01:00,104.032,99.475,100.225,96.325,,102.4,96.65,103.35,104.33,100.85,102.3,97.6
2025-10-28T10:46:39.096566+01:00,104.032,99.45,100.2,96.3,,102.4,96.625,103.35,104.33,100.825,102.275,97.575
2025-10-28T11:28:44.382023+01:00,104.032,99.425,100.175,96.275,,102.4,96.625,103.35,104.33,100.8,102.25,97.55
2025-10-28T11:48:41.523342+01:00,104.032,99.425,100.175,96.275,,102.4,96.625,103.35,104.33,100.8,102.25,97.55
2025-10-28T12:20:55.070955+01:00,104.032,99.425,100.175,96.275,,102.4,96.625,103.35,104.33,100.8,102.25,97.55
2025-10-28T12:40:03.265057+01:00,104.032,99.425,100.175,96.275,,102.4,96.625,103.35,104.33,100.8,102.25,97.55
2025-10-28T12:53:22.375130+01:00,104.032,99.425,100.175,96.25,,102.4,96.6,103.35,104.33,100.8,102.25,97.525
2025-10-28T13:53:13.488578+01:00,104.032,99.4,100.15,96.2,,102.4,96.6,103.35,104.33,100.775,102.225,97.5
2025-10-28T14:35:13.443774+01:00,104.032,99.4,100.15,96.15,,102.4,96.6,103.35,104.33,100.775,102.225,97.45
2025-10-28T14:55:13.408552+01:00,104.032,99.4,100.15,96.15,,102.4,96.6,103.35,104.33,100.775,102.225,97.45
2025-10-28T15:26:57.714633+01:00,104.032,99.4,100.15,96.15,,102.4,96.6,103.35,104.33,100.775,102.225,97.45
2025-10-28T15:48:31.505820+01:00,104.032,99.4,100.15,96.15,,102.4,96.6,103.35,104.33,100.775,102.225,97.45
2025-10-28T16:28:30.594676+01:00,104.032,99.425,100.175,96.15,,102.4,96.6,103.35,104.33,100.8,102.25,97.45
2025-10-28T16:47:11.031107+01:00,104.032,99.45,100.2,96.175,,102.4,96.625,103.35,104.33,100.825,102.275,97.475
2025-10-28T17:34:17.396656+01:00,104.032,99.425,100.175,96.15,,102.4,96.6,103.35,104.33,100.8,102.25,97.45
2025-10-28T17:58:25.643947+01:00,104.032,99.425,100.175,96.15,,102.4,96.6,103.35,104.33,100.8,102.25,97.45
2025-10-29T07:38:45.133747+01:00,104.032,99.425,100.175,96.15,,102.4,96.6,103.35,104.33,100.8,102.25,97.45
2025-10-29T07:58:15.077348+01:00,104.032,99.425,100.175,96.15,,102.4,96.6,103.35,104.33,100.8,102.25,97.45
2025-10-29T08:27:26.727316+01:00,104.032,99.425,100.175,96.15,,102.4,96.6,103.35,104.33,100.8,102.25,97.45
2025-10-29T08:43:42.419443+01:00,104.032,99.425,100.175,96.15,,102.4,96.6,103.35,104.33,100.8,102.25,97.45
2025-10-29T08:56:36.711757+01:00,104.032,99.425,100.175,96.15,,102.4,96.6,103.35,104.33,100.8,102.25,97.45
2025-10-29T09:36:43.309345+01:00,104.032,99.425,100.175,96.05,,102.4,96.6,103.35,104.33,100.8,102.25,97.35
2025-10-29T09:57:08.536494+01:00,104.032,99.325,100.175,96.0,,102.4,96.6,103.35,104.33,100.8,102.25,97.3
2025-10-29T10:28:54.719146+01:00,104.032,99.3,100.15,95.975,,102.4,96.575,103.35,104.33,100.775,102.225,97.275
2025-10-29T10:45:29.787041+01:00,104.032,99.3,100.15,96.025,,102.4,96.575,103.35,104.33,100.775,102.225,97.325
2025-10-29T11:28:20.735592+01:00,104.032,99.3,100.15,96.0,,102.4,96.575,103.35,104.33,100.775,102.225,97.3
2025-10-29T11:48:12.070739+01:00,104.032,99.3,100.15,96.025,,102.4,96.575,103.35,104.33,100.775,102.225,97.325
2025-10-29T12:22:08.725734+01:00,104.032,99.325,100.175,96.05,,102.4,96.6,103.35,104.33,100.8,102.25,97.35
2025-10-29T12:41:20.860623+01:00,104.032,99.3,100.15,96.05,,102.4,96.575,103.35,104.33,100.775,102.225,97.35
2025-10-29T12:54:13.139736+01:00,104.032,99.325,100.175,96.075,,102.4,96.6,103.35,104.33,100.8,102.25,97.375
2025-10-29T13:55:01.352120+01:00,104.032,99.325,100.175,96.175,,102.4,96.6,103.35,104.33,100.8,102.25,97.475
2025-10-29T14:37:09.091354+01:00,104.032,99.325,100.175,96.175,,102.4,96.6,103.35,104.33,100.8,102.25,97.475
2025-10-29T14:56:38.020711+01:00,104.032,99.325,100.175,96.175,,102.4,96.6,103.35,104.33,100.8,102.25,97.475
2025-10-29T15:29:37.075461+01:00,104.032,99.325,100.175,96.15,,102.4,96.6,103.35,104.33,100.8,102.25,97.45
2025-10-29T15:50:06.174043+01:00,104.032,99.325,100.175,96.15,,102.4,96.6,103.35,104.33,100.8,102.25,97.45
2025-10-29T16:29:03.104434+01:00,104.032,99.325,100.175,96.15,,102.4,96.6,103.35,104.33,100.8,102.25,97.45
2025-10-29T16:48:24.977637+01:00,104.032,99.3,100.15,96.15,,102.4,96.575,103.35,104.33,100.775,102.225,97.45
2025-10-29T17:34:30.927119+01:00,104.032,99.325,100.175,96.175,,102.4,96.6,103.35,104.33,100.8,102.25,97.475
2025-10-29T17:59:05.155253+01:00,104.032,99.325,100.175,96.175,,102.4,96.6,103.35,104.33,100.8,102.25,97.475
2025-10-30T07:36:46.128665+01:00,104.032,99.325,100.175,96.175,,102.4,96.6,103.35,104.33,100.8,102.25,97.475
2025-10-30T07:56:51.909206+01:00,104.032,99.325,100.175,96.175,,102.4,96.6,103.35,104.33,100.8,102.25,97.475
2025-10-30T08:25:33.871000+01:00,104.032,99.325,100.175,96.175,,102.4,96.6,103.35,104.33,100.8,102.25,97.475
2025-10-30T08:40:59.799304+01:00,104.032,99.325,100.175,96.175,,102.4,96.6,103.35,104.33,100.8,102.25,97.475
2025-10-30T08:54:01.588091+01:00,104.032,99.325,100.175,96.175,,102.4,96.6,103.35,104.33,100.8,102.25,97.475
2025-10-30T09:33:08.856732+01:00,104.032,99.3,100.15,96.1,,102.4,96.55,103.35,104.33,100.775,102.225,97.4
2025-10-30T09:56:53.223790+01:00,104.032,99.35,100.2,96.1,,102.4,96.55,103.35,104.33,100.825,102.275,97.4
2025-10-30T10:29:16.378427+01:00,104.032,99.325,100.175,96.075,,102.4,96.525,103.35,104.33,100.8,102.25,97.375
2025-10-30T10:46:48.763511+01:00,104.032,99.325,100.175,96.075,,102.4,96.525,103.35,104.33,100.8,102.25,97.375
2025-10-30T11:27:42.019974+01:00,104.032,99.3,100.15,96.075,,102.4,96.525,103.35,104.33,100.775,102.225,97.375
2025-10-30T11:47:13.935421+01:00,104.032,99.3,100.15,96.05,,102.4,96.5,103.35,104.33,100.775,102.225,97.35
2025-10-30T12:21:33.155122+01:00,104.032,99.275,100.125,96.05,,102.4,96.5,103.35,104.33,100.75,102.2,97.325
2025-10-30T12:40:42.649400+01:00,104.032,99.275,100.125,96.025,,102.4,96.475,103.35,104.33,100.75,102.2,97.325
2025-10-30T12:53:32.221449+01:00,104.032,99.275,100.125,96.025,,102.4,96.475,103.35,104.33,100.75,102.2,97.325
2025-10-30T13:53:27.440697+01:00,104.032,99.275,100.125,96.025,,102.4,96.5,103.35,104.33,100.75,102.2,97.325
2025-10-30T14:35:24.443214+01:00,104.032,99.275,100.125,96.025,,102.4,96.475,103.35,104.33,100.75,102.2,97.325
2025-10-30T14:54:45.425630+01:00,104.032,99.275,100.125,96.025,,102.4,96.475,103.35,104.33,100.75,102.125,97.325
2025-10-30T15:26:16.362188+01:00,104.032,99.25,100.1,96.05,,102.4,96.525,103.35,104.33,100.725,102.1,97.35
2025-10-30T15:46:58.982940+01:00,104.032,99.275,100.125,96.075,,102.4,96.525,103.35,104.33,100.75,102.125,97.375
2025-10-30T16:29:00.647967+01:00,104.032,99.3,100.15,96.1,,102.4,96.55,103.35,104.33,100.775,102.15,97.4
2025-10-30T16:47:07.882488+01:00,104.032,99.3,100.15,96.1,,102.4,96.55,103.35,104.33,100.775,102.15,97.4
2025-10-30T17:33:33.220129+01:00,104.032,99.3,100.15,96.075,,102.4,96.55,103.35,104.33,100.775,102.15,97.375
2025-10-30T17:58:18.423619+01:00,104.032,99.3,100.15,96.075,,102.4,96.55,103.35,104.33,100.775,102.15,97.375
2025-10-31T07:37:04.638889+01:00,104.032,99.3,100.15,96.075,,102.4,96.55,103.35,104.33,100.775,102.15,97.375
2025-10-31T07:57:48.757266+01:00,104.032,99.3,100.15,96.075,,102.4,96.55,103.35,104.33,100.775,102.15,97.375
2025-10-31T08:25:32.982381+01:00,104.032,99.3,100.15,96.075,,102.4,96.55,103.35,104.33,100.775,102.15,97.375
2025-10-31T08:40:55.400733+01:00,104.032,99.3,100.15,96.075,,102.4,96.55,103.35,104.33,100.775,102.15,97.375
2025-10-31T08:53:34.502967+01:00,104.032,99.3,100.15,96.075,,102.4,96.55,103.35,104.33,100.775,102.15,97.375
2025-10-31T09:32:43.137658+01:00,104.032,99.225,100.075,96.0,,102.4,96.475,103.35,104.33,100.7,102.075,97.3
2025-10-31T09:56:06.356471+01:00,104.032,99.25,100.1,96.025,,102.4,96.5,103.35,104.33,100.725,102.1,97.325
2025-10-31T10:28:47.354330+01:00,104.032,99.275,100.125,96.025,,102.4,96.5,103.35,104.33,100.75,102.125,97.325
2025-10-31T10:45:14.145540+01:00,104.032,99.275,100.125,96.025,,102.4,96.5,103.35,104.33,100.75,102.125,97.325
2025-10-31T10:57:55.535188+01:00,104.032,99.275,100.125,96.025,,102.4,96.5,103.35,104.33,100.75,102.125,97.325
2025-10-31T11:30:33.001575+01:00,104.032,99.275,100.125,96.025,,102.4,96.5,103.35,104.33,100.75,102.075,97.325
2025-10-31T11:53:29.235079+01:00,104.032,99.275,100.125,96.025,,102.4,96.5,103.35,104.33,100.75,102.075,97.325
2025-10-31T12:20:38.365801+01:00,104.032,99.275,100.125,96.025,,102.4,96.5,103.35,104.33,100.75,102.075,97.325
2025-10-31T12:40:15.842755+01:00,104.032,99.275,100.125,96.025,,102.4,96.5,103.35,104.33,100.75,102.075,97.325
2025-10-31T12:53:33.573771+01:00,104.032,99.275,100.125,96.025,,102.4,96.5,103.35,104.33,100.75,102.075,97.325
2025-10-31T13:53:06.499969+01:00,104.032,99.325,100.175,96.075,,102.4,96.55,103.35,104.33,100.8,102.125,97.375
2025-10-31T14:34:36.044763+01:00,104.032,99.325,100.175,96.075,,102.4,96.55,103.35,104.33,100.8,102.125,97.375
2025-10-31T14:53:25.917846+01:00,104.032,99.325,100.175,96.075,,102.4,96.55,103.35,104.33,100.8,102.125,97.375
2025-10-31T15:26:20.294649+01:00,104.032,99.3,100.15,96.075,,102.4,96.525,103.35,104.33,100.775,102.1,97.375
2025-10-31T15:46:44.870991+01:00,104.032,99.3,100.15,96.075,,102.4,96.525,103.35,104.33,100.775,102.1,97.35
2025-10-31T16:25:05.860058+01:00,104.032,99.275,100.125,96.05,,102.4,96.525,103.35,104.33,100.75,102.075,97.35
2025-10-31T16:43:45.431154+01:00,104.032,99.275,100.125,96.05,,102.4,96.525,103.35,104.33,100.75,102.075,97.35
2025-10-31T16:56:42.169042+01:00,104.032,99.275,100.125,96.025,,102.4,96.5,103.35,104.33,100.75,102.075,97.325
2025-10-31T17:33:44.366697+01:00,104.032,99.275,100.125,96.05,,102.4,96.525,103.35,104.33,100.75,102.075,97.35
2025-10-31T17:56:45.639464+01:00,104.032,99.275,100.125,96.05,,102.4,96.525,103.35,104.33,100.75,102.075,97.35
2025-11-03T07:39:22.452289+01:00,104.032,99.275,100.125,96.195,,102.4,96.525,103.35,104.33,100.75,102.075,97.35
2025-11-03T07:58:18.632954+01:00,104.032,99.275,100.125,96.195,,102.4,96.525,103.35,104.33,100.75,102.075,97.35
2025-11-03T08:27:53.438319+01:00,104.032,99.275,100.125,96.195,,102.4,96.525,103.35,104.33,100.75,102.075,97.35
2025-11-03T08:43:10.846967+01:00,104.032,99.275,100.125,96.195,,102.4,96.525,103.35,104.33,100.75,102.075,97.35
2025-11-03T08:56:03.930114+01:00,104.032,99.275,100.125,96.195,,102.4,96.525,103.35,104.33,100.75,102.075,97.35
2025-11-03T09:37:02.853797+01:00,104.032,99.275,100.125,96.05,,102.4,96.525,103.35,104.33,100.75,102.075,97.35
2025-11-03T09:58:33.797237+01:00,104.032,99.3,100.15,96.075,,102.4,96.55,103.35,104.33,100.775,102.1,97.375
2025-11-03T10:33:41.769174+01:00,104.032,99.3,100.15,96.075,,102.4,96.55,103.1,104.33,100.775,102.075,97.375
2025-11-03T10:53:52.333440+01:00,104.032,99.3,100.15,96.075,,102.4,96.55,103.1,104.33,100.775,102.075,97.375
2025-11-03T11:29:59.689865+01:00,104.032,99.275,100.125,96.05,,102.4,96.525,103.1,104.33,100.75,102.05,97.35
2025-11-03T11:49:27.748605+01:00,104.032,99.25,100.1,96.025,,102.4,96.5,103.1,104.33,100.725,102.025,97.325
2025-11-03T12:21:05.338208+01:00,104.032,99.25,100.1,96.025,,102.4,96.5,103.1,104.33,100.725,102.025,97.325
2025-11-03T12:40:34.151326+01:00,104.032,99.25,100.1,96.025,,102.4,96.525,103.1,104.33,100.725,102.025,97.325
2025-11-03T12:53:32.903229+01:00,104.032,99.25,100.1,96.025,,102.4,96.525,103.1,104.33,100.725,102.025,97.325
2025-11-03T13:54:12.028734+01:00,104.032,99.225,100.075,95.975,,102.4,96.5,103.1,104.33,100.7,102.0,97.275
2025-11-03T14:35:32.172294+01:00,104.032,99.25,100.1,95.95,,102.4,96.475,103.1,104.33,100.7,102.0,97.25
2025-11-03T14:54:09.619166+01:00,104.032,99.25,100.1,95.975,,102.4,96.5,103.1,104.33,100.7,102.0,97.275
2025-11-03T15:26:45.203437+01:00,104.032,99.25,100.1,95.975,,102.4,96.475,103.0,104.33,100.7,102.0,97.275
2025-11-03T15:46:47.667245+01:00,104.032,99.25,100.1,95.975,,102.4,96.5,102.95,104.33,100.7,102.0,97.275
2025-11-03T16:27:08.059155+01:00,104.032,99.275,100.125,96.0,,102.4,96.525,102.95,104.33,100.725,102.025,97.3
2025-11-03T16:45:05.844889+01:00,104.032,99.275,100.125,96.0,,102.4,96.5,102.95,104.33,100.725,102.025,97.3
2025-11-03T16:58:06.762724+01:00,104.032,99.275,100.125,96.0,,102.4,96.5,102.95,104.33,100.725,102.025,97.3
2025-11-03T17:33:31.975510+01:00,104.032,99.25,100.1,95.975,,102.4,96.475,102.95,104.33,100.7,102.0,97.275
2025-11-03T17:56:54.374530+01:00,104.032,99.25,100.1,95.975,,102.4,96.475,102.95,104.33,100.7,102.0,97.275
2025-11-04T07:38:26.009450+01:00,104.032,99.25,100.1,95.975,,102.4,96.475,102.95,104.33,100.7,102.0,97.275
2025-11-04T07:58:13.054592+01:00,104.032,99.25,100.1,95.975,,102.4,96.475,102.95,104.33,100.7,102.0,97.275
2025-11-04T08:27:15.897536+01:00,104.032,99.25,100.1,95.975,,102.4,96.475,102.95,104.33,100.7,102.0,97.275
2025-11-04T08:43:10.152911+01:00,104.032,99.25,100.1,95.975,,102.4,96.475,102.95,104.33,100.7,102.0,97.275
2025-11-04T08:56:06.794515+01:00,104.032,99.25,100.1,95.975,,102.4,96.475,102.95,104.33,100.7,102.0,97.275
2025-11-04T09:36:32.301574+01:00,104.032,99.275,100.125,95.975,,102.4,96.525,102.9,104.33,100.725,102.025,97.275
2025-11-04T09:58:41.547670+01:00,104.032,99.3,100.15,95.975,,102.4,96.525,102.9,104.33,100.75,102.05,97.275
2025-11-04T10:32:25.159604+01:00,104.032,99.325,100.175,96.025,,102.4,96.55,102.9,104.33,100.775,102.025,97.325
2025-11-04T10:53:39.657795+01:00,104.032,99.325,100.175,96.025,,102.4,96.55,102.9,104.33,100.775,102.025,97.325
2025-11-04T11:30:12.338716+01:00,104.032,99.325,100.175,96.05,,102.4,96.525,102.9,104.33,100.775,102.025,97.35
2025-11-04T11:50:59.996400+01:00,104.032,99.3,100.15,96.0,,102.4,96.5,102.9,104.33,100.75,102.0,97.325
2025-11-04T12:22:51.738315+01:00,104.032,99.3,100.15,96.025,,102.4,96.525,102.9,104.33,100.75,102.0,97.325
2025-11-04T12:42:09.914588+01:00,104.032,99.3,100.15,96.025,,102.4,96.5,102.9,104.33,100.75,102.0,97.325
2025-11-04T12:54:44.694889+01:00,104.032,99.325,100.175,96.05,,102.4,96.5,102.9,104.33,100.775,102.025,97.35
2025-11-04T13:56:33.594918+01:00,102.775,99.325,100.175,96.075,,,96.5,102.9,103.675,100.775,102.025,97.375
2025-11-04T14:38:40.701244+01:00,102.775,99.325,100.175,96.075,,,96.5,102.9,103.675,100.775,102.025,97.375
2025-11-04T14:56:31.538523+01:00,102.775,99.325,100.175,96.05,,,96.5,102.9,103.675,100.775,102.025,97.35
2025-11-04T15:29:08.431008+01:00,102.775,99.325,100.175,96.075,,,96.5,102.9,103.675,100.775,102.025,97.375
2025-11-04T15:49:45.031817+01:00,102.775,99.35,100.2,96.075,,,96.525,102.9,103.675,100.8,102.05,97.375
2025-11-04T16:28:39.369584+01:00,102.775,99.35,100.2,96.1,,,96.525,102.9,103.675,100.8,102.05,97.4
2025-11-04T16:46:50.721985+01:00,102.775,99.35,100.2,96.1,,,96.525,102.9,103.675,100.8,102.05,97.4
2025-11-04T17:31:30.452959+01:00,102.775,99.35,100.2,96.1,,,96.525,102.9,103.675,100.8,102.05,97.4
2025-11-04T17:57:18.016077+01:00,102.775,99.35,100.2,96.1,,,96.525,102.9,103.675,100.8,102.05,97.4
2025-11-05T07:38:11.398470+01:00,102.775,99.35,100.2,96.1,,,96.525,102.9,103.675,100.8,102.05,97.4
2025-11-05T07:57:34.561558+01:00,102.775,99.35,100.2,96.1,,,96.525,102.9,103.675,100.8,102.05,97.4
2025-11-05T08:26:59.840652+01:00,102.775,99.35,100.2,96.1,,,96.525,102.9,103.675,100.8,102.05,97.4
2025-11-05T08:43:02.785701+01:00,102.775,99.35,100.2,96.1,,,96.525,102.9,103.675,100.8,102.05,97.4
2025-11-05T08:55:59.304234+01:00,102.775,99.35,100.2,96.1,,,96.525,102.9,103.675,100.8,102.05,97.4
2025-11-05T09:36:16.618071+01:00,102.775,99.375,100.225,96.125,,,96.55,102.9,103.675,100.825,102.075,97.425
2025-11-05T09:58:46.605361+01:00,102.775,99.375,100.225,96.125,,,96.525,102.9,103.675,100.825,102.075,97.425
2025-11-05T10:31:50.473779+01:00,102.775,99.4,100.25,96.15,,,96.55,102.9,103.675,100.85,102.1,97.45
2025-11-05T10:53:41.005671+01:00,102.775,99.375,100.225,96.125,,,96.525,102.9,103.675,100.825,102.075,97.425
2025-11-05T11:29:19.932935+01:00,102.775,99.35,100.2,96.1,,,96.575,102.9,103.675,100.8,102.05,97.4
2025-11-05T11:48:40.216321+01:00,102.775,99.375,100.225,96.125,,,96.6,102.9,103.675,100.825,102.075,97.425
2025-11-05T12:22:21.881484+01:00,102.75,99.35,100.2,96.125,,,96.575,102.875,103.65,100.8,102.05,97.425
2025-11-05T12:41:39.074611+01:00,102.75,99.35,100.2,96.125,,,96.575,102.875,103.65,100.8,102.05,97.425
2025-11-05T12:54:24.189993+01:00,102.75,99.35,100.2,96.125,,,96.575,102.875,103.65,100.8,102.05,97.425
2025-11-05T13:54:06.935179+01:00,102.75,99.4,100.25,96.175,,,96.575,102.875,103.65,100.85,102.1,97.475
2025-11-05T14:37:03.738716+01:00,102.725,99.425,100.325,96.2,,,96.6,102.85,103.625,100.925,102.125,97.5
2025-11-05T14:55:58.706611+01:00,102.725,99.4,100.3,96.175,,,96.575,102.85,103.625,100.9,102.1,97.475
2025-11-05T15:27:49.213686+01:00,102.725,99.4,100.3,96.175,,,96.575,102.85,103.625,100.9,102.1,97.475
2025-11-05T15:48:20.585883+01:00,102.725,99.4,100.3,96.15,,,96.575,102.85,103.625,100.9,102.1,97.45
2025-11-05T16:26:35.743929+01:00,102.725,99.375,100.275,96.15,,,96.55,102.85,103.625,100.875,102.075,97.45
2025-11-05T16:45:58.223881+01:00,102.725,99.375,100.275,96.125,,,96.55,102.85,103.625,100.875,102.075,97.425
2025-11-05T17:34:11.332482+01:00,102.725,99.35,100.25,96.1,,,96.525,102.85,103.625,100.85,102.05,97.4
2025-11-05T17:58:48.024447+01:00,102.725,99.35,100.25,96.1,,,96.525,102.85,103.625,100.85,102.05,97.4
2025-11-06T07:38:16.969161+01:00,102.725,99.35,100.25,96.1,,,96.525,102.85,103.625,100.85,102.05,97.4
2025-11-06T07:58:13.252332+01:00,102.725,99.35,100.25,96.1,,,96.525,102.85,103.625,100.85,102.05,97.4
2025-11-06T08:26:35.693948+01:00,102.725,99.35,100.25,96.1,,,96.525,102.85,103.625,100.85,102.05,97.4
2025-11-06T08:41:50.237172+01:00,102.725,99.35,100.25,96.1,,,96.525,102.85,103.625,100.85,102.05,97.4
2025-11-06T08:54:31.673053+01:00,102.725,99.35,100.25,96.1,,,96.525,102.85,103.625,100.85,102.05,97.4
2025-11-06T09:34:27.359952+01:00,102.725,99.4,100.3,96.2,,,96.575,102.85,103.625,100.9,102.1,97.5
2025-11-06T09:58:14.941643+01:00,102.725,99.4,100.3,96.2,,,96.575,102.85,103.625,100.9,102.1,97.5
2025-11-06T10:30:46.125611+01:00,102.725,99.375,100.275,96.225,,,96.55,102.85,103.625,100.875,102.075,97.525
2025-11-06T10:53:28.631778+01:00,102.725,99.45,100.35,96.325,,,96.575,102.85,103.625,100.95,102.15,97.625
2025-11-06T11:29:09.648867+01:00,102.725,99.475,100.375,96.35,,,96.675,102.85,103.625,100.975,102.175,97.65
2025-11-06T11:48:44.537206+01:00,102.725,99.425,100.325,96.325,,,96.65,102.85,103.625,100.925,102.125,97.625
2025-11-06T12:22:26.937488+01:00,102.725,99.425,100.325,96.325,,,96.65,102.85,103.625,100.925,102.125,97.625
2025-11-06T12:41:23.770379+01:00,102.725,99.425,100.325,96.325,,,96.65,102.85,103.625,100.925,102.125,97.625
2025-11-06T12:54:09.082184+01:00,102.725,99.425,100.325,96.325,,,96.65,102.85,103.625,100.925,102.125,97.625
2025-11-06T13:53:34.646444+01:00,102.675,99.4,100.3,96.3,,,96.625,102.8,103.575,100.9,102.1,97.6
2025-11-06T14:36:17.852228+01:00,102.65,99.45,100.35,96.3,,,96.65,102.775,103.55,100.95,102.15,97.6
2025-11-06T14:55:57.885379+01:00,102.65,99.45,100.35,96.325,,,96.65,102.775,103.55,100.95,102.15,97.625
2025-11-06T15:27:39.188344+01:00,102.65,99.45,100.35,96.325,,,96.65,102.775,103.55,100.95,102.15,97.625
2025-11-06T15:47:42.279659+01:00,102.65,99.475,100.375,96.375,,102.775,96.675,102.95,103.55,100.975,102.175,97.675
2025-11-06T16:28:41.035773+01:00,102.65,99.5,100.4,96.375,,102.775,96.7,102.95,103.55,101.0,102.2,97.675
2025-11-06T16:48:01.753554+01:00,102.65,99.475,100.375,96.375,,102.775,96.675,102.95,103.55,100.975,102.175,97.675
2025-11-06T17:34:38.999242+01:00,102.65,99.475,100.375,96.375,,102.775,96.675,102.95,103.55,100.975,102.175,97.675
2025-11-06T18:00:04.224405+01:00,102.65,99.475,100.375,96.375,,102.775,96.675,102.95,103.55,100.975,102.175,97.675
2025-11-07T07:37:55.872755+01:00,102.65,99.475,100.375,96.375,,102.775,96.675,102.95,103.55,100.975,102.175,97.675
2025-11-07T07:57:31.858688+01:00,102.65,99.475,100.375,96.375,,102.775,96.675,102.95,103.55,100.975,102.175,97.675
2025-11-07T08:26:40.784289+01:00,102.65,99.475,100.375,96.375,,102.775,96.675,102.95,103.55,100.975,102.175,97.675
2025-11-07T08:42:23.728969+01:00,102.65,99.475,100.375,96.375,,102.775,96.675,102.95,103.55,100.975,102.175,97.675
2025-11-07T08:55:13.968555+01:00,102.65,99.475,100.375,96.375,,102.775,96.675,102.95,103.55,100.975,102.175,97.675
2025-11-07T09:34:18.937262+01:00,102.65,99.425,100.325,96.275,,102.775,96.625,102.95,103.55,100.925,102.125,97.575
2025-11-07T09:57:33.065703+01:00,102.65,99.425,100.325,96.3,,102.775,96.65,102.95,103.55,100.925,102.125,97.6
2025-11-07T10:28:46.649160+01:00,102.65,99.425,100.325,96.275,,102.775,96.775,102.95,103.55,100.925,102.125,97.575
2025-11-07T10:45:00.370752+01:00,102.65,99.425,100.325,96.275,,102.925,96.775,102.95,103.55,100.925,102.125,97.575
2025-11-07T10:57:57.413023+01:00,102.65,99.425,100.325,96.275,,102.925,96.775,102.95,103.55,100.925,102.125,97.575
2025-11-07T11:31:27.737526+01:00,102.65,99.45,100.3,96.4,,102.925,96.775,102.95,103.55,100.9,102.05,97.6
2025-11-07T11:53:18.561421+01:00,102.65,99.425,100.275,96.375,,102.925,96.775,102.95,103.55,100.875,102.025,97.575
2025-11-07T12:21:20.019180+01:00,102.65,99.45,100.3,96.4,,102.925,96.725,102.95,103.55,100.9,102.05,97.6
2025-11-07T12:41:14.427266+01:00,102.65,99.475,100.325,96.425,,102.925,96.725,102.95,103.55,100.925,102.075,97.625
2025-11-07T12:53:42.403727+01:00,102.65,99.475,100.325,96.425,,102.925,96.725,102.95,103.55,100.925,102.075,97.625
2025-11-07T13:52:34.810294+01:00,102.65,99.45,100.3,96.4,,102.925,96.725,102.95,103.55,100.9,102.05,97.6
2025-11-07T14:32:52.159055+01:00,102.65,99.475,100.325,96.4,,102.925,96.8,102.95,103.55,100.925,102.075,97.6
2025-11-07T14:53:28.745762+01:00,102.65,99.45,100.3,96.375,,102.925,96.775,102.95,103.55,100.9,102.05,97.575
2025-11-07T15:25:12.317435+01:00,102.65,99.4,100.25,96.325,,102.925,96.75,102.95,103.55,100.85,102.0,97.525
2025-11-07T15:44:44.583554+01:00,102.65,99.425,100.275,96.35,,102.925,96.75,102.95,103.55,100.875,102.025,97.55
2025-11-07T15:57:31.528218+01:00,102.65,99.425,100.275,96.35,,102.925,96.775,102.95,103.55,100.875,102.025,97.55
2025-11-07T16:28:49.345516+01:00,102.65,99.425,100.275,96.35,,102.925,96.775,102.95,103.55,100.875,102.025,97.55
2025-11-07T16:44:57.764819+01:00,102.65,99.425,100.275,96.375,,102.925,96.775,102.95,103.55,100.875,102.025,97.575
2025-11-07T16:57:38.634653+01:00,102.65,99.425,100.275,96.375,,102.925,96.775,102.95,103.55,100.875,102.025,97.575
2025-11-07T17:31:30.186410+01:00,102.65,99.425,100.275,96.375,,102.925,96.775,102.95,103.55,100.875,102.025,97.575
2025-11-07T17:55:09.725283+01:00,102.65,99.425,100.275,96.375,,102.925,96.775,102.95,103.55,100.875,102.025,97.575
2025-11-10T07:39:42.287743+01:00,102.65,99.425,100.275,96.507,,102.925,96.775,102.95,103.55,100.875,102.025,97.575
2025-11-10T07:58:27.065285+01:00,102.65,99.425,100.275,96.507,,102.925,96.775,102.95,103.55,100.875,102.025,97.575
2025-11-10T08:27:31.453229+01:00,102.65,99.425,100.275,96.507,,102.925,96.775,102.95,103.55,100.875,102.025,97.575
2025-11-10T08:43:09.254240+01:00,102.65,99.425,100.275,96.507,,102.925,96.775,102.95,103.55,100.875,102.025,97.575
2025-11-10T08:55:48.820829+01:00,102.65,99.425,100.275,96.507,,102.925,96.775,102.95,103.55,100.875,102.025,97.575
2025-11-10T09:36:38.145472+01:00,102.65,99.375,100.225,96.3,,102.925,96.725,102.95,103.55,100.825,101.975,97.5
2025-11-10T09:57:52.596702+01:00,102.65,99.375,100.225,96.3,,102.925,96.725,102.95,103.55,100.825,101.975,97.5
2025-11-10T10:33:06.269367+01:00,102.65,99.4,100.25,96.325,,102.925,96.75,102.95,103.55,100.85,102.0,97.525
2025-11-10T10:53:43.906258+01:00,102.65,99.475,100.325,96.375,,102.925,96.775,102.95,103.55,100.925,102.075,97.575
2025-11-10T11:30:05.703762+01:00,102.65,99.475,100.325,96.375,,102.925,96.775,102.95,103.55,100.925,102.075,97.575
2025-11-10T11:49:09.045308+01:00,102.65,99.475,100.325,96.375,,102.925,96.775,102.95,103.55,100.925,102.075,97.575
2025-11-10T12:22:12.732863+01:00,102.65,99.475,100.325,96.375,,102.925,96.775,102.95,103.55,100.925,102.075,97.575
2025-11-10T12:41:33.873772+01:00,102.65,99.475,100.325,96.375,,102.925,96.775,102.95,103.55,100.925,102.075,97.575
2025-11-10T12:54:27.598182+01:00,102.65,99.475,100.325,96.375,,102.925,96.775,102.95,103.55,100.925,102.075,97.575
2025-11-10T13:54:59.509467+01:00,102.65,99.475,100.325,96.375,,102.925,96.775,102.95,103.55,100.925,102.075,97.575
2025-11-10T14:35:49.088458+01:00,102.65,99.475,100.325,96.375,,102.925,96.775,102.95,103.55,100.925,102.075,97.575
2025-11-10T14:55:06.023491+01:00,102.65,99.5,100.35,96.4,,102.925,96.775,102.95,103.55,100.95,102.1,97.6
2025-11-10T15:26:43.950984+01:00,102.65,99.5,100.35,96.4,,102.925,96.8,102.95,103.55,100.95,102.1,97.6
2025-11-10T15:47:11.394716+01:00,102.65,99.5,100.35,96.4,,102.925,96.8,102.95,103.55,100.95,102.1,97.6
2025-11-10T16:28:44.001334+01:00,102.65,99.5,100.35,96.375,,102.925,96.8,102.95,103.55,100.95,102.1,97.575
2025-11-10T16:46:22.504275+01:00,102.65,99.5,100.35,96.4,,102.925,96.8,102.95,103.55,100.95,102.1,97.6
2025-11-10T17:34:09.229242+01:00,102.65,99.5,100.35,96.375,,102.925,96.8,102.95,103.55,100.95,102.1,97.575
2025-11-10T17:58:23.740046+01:00,102.65,99.5,100.35,96.375,,102.925,96.8,102.95,103.55,100.95,102.1,97.575
2025-11-11T07:38:37.885824+01:00,102.65,99.5,100.35,96.375,,102.925,96.8,102.95,103.55,100.95,102.1,97.575
2025-11-11T07:58:27.024342+01:00,102.65,99.5,100.35,96.375,,102.925,96.8,102.95,103.55,100.95,102.1,97.575
2025-11-11T08:27:59.759714+01:00,102.65,99.5,100.35,96.375,,102.925,96.8,102.95,103.55,100.95,102.1,97.575
2025-11-11T08:44:15.127946+01:00,102.65,99.5,100.35,96.375,,102.925,96.8,102.95,103.55,100.95,102.1,97.575
2025-11-11T08:57:14.394358+01:00,102.65,99.5,100.35,96.375,,102.925,96.8,102.95,103.55,100.95,102.1,97.575
2025-11-11T09:36:12.578084+01:00,102.65,99.475,100.325,96.35,,102.925,96.775,102.95,103.55,100.925,102.075,97.55
2025-11-11T09:58:08.609751+01:00,102.65,99.5,100.35,96.375,,102.925,96.8,102.95,103.55,100.95,102.1,97.575
2025-11-11T10:30:38.540555+01:00,102.65,99.475,100.325,96.35,,102.925,96.8,102.95,103.55,100.925,102.075,97.55
2025-11-11T10:53:11.782944+01:00,102.65,99.475,100.325,96.35,,102.925,96.8,102.95,103.55,100.925,102.075,97.55
2025-11-11T11:29:20.804929+01:00,102.65,99.5,100.35,96.375,,102.925,96.8,102.95,103.55,100.95,102.1,97.575
2025-11-11T11:49:14.450097+01:00,102.65,99.475,100.325,96.35,,102.925,96.65,102.95,103.55,100.925,102.075,97.55
2025-11-11T12:22:32.351560+01:00,102.65,99.475,100.325,96.35,,102.925,96.65,102.95,103.55,100.925,102.075,97.55
2025-11-11T12:42:08.879383+01:00,102.65,99.475,100.325,96.35,,102.925,96.65,102.95,103.55,100.925,102.075,97.55
2025-11-11T12:54:47.495572+01:00,102.65,99.5,100.35,96.35,,102.925,96.675,102.95,103.55,100.95,102.1,97.55
2025-11-11T13:53:21.999150+01:00,102.8,99.5,100.35,96.35,,103.275,96.675,103.075,103.55,100.95,102.1,97.55
2025-11-11T14:35:14.618207+01:00,102.8,99.525,100.375,96.375,,103.275,96.7,103.075,103.55,100.975,102.125,97.575
2025-11-11T14:54:25.854445+01:00,102.8,99.525,100.375,96.4,,103.275,96.7,103.075,103.55,100.975,102.125,97.6
2025-11-11T15:26:54.885505+01:00,102.8,99.525,100.375,96.4,,103.275,96.7,103.075,103.55,100.975,102.125,97.6
2025-11-11T15:47:36.905515+01:00,102.8,99.525,100.375,96.35,,103.275,96.7,103.075,103.55,100.975,102.125,97.525
2025-11-11T16:28:14.531423+01:00,102.8,99.525,100.375,96.35,,103.275,96.7,103.075,103.55,100.975,102.125,97.525
2025-11-11T16:45:44.212881+01:00,102.8,99.525,100.375,96.35,,103.275,96.7,103.075,103.55,100.975,102.125,97.525
2025-11-11T17:33:04.555783+01:00,102.8,99.525,100.375,96.35,,103.275,96.7,103.075,103.55,100.975,102.125,97.525
2025-11-11T17:57:14.840406+01:00,102.8,99.525,100.375,96.35,,103.275,96.7,103.075,103.55,100.975,102.125,97.525
2025-11-12T07:38:16.530632+01:00,102.8,99.525,100.375,96.35,,103.275,96.7,103.075,103.55,100.975,102.125,97.525
2025-11-12T07:58:11.877595+01:00,102.8,99.525,100.375,96.35,,103.275,96.7,103.075,103.55,100.975,102.125,97.525
2025-11-12T08:27:31.012152+01:00,102.8,99.525,100.375,96.35,,103.275,96.7,103.075,103.55,100.975,102.125,97.525
2025-11-12T08:43:25.137504+01:00,102.8,99.525,100.375,96.35,,103.275,96.7,103.075,103.55,100.975,102.125,97.525
2025-11-12T08:56:15.165461+01:00,102.8,99.525,100.375,96.35,,103.275,96.7,103.075,103.55,100.975,102.125,97.525
2025-11-12T09:36:45.809173+01:00,102.8,99.475,100.325,96.275,,103.275,96.65,103.075,103.55,100.925,102.075,97.45
2025-11-12T09:59:25.970244+01:00,102.8,99.475,100.325,96.275,,103.275,96.65,103.075,103.55,100.925,102.075,97.45
2025-11-12T10:31:46.054055+01:00,102.8,99.475,100.325,96.25,,103.275,96.65,103.075,103.55,100.925,102.075,97.425
2025-11-12T10:53:09.363463+01:00,102.8,99.475,100.325,96.275,,103.275,96.675,103.075,103.55,100.925,102.075,97.45
2025-11-12T11:29:11.761663+01:00,102.8,99.475,100.325,96.275,,103.275,96.675,103.075,103.55,100.925,102.075,97.45
2025-11-12T11:49:51.517868+01:00,102.8,99.475,100.325,96.275,,103.275,96.675,103.075,103.55,100.925,102.075,97.45
2025-11-12T12:22:32.252935+01:00,102.8,99.475,100.325,96.25,,103.275,96.675,103.075,103.55,100.925,102.075,97.425
2025-11-12T12:41:07.947572+01:00,102.8,99.475,100.325,96.25,,103.275,96.65,103.075,103.55,100.925,102.075,97.425
2025-11-12T12:53:55.074294+01:00,102.8,99.45,100.3,96.225,,103.275,96.65,103.075,103.55,100.9,102.05,97.4
2025-11-12T13:55:24.799726+01:00,102.8,99.45,100.3,96.25,,103.275,96.65,103.075,103.55,100.9,102.05,97.425
2025-11-12T14:37:30.681637+01:00,102.8,99.475,100.325,96.275,,103.275,96.675,103.075,103.55,100.925,102.075,97.45
2025-11-12T14:56:19.716440+01:00,102.8,99.475,100.325,96.25,,103.275,96.65,103.075,103.55,100.925,102.075,97.425
2025-11-12T15:29:39.441867+01:00,102.8,99.5,100.35,96.3,,103.275,96.675,103.075,103.55,100.95,102.1,97.475
2025-11-12T15:49:41.816922+01:00,102.8,99.525,100.375,96.375,,103.275,96.7,103.075,103.55,100.975,102.125,97.5
2025-11-12T16:29:31.417129+01:00,102.8,99.525,100.375,96.375,,103.275,96.7,103.075,103.55,100.975,102.125,97.5
2025-11-12T16:49:01.149062+01:00,102.8,99.525,100.375,96.375,,103.275,96.7,103.075,103.55,100.975,102.125,97.5
2025-11-12T17:34:54.660519+01:00,102.8,99.525,100.375,96.375,,103.275,96.7,103.075,103.55,100.975,102.125,97.5
2025-11-12T17:59:30.478348+01:00,102.8,99.525,100.375,96.375,,103.275,96.7,103.075,103.55,100.975,102.125,97.5
2025-11-13T07:38:23.838953+01:00,102.8,99.525,100.375,96.375,,103.275,96.7,103.075,103.55,100.975,102.125,97.5
2025-11-13T07:57:49.620529+01:00,102.8,99.525,100.375,96.375,,103.275,96.7,103.075,103.55,100.975,102.125,97.5
2025-11-13T08:27:00.323337+01:00,102.8,99.525,100.375,96.375,,103.275,96.7,103.075,103.55,100.975,102.125,97.5
2025-11-13T08:43:08.291423+01:00,102.8,99.525,100.375,96.375,,103.275,96.7,103.075,103.55,100.975,102.125,97.5
2025-11-13T08:56:00.745869+01:00,102.8,99.525,100.375,96.375,,103.275,96.7,103.075,103.55,100.975,102.125,97.5
2025-11-13T09:35:32.053382+01:00,102.8,99.475,100.325,96.325,,103.275,96.675,103.075,103.55,100.925,102.075,97.45
2025-11-13T09:58:31.230815+01:00,102.8,99.5,100.35,96.325,,103.275,96.675,103.075,103.55,100.95,102.1,97.45
2025-11-13T10:31:54.079634+01:00,102.8,99.45,100.3,96.275,,103.275,96.675,103.075,103.55,100.9,102.05,97.4
2025-11-13T10:53:35.437206+01:00,102.8,99.45,100.3,96.275,,103.275,96.675,103.075,103.55,100.9,102.05,97.4
2025-11-13T11:29:52.598918+01:00,102.8,99.45,100.3,96.25,,103.275,96.675,103.075,103.55,100.9,102.05,97.375
2025-11-13T11:50:08.432214+01:00,102.8,99.425,100.275,96.225,,103.275,96.65,103.075,103.55,100.875,102.025,97.35
2025-11-13T12:23:10.946310+01:00,102.8,99.425,100.275,96.225,,103.275,96.65,103.075,103.55,100.875,102.025,97.35
2025-11-13T12:41:12.249546+01:00,102.8,99.425,100.275,96.225,,103.275,96.625,103.075,103.55,100.875,102.025,97.35
2025-11-13T12:54:11.623376+01:00,102.8,99.4,100.25,96.2,,103.275,96.625,103.075,103.55,100.85,102.0,97.325
2025-11-13T13:55:31.633518+01:00,102.8,99.4,100.25,96.2,,103.275,96.625,103.075,103.55,100.85,102.0,97.325
2025-11-13T14:37:25.769770+01:00,102.8,99.375,100.225,96.175,,103.275,96.6,103.075,103.55,100.825,101.975,97.3
2025-11-13T14:56:54.566985+01:00,102.8,99.35,100.2,96.15,,103.275,96.6,103.075,103.55,100.8,101.95,97.275
2025-11-13T15:27:14.182144+01:00,102.8,99.375,100.225,96.175,,103.275,96.6,103.075,103.55,100.825,101.975,97.3
2025-11-13T15:44:30.292954+01:00,102.8,99.35,100.2,96.15,,103.275,96.6,103.075,103.55,100.8,101.95,97.275
2025-11-13T16:29:42.552248+01:00,102.8,99.35,100.2,96.15,,103.275,96.575,103.075,103.55,100.8,101.95,97.275
2025-11-13T16:46:24.233528+01:00,102.8,99.35,100.2,96.15,,103.275,96.575,103.075,103.55,100.8,101.95,97.275
2025-11-13T17:31:26.776251+01:00,102.8,99.35,100.2,96.125,,103.275,96.575,103.075,103.55,100.8,101.95,97.25
2025-11-13T17:58:27.486760+01:00,102.8,99.35,100.2,96.125,,103.275,96.575,103.075,103.55,100.8,101.95,97.25
2025-11-14T07:38:15.541158+01:00,102.8,99.35,100.2,96.125,,103.275,96.575,103.075,103.55,100.8,101.95,97.25
2025-11-14T07:57:57.840417+01:00,102.8,99.35,100.2,96.125,,103.275,96.575,103.075,103.55,100.8,101.95,97.25
2025-11-14T08:26:58.010475+01:00,102.8,99.35,100.2,96.125,,103.275,96.575,103.075,103.55,100.8,101.95,97.25
2025-11-14T08:42:36.926952+01:00,102.8,99.35,100.2,96.125,,103.275,96.575,103.075,103.55,100.8,101.95,97.25
2025-11-14T08:55:25.699682+01:00,102.8,99.35,100.2,96.125,,103.275,96.575,103.075,103.55,100.8,101.95,97.25
2025-11-14T09:33:43.753622+01:00,102.8,99.275,100.125,96.05,,103.275,96.5,103.075,103.55,100.725,101.875,97.175
2025-11-14T09:57:19.685357+01:00,102.8,99.275,100.125,96.075,,103.275,96.525,103.075,103.55,100.725,101.875,97.2
2025-11-14T10:29:48.093911+01:00,102.8,99.275,100.125,96.05,,103.275,96.5,103.075,103.55,100.725,101.875,97.175
2025-11-14T10:46:58.870792+01:00,102.8,99.25,100.1,96.025,,103.275,96.5,103.075,103.55,100.7,101.85,97.15
2025-11-14T11:28:27.832546+01:00,102.8,99.275,100.125,96.025,,103.275,96.5,103.075,103.55,100.725,101.875,97.15
2025-11-14T11:47:08.074420+01:00,102.8,99.25,100.1,96.0,,103.275,96.525,103.075,103.55,100.7,101.85,97.125
2025-11-14T12:21:36.412730+01:00,102.8,99.25,100.1,96.025,,103.275,96.525,103.075,103.55,100.7,101.85,97.15
2025-11-14T12:40:52.097523+01:00,102.8,99.25,100.1,96.0,,103.275,96.525,103.075,103.55,100.7,101.85,97.125
2025-11-14T12:53:50.369396+01:00,102.8,99.25,100.1,96.0,,103.275,96.425,103.075,103.55,100.7,101.85,97.125
2025-11-14T13:53:19.107934+01:00,102.8,99.325,100.175,96.075,,103.275,96.45,103.075,103.55,100.775,101.925,97.2
2025-11-14T14:34:23.547708+01:00,102.8,99.325,100.175,96.125,,103.275,96.475,103.075,103.55,100.775,101.925,97.2
2025-11-14T14:53:50.753291+01:00,102.8,99.3,100.15,96.125,,103.275,96.45,103.075,103.55,100.75,101.9,97.2
2025-11-14T15:26:22.993799+01:00,102.8,99.275,100.125,96.1,,103.275,96.425,103.075,103.55,100.725,101.875,97.175
2025-11-14T15:43:28.748465+01:00,102.8,99.3,100.15,96.1,,103.275,96.45,103.075,103.55,100.75,101.9,97.175
2025-11-14T15:56:40.166088+01:00,102.8,99.275,100.125,96.075,,103.275,96.425,103.075,103.55,100.725,101.875,97.15
2025-11-14T16:25:20.984372+01:00,102.8,99.25,100.1,96.05,,103.275,96.425,103.075,103.55,100.7,101.85,97.125
2025-11-14T16:42:53.814761+01:00,102.8,99.225,100.075,96.025,,103.275,96.4,103.075,103.55,100.675,101.825,97.1
2025-11-14T16:56:07.487762+01:00,102.8,99.225,100.075,96.025,,103.275,96.4,103.075,103.55,100.675,101.825,97.1
2025-11-14T17:35:01.231152+01:00,102.8,99.225,100.075,96.025,,103.275,96.4,103.075,103.55,100.675,101.825,97.1
2025-11-14T17:57:27.611644+01:00,102.8,99.225,100.075,96.025,,103.275,96.4,103.075,103.55,100.675,101.825,97.1
2025-11-17T07:39:04.616510+01:00,102.8,99.225,100.075,96.186,,103.275,96.4,103.075,103.55,100.675,101.825,97.1
2025-11-17T07:57:59.634782+01:00,102.8,99.225,100.075,96.186,,103.275,96.4,103.075,103.55,100.675,101.825,97.1
2025-11-17T08:27:53.742915+01:00,102.8,99.225,100.075,96.186,,103.275,96.4,103.075,103.55,100.675,101.825,97.1
2025-11-17T08:43:14.328918+01:00,102.8,99.225,100.075,96.186,,103.275,96.4,103.075,103.55,100.675,101.825,97.1
2025-11-17T08:56:13.702572+01:00,102.8,99.225,100.075,96.186,,103.275,96.4,103.075,103.55,100.675,101.825,97.1
2025-11-17T09:38:12.247400+01:00,102.8,99.25,100.075,96.05,,103.275,96.4,103.075,103.55,100.7,101.85,97.125
2025-11-17T09:59:43.094028+01:00,102.8,99.25,100.1,96.05,,103.275,96.425,103.075,103.55,100.7,101.85,97.125
2025-11-17T10:35:02.064981+01:00,102.8,99.25,100.1,96.05,,103.275,96.425,103.075,103.55,100.7,101.85,97.125
2025-11-17T10:53:57.793060+01:00,102.8,99.225,100.075,96.025,,103.275,96.425,103.075,103.55,100.675,101.825,97.1
2025-11-17T11:30:23.878688+01:00,102.8,99.225,100.075,96.025,,103.275,96.4,103.075,103.55,100.675,101.825,97.1
2025-11-17T11:50:09.774397+01:00,102.8,99.225,100.075,96.025,,103.275,96.4,103.075,103.55,100.675,101.825,97.1
2025-11-17T12:22:58.574744+01:00,102.8,99.225,100.075,96.025,,103.275,96.4,103.075,103.55,100.675,101.825,97.1
2025-11-17T12:41:34.077402+01:00,102.8,99.225,100.075,96.025,,103.275,96.4,103.075,103.55,100.675,101.825,97.1
2025-11-17T12:54:34.899909+01:00,102.8,99.25,100.1,96.05,,103.275,96.425,103.075,103.55,100.7,101.85,97.125
2025-11-17T13:54:09.923622+01:00,102.8,99.225,100.075,96.025,,103.275,96.425,103.075,103.55,100.675,101.825,97.1
2025-11-17T14:36:38.824353+01:00,102.8,99.2,100.05,96.0,,103.275,96.4,103.075,103.55,100.65,101.75,97.075
2025-11-17T14:55:55.151880+01:00,102.8,99.2,100.05,96.0,,103.275,96.4,103.075,103.55,100.65,101.75,97.075
2025-11-17T15:27:54.087605+01:00,102.8,99.2,100.05,96.0,,103.275,96.4,103.075,103.55,100.65,101.75,97.075
2025-11-17T15:48:07.981542+01:00,102.8,99.2,100.05,96.0,,103.275,96.4,103.075,103.55,100.65,101.75,97.075
2025-11-17T16:29:12.763892+01:00,102.8,99.15,100.05,96.0,,103.275,96.375,103.075,103.55,100.65,101.75,97.075
2025-11-17T16:47:52.107207+01:00,102.8,99.15,100.05,96.0,,103.275,96.375,103.075,103.55,100.65,101.75,97.075
2025-11-17T17:35:20.653516+01:00,102.8,99.15,100.05,96.0,,103.275,96.375,103.075,103.55,100.65,101.75,97.075
2025-11-17T17:58:47.125444+01:00,102.8,99.15,100.05,96.0,,103.275,96.375,103.075,103.55,100.65,101.75,97.075
2025-11-18T07:37:34.760754+01:00,102.8,99.15,100.05,96.0,,103.275,96.375,103.075,103.55,100.65,101.75,97.075
2025-11-18T07:57:17.606283+01:00,102.8,99.15,100.05,96.0,,103.275,96.375,103.075,103.55,100.65,101.75,97.075
2025-11-18T08:27:19.458225+01:00,102.8,99.15,100.05,96.0,,103.275,96.375,103.075,103.55,100.65,101.75,97.075
2025-11-18T08:43:29.690598+01:00,102.8,99.15,100.05,96.0,,103.275,96.375,103.075,103.55,100.65,101.75,97.075
2025-11-18T08:56:01.297048+01:00,102.8,99.15,100.05,96.0,,103.275,96.375,103.075,103.55,100.65,101.75,97.075
2025-11-18T09:36:16.566992+01:00,102.8,99.225,100.125,96.075,,103.275,96.4,103.075,103.55,100.725,101.825,97.15
2025-11-18T09:58:30.768867+01:00,102.8,99.225,100.125,96.075,,103.275,96.4,103.075,103.55,100.725,101.825,97.15
2025-11-18T10:31:51.819571+01:00,102.8,99.225,100.125,96.075,,103.275,96.425,103.075,103.55,100.725,101.825,97.15
2025-11-18T10:53:10.943666+01:00,102.8,99.225,100.125,96.075,,103.275,96.425,103.075,103.55,100.725,101.825,97.15
2025-11-18T11:29:56.071915+01:00,102.8,99.225,100.125,96.075,,103.275,96.425,103.075,103.55,100.725,101.825,97.15
2025-11-18T11:50:00.317272+01:00,102.8,99.2,100.1,96.075,,103.275,96.4,103.075,103.55,100.7,101.8,97.15
2025-11-18T12:23:41.706064+01:00,102.8,99.2,100.1,96.075,,103.275,96.4,103.075,103.55,100.7,101.8,97.15
2025-11-18T12:41:49.105435+01:00,102.8,99.2,100.1,96.05,,103.275,96.4,103.075,103.55,100.7,101.8,97.125
2025-11-18T12:54:49.957192+01:00,102.8,99.2,100.1,96.05,,103.275,96.4,103.075,103.55,100.7,101.8,97.125
2025-11-18T13:54:27.718383+01:00,102.8,99.2,100.1,96.05,,103.275,96.4,103.075,103.55,100.7,101.8,97.125
2025-11-18T14:36:30.471859+01:00,102.8,99.225,100.125,96.075,,103.275,96.425,103.075,103.55,100.725,101.825,97.15
2025-11-18T14:55:17.029981+01:00,102.8,99.225,100.125,96.075,,103.275,96.425,103.075,103.55,100.725,101.825,97.15
2025-11-18T15:26:56.076841+01:00,102.8,99.2,100.1,96.075,,103.275,96.425,103.075,103.55,100.7,101.8,97.15
2025-11-18T15:47:24.647694+01:00,102.8,99.2,100.1,96.075,,103.275,96.425,103.075,103.55,100.7,101.8,97.15
2025-11-18T16:29:18.781218+01:00,102.8,99.2,100.1,96.075,,103.275,96.4,103.075,103.55,100.7,101.8,97.15
2025-11-18T16:48:47.765077+01:00,102.8,99.175,100.075,96.05,,103.275,96.4,103.075,103.55,100.675,101.775,97.125
2025-11-18T17:36:04.607872+01:00,102.8,99.175,100.075,96.025,,103.275,96.4,103.075,103.55,100.675,101.775,97.1
2025-11-18T17:59:37.577567+01:00,102.8,99.175,100.075,96.025,,103.275,96.4,103.075,103.55,100.675,101.775,97.1
2025-11-19T07:37:48.081711+01:00,102.8,99.175,100.075,96.025,,103.275,96.4,103.075,103.55,100.675,101.775,97.1
2025-11-19T07:57:56.345210+01:00,102.8,99.175,100.075,96.025,,103.275,96.4,103.075,103.55,100.675,101.775,97.1
2025-11-19T08:27:29.324124+01:00,102.8,99.175,100.075,96.025,,103.275,96.4,103.075,103.55,100.675,101.775,97.1
2025-11-19T08:43:27.376999+01:00,102.8,99.175,100.075,96.025,,103.275,96.4,103.075,103.55,100.675,101.775,97.1
2025-11-19T08:56:30.772674+01:00,102.8,99.175,100.075,96.025,,103.275,96.4,103.075,103.55,100.675,101.775,97.1
2025-11-19T09:36:00.594187+01:00,102.8,99.1,100.0,95.95,,103.275,96.375,103.075,103.55,100.6,101.7,97.025
2025-11-19T09:58:20.803059+01:00,102.8,99.1,100.0,95.95,,103.275,96.375,103.075,103.55,100.6,101.7,97.025
2025-11-19T10:31:55.784435+01:00,102.8,99.1,100.0,95.95,,103.275,96.35,103.075,103.55,100.6,101.7,97.025
2025-11-19T10:53:32.734154+01:00,102.8,99.1,100.0,95.95,,103.275,96.35,103.075,103.55,100.6,101.7,97.025
2025-11-19T11:29:26.347266+01:00,102.8,99.1,100.0,95.975,,103.275,96.375,103.075,103.55,100.6,101.7,97.05
2025-11-19T11:48:36.542026+01:00,102.8,99.1,100.0,95.95,,103.275,96.375,103.075,103.55,100.6,101.7,97.025
2025-11-19T12:22:44.792394+01:00,102.8,99.1,100.0,95.975,,103.275,96.375,103.075,103.55,100.6,101.7,97.05
2025-11-19T12:41:19.822754+01:00,102.8,99.125,100.025,95.975,,103.275,96.375,103.075,103.55,100.625,101.725,97.05
2025-11-19T12:54:20.445917+01:00,102.8,99.125,100.025,96.0,,103.275,96.375,103.075,103.55,100.625,101.725,97.075
2025-11-19T13:54:54.830248+01:00,102.8,99.175,100.075,96.1,,103.275,96.4,103.075,103.55,100.675,101.775,97.175
2025-11-19T14:36:15.788585+01:00,102.8,99.175,100.075,96.1,,103.275,96.4,103.075,103.55,100.675,101.775,97.175
2025-11-19T14:55:48.005357+01:00,102.8,99.175,100.075,96.1,,103.275,96.425,103.075,103.55,100.675,101.775,97.175
2025-11-19T15:27:19.452166+01:00,102.8,99.15,100.05,96.075,,103.275,96.4,103.075,103.55,100.65,101.75,97.15
2025-11-19T15:48:04.104416+01:00,102.8,99.175,100.075,96.1,,103.275,96.425,103.075,103.55,100.675,101.775,97.175
2025-11-19T16:27:24.036642+01:00,102.8,99.125,100.025,96.025,,103.275,96.375,103.075,103.55,100.625,101.725,97.1
2025-11-19T16:43:07.130334+01:00,102.8,99.1,100.0,96.025,,103.275,96.375,103.075,103.55,100.6,101.7,97.1
2025-11-19T16:56:02.266308+01:00,102.8,99.1,100.0,96.025,,103.275,96.375,103.075,103.55,100.6,101.7,97.1
2025-11-19T17:35:52.219182+01:00,102.8,99.125,100.025,96.025,,103.275,96.375,103.075,103.55,100.625,101.725,97.1
2025-11-19T17:58:31.306528+01:00,102.8,99.125,100.025,96.025,,103.275,96.375,103.075,103.55,100.625,101.725,97.1
2025-11-20T07:37:34.588719+01:00,102.8,99.125,100.025,96.025,,103.275,96.375,103.075,103.55,100.625,101.725,97.1
2025-11-20T07:57:38.110547+01:00,102.8,99.125,100.025,96.025,,103.275,96.375,103.075,103.55,100.625,101.725,97.1
2025-11-20T08:27:16.770773+01:00,102.8,99.125,100.025,96.025,,103.275,96.375,103.075,103.55,100.625,101.725,97.1
2025-11-20T08:42:38.141014+01:00,102.8,99.125,100.025,96.025,,103.275,96.375,103.075,103.55,100.625,101.725,97.1
2025-11-20T08:55:07.632051+01:00,102.8,99.125,100.025,96.025,,103.275,96.375,103.075,103.55,100.625,101.725,97.1
2025-11-20T09:35:19.756623+01:00,102.65,99.075,99.975,96.0,,102.4,96.325,103.025,103.55,100.575,101.675,97.075
2025-11-20T09:57:59.460543+01:00,102.65,99.0,99.95,96.0,,102.4,96.325,103.025,103.55,100.55,101.65,97.075
2025-11-20T10:30:17.252873+01:00,102.65,99.0,99.95,95.975,,102.4,96.325,103.025,103.55,100.55,101.65,97.05
2025-11-20T10:46:26.805490+01:00,102.65,99.0,99.95,95.975,,102.4,96.325,103.025,103.55,100.55,101.65,97.05
2025-11-20T11:28:42.264027+01:00,102.65,99.075,100.025,96.075,,102.4,96.325,103.025,103.55,100.625,101.725,97.15
2025-11-20T11:48:09.662796+01:00,102.65,99.075,100.025,96.05,,102.4,96.325,103.025,103.55,100.625,101.725,97.125
2025-11-20T12:22:41.953489+01:00,102.65,99.075,100.025,96.05,,102.4,96.325,103.025,103.55,100.625,101.725,97.125
2025-11-20T12:40:57.844883+01:00,102.65,99.05,100.0,96.05,,102.4,96.3,103.025,103.55,100.6,101.7,97.125
2025-11-20T12:53:25.369788+01:00,102.65,99.05,100.0,96.025,,102.4,96.3,103.025,103.55,100.6,101.7,97.1
2025-11-20T13:53:39.582050+01:00,102.65,99.05,100.0,96.0,,102.4,96.3,103.025,103.55,100.6,101.7,97.075
2025-11-20T14:34:38.063755+01:00,102.65,99.05,100.0,96.0,,102.4,96.3,103.025,103.55,100.6,101.7,97.075
2025-11-20T14:53:18.996034+01:00,102.65,99.05,100.0,96.0,,102.4,96.3,103.025,103.55,100.6,101.7,97.075
2025-11-20T15:26:32.678976+01:00,102.65,99.05,100.0,96.0,,102.4,96.325,103.025,103.55,100.6,101.7,97.075
2025-11-20T15:44:16.125355+01:00,102.65,99.05,100.0,96.025,,102.4,96.325,103.025,103.55,100.6,101.7,97.1
2025-11-20T15:57:05.695187+01:00,102.65,99.075,100.025,96.025,,102.4,96.325,103.025,103.55,100.625,101.725,97.1
2025-11-20T16:30:30.476465+01:00,102.65,99.075,100.025,96.025,,102.4,96.35,103.025,103.55,100.625,101.725,97.1
2025-11-20T16:47:58.937657+01:00,102.65,99.075,100.025,96.025,,102.4,96.35,103.025,103.55,100.625,101.725,97.1
2025-11-20T17:34:11.393670+01:00,102.65,99.075,100.025,96.05,,102.4,96.35,103.025,103.55,100.625,101.725,97.125
2025-11-20T17:59:40.511285+01:00,102.65,99.075,100.025,96.05,,102.4,96.35,103.025,103.55,100.625,101.725,97.125
2025-11-21T07:39:04.361943+01:00,102.65,99.075,100.025,96.05,,102.4,96.35,103.025,103.55,100.625,101.725,97.125
2025-11-21T07:58:31.669061+01:00,102.65,99.075,100.025,96.05,,102.4,96.35,103.025,103.55,100.625,101.725,97.125
2025-11-21T08:28:24.130763+01:00,102.65,99.075,100.025,96.05,,102.4,96.35,103.025,103.55,100.625,101.725,97.125
2025-11-21T08:43:32.272459+01:00,102.65,99.075,100.025,96.05,,102.4,96.35,103.025,103.55,100.625,101.725,97.125
2025-11-21T08:56:19.254443+01:00,102.65,99.075,100.025,96.05,,102.4,96.35,103.025,103.55,100.625,101.725,97.125
2025-11-21T09:37:17.825702+01:00,102.65,99.125,100.075,96.1,,102.4,96.4,103.025,103.55,100.675,101.775,97.175
2025-11-21T09:57:45.822601+01:00,102.65,99.15,100.1,96.125,,102.4,96.425,103.025,103.55,100.7,101.8,97.2
2025-11-21T10:30:07.160431+01:00,102.65,99.175,100.125,96.125,,102.4,96.425,103.025,103.55,100.725,101.825,97.2
2025-11-21T10:46:39.972501+01:00,102.65,99.175,100.125,96.15,,102.4,96.425,103.025,103.55,100.725,101.825,97.225
2025-11-21T11:27:42.310416+01:00,102.65,99.225,100.175,96.2,,102.4,96.475,103.025,103.55,100.775,101.875,97.275
2025-11-21T11:46:37.641469+01:00,102.65,99.225,100.175,96.2,,102.4,96.45,103.025,103.55,100.775,101.875,97.275
2025-11-21T12:21:29.194673+01:00,102.65,99.175,100.125,96.15,,102.4,96.425,103.025,103.55,100.725,101.825,97.225
2025-11-21T12:40:06.994157+01:00,102.65,99.2,100.15,96.15,,102.4,96.425,103.025,103.55,100.75,101.85,97.225
2025-11-21T12:53:24.132216+01:00,102.65,99.175,100.125,96.15,,102.4,96.425,103.025,103.55,100.725,101.825,97.225
2025-11-21T13:52:42.822334+01:00,102.65,99.15,100.125,96.125,,102.4,96.425,103.025,103.55,100.725,101.825,97.2
2025-11-21T14:32:58.538760+01:00,102.65,99.15,100.1,96.1,,102.4,96.425,103.025,103.55,100.7,101.8,97.175
2025-11-21T14:53:28.498840+01:00,102.65,99.15,100.1,96.1,,102.4,96.425,103.025,103.55,100.7,101.8,97.175
2025-11-21T15:25:27.276303+01:00,102.65,99.125,100.075,96.05,,102.4,96.425,103.025,103.55,100.675,101.775,97.125
2025-11-21T15:44:54.065388+01:00,102.65,99.125,100.075,96.075,,102.4,96.425,103.025,103.55,100.675,101.775,97.15
2025-11-21T15:57:46.255837+01:00,102.65,99.075,100.025,96.025,,102.4,96.425,103.025,103.55,100.625,101.725,97.1
2025-11-21T16:25:03.145703+01:00,102.65,99.075,100.025,96.025,,102.4,96.425,103.025,103.55,100.625,101.725,97.1
2025-11-21T16:39:33.226579+01:00,102.65,99.1,100.05,96.05,,102.4,96.45,103.025,103.55,100.65,101.75,97.125
2025-11-21T16:53:43.784794+01:00,102.65,99.075,100.025,96.025,,102.4,96.425,103.025,103.55,100.625,101.725,97.1
2025-11-21T17:31:25.278688+01:00,102.65,99.075,100.025,96.0,,102.4,96.425,103.025,103.55,100.625,101.725,97.075
2025-11-21T17:55:10.654829+01:00,102.65,99.075,100.025,96.0,,102.4,96.425,103.025,103.55,100.625,101.725,97.075
2025-11-24T07:39:31.998643+01:00,102.65,99.075,100.025,96.165,,102.4,96.425,103.025,103.55,100.625,101.725,97.075
2025-11-24T07:58:09.160959+01:00,102.65,99.075,100.025,96.165,,102.4,96.425,103.025,103.55,100.625,101.725,97.075
2025-11-24T08:28:09.208897+01:00,102.65,99.075,100.025,96.165,,102.4,96.425,103.025,103.55,100.625,101.725,97.075
2025-11-24T08:43:39.998244+01:00,102.65,99.075,100.025,96.165,,102.4,96.425,103.025,103.55,100.625,101.725,97.075
2025-11-24T08:56:11.680241+01:00,102.65,99.075,100.025,96.165,,102.4,96.425,103.025,103.55,100.625,101.725,97.075
2025-11-24T09:38:33.457088+01:00,102.65,99.1,100.05,96.05,,102.4,96.425,103.025,103.55,100.65,101.75,97.125
2025-11-24T09:59:17.665454+01:00,102.65,99.125,100.075,96.05,,102.4,96.45,103.025,103.55,100.675,101.775,97.125
2025-11-24T10:35:29.705846+01:00,102.65,99.15,100.1,96.075,,102.4,96.45,103.025,103.55,100.7,101.8,97.15
2025-11-24T10:54:21.393295+01:00,102.65,99.125,100.075,96.075,,102.4,96.45,103.025,103.55,100.675,101.775,97.15
2025-11-24T11:30:23.564173+01:00,102.65,99.125,100.075,96.05,,102.4,96.375,103.025,103.55,100.675,101.775,97.125
2025-11-24T11:51:07.858799+01:00,102.65,99.1,100.05,96.025,,102.4,96.375,103.025,103.55,100.65,101.75,97.1
2025-11-24T12:23:35.811983+01:00,102.65,99.1,100.05,96.025,,102.4,96.375,103.025,103.55,100.65,101.75,97.1
2025-11-24T12:42:16.059017+01:00,102.65,99.075,100.025,96.025,,102.4,96.35,103.025,103.55,100.625,101.725,97.1
2025-11-24T12:55:13.642790+01:00,102.65,99.075,100.025,96.0,,102.4,96.35,103.025,103.55,100.625,101.725,97.075
2025-11-24T13:55:49.639694+01:00,102.65,99.075,100.025,96.0,,102.4,96.35,103.025,103.55,100.625,101.725,97.075
2025-11-24T14:37:54.887959+01:00,102.65,99.025,99.975,95.925,,102.4,96.325,103.025,103.55,100.6,101.675,97.0
2025-11-24T14:57:08.781860+01:00,102.65,99.025,99.975,95.925,,102.4,96.325,103.025,103.55,100.6,101.675,97.0
2025-11-24T15:30:17.890584+01:00,102.65,99.025,99.975,95.925,,102.4,96.325,103.025,103.55,100.6,101.675,97.0
2025-11-24T15:50:16.851394+01:00,102.65,99.025,99.975,95.95,,102.4,96.35,103.025,103.55,100.6,101.675,97.025
2025-11-24T16:30:09.983487+01:00,102.65,99.05,100.0,95.95,,102.4,96.35,103.025,103.55,100.625,101.7,97.025
2025-11-24T16:48:48.078035+01:00,102.65,99.05,100.0,95.95,,102.4,96.35,103.025,103.55,100.625,101.7,97.025
2025-11-24T17:29:56.592763+01:00,102.65,99.05,100.0,95.95,,102.4,96.35,103.025,103.55,100.625,101.7,97.025
2025-11-24T17:49:35.361537+01:00,102.65,99.05,100.0,95.95,,102.4,96.35,103.025,103.55,100.625,101.7,97.025
2025-11-25T07:39:43.312471+01:00,102.65,99.05,100.0,95.95,,102.4,96.35,103.025,103.875,100.625,101.7,97.025
2025-11-25T07:59:17.570249+01:00,102.65,99.05,100.0,95.95,,102.4,96.35,103.025,103.875,100.625,101.7,97.025
2025-11-25T08:28:40.486758+01:00,102.65,99.05,100.0,95.95,,102.4,96.35,103.025,103.875,100.625,101.7,97.025
2025-11-25T08:43:50.073114+01:00,102.65,99.05,100.0,95.95,,102.4,96.35,103.025,103.875,100.625,101.7,97.025
2025-11-25T08:56:33.574293+01:00,102.65,99.05,100.0,95.95,,102.4,96.35,103.025,103.875,100.625,101.7,97.025
2025-11-25T09:37:46.091284+01:00,102.65,99.05,100.0,95.95,,102.4,96.35,103.025,103.875,100.625,101.7,97.025
2025-11-25T09:59:33.708663+01:00,102.65,99.05,100.0,95.95,,102.4,96.35,103.025,103.875,100.625,101.7,97.025
2025-11-25T10:33:52.898373+01:00,102.65,99.05,100.0,95.975,,102.4,96.35,103.025,103.875,100.625,101.7,97.05
2025-11-25T10:54:51.346467+01:00,102.65,99.075,100.025,96.0,,102.4,96.375,103.025,103.875,100.65,101.725,97.075
2025-11-25T11:31:16.394473+01:00,102.65,99.075,100.025,96.0,,102.4,96.375,103.025,103.875,100.65,101.725,97.075
2025-11-25T11:56:14.792421+01:00,102.65,99.075,100.025,96.025,,102.4,96.375,103.025,103.875,100.65,101.725,97.1
2025-11-25T12:25:20.019185+01:00,102.65,99.075,100.025,96.025,,102.4,96.375,103.025,103.875,100.65,101.725,97.1
2025-11-25T12:42:36.615548+01:00,102.65,99.075,100.025,96.025,,102.4,96.375,103.025,103.875,100.65,101.725,97.1
2025-11-25T12:55:34.380102+01:00,102.65,99.1,100.05,96.05,,102.4,96.375,103.025,103.875,100.675,101.75,97.125
2025-11-25T13:55:39.637695+01:00,102.65,99.075,100.025,96.025,,102.4,96.375,103.025,103.875,100.65,101.725,97.125
2025-11-25T14:38:32.089957+01:00,102.65,99.15,100.1,96.125,,102.4,96.4,103.025,103.875,100.725,101.8,97.2
2025-11-25T14:56:27.144963+01:00,102.65,99.125,100.075,96.1,,102.4,96.4,103.025,103.875,100.7,101.775,97.175
2025-11-25T15:29:53.334944+01:00,102.65,99.15,100.1,96.125,,102.4,96.4,103.025,103.875,100.725,101.8,97.2
2025-11-25T15:49:14.725219+01:00,102.75,99.15,100.1,96.125,,103.225,96.4,103.025,103.5,100.725,101.8,97.2
2025-11-25T16:29:25.863117+01:00,102.75,99.15,100.1,96.15,,103.225,96.425,103.025,103.5,100.725,101.8,97.225
2025-11-25T16:48:45.132748+01:00,102.75,99.15,100.1,96.15,,103.225,96.425,103.025,103.5,100.725,101.8,97.225
2025-11-25T17:35:47.790975+01:00,102.75,99.15,100.1,96.15,,103.225,96.425,103.025,103.5,100.725,101.8,97.225
2025-11-25T18:00:13.412563+01:00,102.75,99.15,100.1,96.15,,103.225,96.425,103.025,103.5,100.725,101.8,97.225
2025-11-26T07:39:36.135075+01:00,102.75,99.15,100.1,96.15,,103.225,96.425,103.025,103.5,100.725,101.8,97.225
2025-11-26T07:58:37.462660+01:00,102.75,99.15,100.1,96.15,,103.225,96.425,103.025,103.5,100.725,101.8,97.225
2025-11-26T08:27:58.343995+01:00,102.75,99.15,100.1,96.15,,103.225,96.425,103.025,103.5,100.725,101.8,97.225
2025-11-26T08:43:51.634873+01:00,102.75,99.15,100.1,96.15,,103.225,96.425,103.025,103.5,100.725,101.8,97.225
2025-11-26T08:56:42.722957+01:00,102.75,99.15,100.1,96.15,,103.225,96.425,103.025,103.5,100.725,101.8,97.225
2025-11-26T09:37:15.932914+01:00,102.75,99.125,100.075,96.125,,103.225,96.4,103.025,103.5,100.7,101.775,97.2
2025-11-26T09:58:43.204660+01:00,102.75,99.15,100.1,96.125,,103.225,96.4,103.025,103.5,100.725,101.8,97.2
2025-11-26T10:32:52.795321+01:00,102.75,99.125,100.075,96.125,,103.225,96.4,103.025,103.5,100.7,101.775,97.2
2025-11-26T10:54:22.623453+01:00,102.75,99.15,100.1,96.125,,103.225,96.4,103.025,103.5,100.725,101.8,97.2
2025-11-26T11:30:24.958485+01:00,102.7,99.25,100.15,96.15,,103.25,96.4,102.975,103.45,100.775,101.85,97.225
2025-11-26T11:50:59.529780+01:00,102.7,99.25,100.15,96.175,,103.25,96.4,102.975,103.45,100.775,101.85,97.25
2025-11-26T12:23:03.292195+01:00,102.7,99.25,100.15,96.15,,103.25,96.4,102.975,103.45,100.775,101.85,97.225
2025-11-26T12:41:44.293349+01:00,102.7,99.25,100.15,96.15,,103.25,96.4,102.975,103.45,100.775,101.85,97.225
2025-11-26T12:54:43.765197+01:00,102.7,99.275,100.175,96.2,,103.25,96.425,102.975,103.45,100.8,101.875,97.275
2025-11-26T13:56:36.615071+01:00,102.7,99.225,100.125,96.15,,103.25,96.375,102.975,103.45,100.75,101.825,97.225
2025-11-26T14:39:27.807135+01:00,102.65,99.25,100.15,96.2,,103.2,96.4,102.925,103.4,100.775,101.85,97.275
2025-11-26T14:56:53.728379+01:00,102.65,99.25,100.15,96.175,,103.2,96.375,102.925,103.4,100.775,101.85,97.25
2025-11-26T15:30:11.445098+01:00,102.65,99.25,100.15,96.2,,103.2,96.4,102.925,103.4,100.775,101.85,97.275
2025-11-26T15:50:00.670612+01:00,102.65,99.25,100.15,96.2,,103.2,96.4,102.925,103.4,100.775,101.85,97.275
2025-11-26T16:26:39.399052+01:00,102.65,99.225,100.125,96.225,,103.2,96.375,102.925,103.4,100.75,101.825,97.3
2025-11-26T16:45:21.664802+01:00,102.65,99.25,100.15,96.25,,103.2,96.4,102.925,103.4,100.775,101.85,97.325
2025-11-26T16:58:03.941084+01:00,102.65,99.25,100.15,96.25,,103.2,96.4,102.925,103.4,100.775,101.85,97.325
2025-11-26T17:36:52.898886+01:00,102.65,99.25,100.15,96.25,,103.2,96.4,102.925,103.4,100.775,101.85,97.325
2025-11-26T17:58:41.129952+01:00,102.65,99.25,100.15,96.25,,103.2,96.4,102.925,103.4,100.775,101.85,97.325
2025-11-27T07:39:52.111409+01:00,102.65,99.25,100.15,96.25,,103.2,96.4,102.925,103.4,100.775,101.85,97.325
2025-11-27T07:59:13.591658+01:00,102.65,99.25,100.15,96.25,,103.2,96.4,102.925,103.4,100.775,101.85,97.325
2025-11-27T08:29:40.673488+01:00,102.65,99.25,100.15,96.25,,103.2,96.4,102.925,103.4,100.775,101.85,97.325
2025-11-27T08:44:32.357009+01:00,102.65,99.25,100.15,96.25,,103.2,96.4,102.925,103.4,100.775,101.85,97.325
2025-11-27T08:57:11.617661+01:00,102.65,99.25,100.15,96.25,,103.2,96.4,102.925,103.4,100.775,101.85,97.325
2025-11-27T09:37:46.100729+01:00,102.65,99.275,100.15,96.3,,103.2,96.4,102.925,103.4,100.775,101.85,97.35
2025-11-27T09:58:32.429039+01:00,102.65,99.275,100.15,96.325,,103.2,96.4,102.925,103.4,100.775,101.85,97.35
2025-11-27T10:32:08.407770+01:00,102.65,99.275,100.175,96.325,,103.2,96.45,102.925,103.4,100.8,101.875,97.4
2025-11-27T10:53:40.145646+01:00,102.65,99.275,100.175,96.325,,103.2,96.45,102.925,103.4,100.8,101.875,97.4
2025-11-27T11:29:59.973480+01:00,102.65,99.275,100.175,96.325,,103.2,96.45,102.925,103.4,100.8,101.875,97.4
2025-11-27T11:49:08.592327+01:00,102.65,99.275,100.175,96.325,,103.2,96.45,102.925,103.4,100.8,101.875,97.4
2025-11-27T12:23:10.798553+01:00,102.65,99.275,100.175,96.325,,103.2,96.45,102.925,103.4,100.8,101.875,97.4
2025-11-27T12:41:36.965607+01:00,102.65,99.275,100.175,96.325,,103.2,96.45,102.925,103.4,100.8,101.875,97.4
2025-11-27T12:54:33.029078+01:00,102.65,99.275,100.175,96.325,,103.2,96.45,102.925,103.4,100.8,101.875,97.4
2025-11-27T13:55:05.957875+01:00,102.65,99.275,100.175,96.325,,103.2,96.45,102.925,103.4,100.8,101.875,97.4
2025-11-27T14:36:37.066811+01:00,102.65,99.325,100.175,96.4,,103.2,96.45,102.925,103.4,100.8,101.875,97.475
2025-11-27T14:56:02.328039+01:00,102.65,99.35,100.2,96.4,,103.2,96.45,102.925,103.4,100.825,101.9,97.475
2025-11-27T15:28:34.951197+01:00,102.65,99.325,100.175,96.375,,103.2,96.45,102.925,103.4,100.8,101.875,97.45
2025-11-27T15:47:46.843932+01:00,102.65,99.35,100.2,96.4,,103.2,96.475,102.925,103.4,100.825,101.9,97.475
2025-11-27T16:27:09.913215+01:00,102.65,99.325,100.175,96.4,,103.2,96.45,102.925,103.4,100.8,101.875,97.475
2025-11-27T16:44:28.047354+01:00,102.65,99.35,100.2,96.4,,103.2,96.475,102.925,103.4,100.825,101.9,97.475
2025-11-27T16:57:07.843861+01:00,102.65,99.325,100.175,96.4,,103.2,96.45,102.925,103.4,100.8,101.875,97.475
2025-11-27T17:35:00.821150+01:00,102.65,99.35,100.2,96.4,,103.2,96.475,102.925,103.4,100.825,101.9,97.475
2025-11-27T17:57:08.385801+01:00,102.65,99.35,100.2,96.4,,103.2,96.475,102.925,103.4,100.825,101.9,97.475
2025-11-28T07:39:41.070399+01:00,102.65,99.35,100.2,96.4,,103.2,96.475,102.925,103.4,100.825,101.9,97.475
2025-11-28T07:59:04.311141+01:00,102.65,99.35,100.2,96.4,,103.2,96.475,102.925,103.4,100.825,101.9,97.475
2025-11-28T08:28:38.661345+01:00,102.65,99.35,100.2,96.4,,103.2,96.475,102.925,103.4,100.825,101.9,97.475
2025-11-28T08:43:56.521784+01:00,102.65,99.35,100.2,96.4,,103.2,96.475,102.925,103.4,100.825,101.9,97.475
2025-11-28T08:56:47.393150+01:00,102.65,99.35,100.2,96.4,,103.2,96.475,102.925,103.4,100.825,101.9,97.475
2025-11-28T09:37:34.078599+01:00,102.65,99.3,100.15,96.375,,103.2,96.425,102.925,103.4,100.775,101.85,97.45
2025-11-28T09:58:50.169380+01:00,102.65,99.275,100.125,96.35,,103.2,96.425,102.925,103.4,100.75,101.825,97.425
2025-11-28T10:30:29.664520+01:00,102.65,99.275,100.125,96.375,,103.2,96.425,102.925,103.4,100.75,101.825,97.45
2025-11-28T10:52:54.454195+01:00,102.65,99.325,100.175,96.375,,103.2,96.425,102.925,103.4,100.8,101.875,97.45
2025-11-28T11:28:37.596739+01:00,102.65,99.35,100.2,96.375,,103.2,96.425,102.925,103.4,100.825,101.9,97.45
2025-11-28T11:47:40.935406+01:00,102.65,99.35,100.2,96.4,,103.2,96.425,102.925,103.4,100.825,101.9,97.475
2025-11-28T12:22:33.984407+01:00,102.65,99.375,100.225,96.425,,103.2,96.45,102.925,103.4,100.85,101.925,97.5
2025-11-28T12:40:50.504263+01:00,102.65,99.375,100.225,96.425,,103.2,96.45,102.925,103.4,100.85,101.925,97.5
2025-11-28T12:53:26.406388+01:00,102.65,99.375,100.225,96.4,,103.2,96.45,102.925,103.4,100.85,101.925,97.475
2025-11-28T13:53:50.667410+01:00,102.65,99.35,100.2,96.4,,103.2,96.45,102.925,103.4,100.825,101.9,97.475
2025-11-28T14:34:45.931932+01:00,102.65,99.35,100.2,96.375,,103.2,96.425,102.925,103.4,100.825,101.9,97.45
2025-11-28T14:53:44.040021+01:00,102.65,99.35,100.2,96.375,,103.2,96.425,102.925,103.4,100.825,101.9,97.45
2025-11-28T15:26:43.756634+01:00,102.65,99.35,100.2,96.4,,103.2,96.425,102.925,103.4,100.825,101.9,97.475
2025-11-28T15:45:45.587226+01:00,102.65,99.325,100.175,96.375,,103.2,96.4,102.925,103.4,100.8,101.875,97.45
2025-11-28T16:26:25.141223+01:00,102.65,99.325,100.175,96.375,,103.2,96.4,102.925,103.4,100.8,101.875,97.45
2025-11-28T16:42:53.675697+01:00,102.65,99.325,100.175,96.35,,103.2,96.4,102.925,103.4,100.8,101.875,97.425
2025-11-28T16:55:49.696333+01:00,102.65,99.3,100.15,96.35,,103.2,96.4,102.925,103.4,100.775,101.85,97.425
2025-11-28T17:33:19.014917+01:00,102.65,99.325,100.175,96.35,,103.2,96.4,102.925,103.4,100.8,101.875,97.425
2025-11-28T17:55:34.879459+01:00,102.65,99.325,100.175,96.35,,103.2,96.4,102.925,103.4,100.8,101.875,97.425
2025-12-01T07:42:23.884204+01:00,102.65,99.325,100.175,96.481,,103.2,96.4,102.925,103.4,100.8,101.875,97.425
2025-12-01T08:01:29.471797+01:00,102.65,99.325,100.175,96.481,,103.2,96.4,102.925,103.4,100.8,101.875,97.425
2025-12-01T08:35:50.332546+01:00,102.65,99.325,100.175,96.481,,103.2,96.4,102.925,103.4,100.8,101.875,97.425
2025-12-01T08:53:27.175122+01:00,102.65,99.325,100.175,96.481,,103.2,96.4,102.925,103.4,100.8,101.875,97.425
2025-12-01T09:39:12.326680+01:00,102.65,99.25,100.1,96.25,,103.2,96.35,102.925,103.4,100.725,101.8,97.325
2025-12-01T10:00:44.247298+01:00,102.65,99.25,100.1,96.25,,103.2,96.35,102.925,103.4,100.725,101.8,97.325
2025-12-01T10:43:30.338222+01:00,102.65,99.225,100.075,96.225,,103.2,96.325,102.925,103.4,100.7,101.775,97.3
2025-12-01T10:57:02.867921+01:00,102.65,99.225,100.075,96.225,,103.2,96.325,102.925,103.4,100.7,101.775,97.3
2025-12-01T11:34:45.449989+01:00,102.65,99.25,100.1,96.25,,103.2,96.35,102.925,103.4,100.725,101.8,97.325
2025-12-01T11:56:52.183883+01:00,102.65,99.25,100.1,96.25,,103.2,96.35,102.925,103.4,100.725,101.8,97.325
2025-12-01T12:25:32.876191+01:00,102.65,99.25,100.1,96.25,,103.2,96.35,102.925,103.4,100.725,101.8,97.325
2025-12-01T12:42:48.096630+01:00,102.65,99.25,100.1,96.25,,103.2,96.35,102.925,103.4,100.725,101.8,97.325
2025-12-01T12:55:51.809657+01:00,102.65,99.25,100.1,96.25,,103.2,96.35,102.925,103.4,100.725,101.8,97.325
2025-12-01T13:58:30.531642+01:00,102.65,99.2,100.05,96.225,,103.2,96.325,102.925,103.4,100.675,101.75,97.3
2025-12-01T14:41:31.098795+01:00,102.65,99.2,100.05,96.225,,103.2,96.325,102.925,103.4,100.675,101.75,97.3
2025-12-01T14:57:37.112385+01:00,102.65,99.2,100.05,96.225,,103.2,96.3,102.925,103.4,100.675,101.75,97.3
2025-12-01T15:32:32.437046+01:00,102.65,99.175,100.025,96.175,,103.2,96.275,102.925,103.4,100.65,101.725,97.25
2025-12-01T15:57:42.248876+01:00,102.65,99.175,100.025,96.2,,103.2,96.275,102.925,103.4,100.65,101.725,97.275
2025-12-01T16:32:23.802803+01:00,102.65,99.175,100.025,96.2,,103.2,96.275,102.925,103.4,100.65,101.725,97.275
2025-12-01T16:55:10.711407+01:00,102.65,99.175,100.025,96.2,,103.2,96.275,102.925,103.4,100.65,101.725,97.275
2025-12-01T17:36:48.090318+01:00,102.65,99.175,100.025,96.2,,103.2,96.275,102.925,103.4,100.65,101.725,97.275
2025-12-01T18:01:02.493633+01:00,102.65,99.175,100.025,96.2,,103.2,96.275,102.925,103.4,100.65,101.725,97.275
2025-12-02T07:40:58.226587+01:00,102.65,99.175,100.025,96.2,,103.2,96.275,102.925,103.4,100.65,101.725,97.275
2025-12-02T08:00:22.410130+01:00,102.65,99.175,100.025,96.2,,103.2,96.275,102.925,103.4,100.65,101.725,97.275
2025-12-02T08:32:01.709820+01:00,102.65,99.175,100.025,96.2,,103.2,96.275,102.925,103.4,100.65,101.725,97.275
2025-12-02T08:53:34.290197+01:00,102.65,99.175,100.025,96.2,,103.2,96.275,102.925,103.4,100.65,101.725,97.275
2025-12-02T09:38:06.286090+01:00,102.65,99.175,100.0,96.175,,102.4,96.275,102.925,103.4,100.625,101.7,97.25
2025-12-02T10:01:32.780717+01:00,102.65,99.175,100.025,96.2,,102.4,96.275,102.925,103.4,100.65,101.725,97.275
2025-12-02T10:41:57.533511+01:00,102.65,99.175,100.025,96.2,,102.4,96.275,102.925,103.4,100.65,101.725,97.275
2025-12-02T10:57:56.993193+01:00,102.65,99.175,100.025,96.2,,102.4,96.275,102.925,103.4,100.65,101.725,97.275
2025-12-02T11:34:03.969336+01:00,102.65,99.125,99.975,96.15,,102.4,96.175,102.925,103.4,100.6,101.65,97.225
2025-12-02T11:56:10.587232+01:00,102.65,99.125,99.975,96.15,,102.4,96.175,102.925,103.4,100.6,101.65,97.225
2025-12-02T12:26:57.159566+01:00,102.65,99.125,99.975,96.15,,102.4,96.175,102.925,103.4,100.6,101.65,97.225
2025-12-02T12:43:35.735996+01:00,102.65,99.125,99.975,96.15,,102.4,96.175,102.925,103.4,100.6,101.65,97.225
2025-12-02T12:56:33.937207+01:00,102.65,99.15,100.0,96.125,,102.4,96.175,102.925,103.4,100.625,101.65,97.2
2025-12-02T14:00:37.127310+01:00,102.65,99.125,99.975,96.1,,102.4,96.175,102.925,103.4,100.6,101.625,97.175
2025-12-02T14:48:54.359887+01:00,102.65,99.125,99.975,96.1,,102.4,96.175,102.925,103.4,100.6,101.625,97.175
2025-12-02T15:29:22.164745+01:00,102.65,99.125,99.975,96.1,,102.4,96.175,102.925,103.4,100.6,101.575,97.175
2025-12-02T15:52:13.406048+01:00,102.65,99.125,99.975,96.125,,102.4,96.175,102.925,103.4,100.6,101.575,97.2
2025-12-02T16:31:08.587716+01:00,102.65,99.15,100.0,96.125,,102.4,96.175,102.925,103.4,100.625,101.6,97.2
2025-12-02T16:57:15.030221+01:00,102.65,99.15,100.0,96.125,,102.4,96.2,102.925,103.4,100.625,101.6,97.2
2025-12-02T17:39:43.006479+01:00,102.65,99.15,100.0,96.125,,102.4,96.175,102.925,103.4,100.625,101.6,97.2
2025-12-02T18:01:46.242503+01:00,102.65,99.15,100.0,96.125,,102.4,96.175,102.925,103.4,100.625,101.6,97.2
2025-12-03T07:40:39.110986+01:00,102.65,99.15,100.0,96.125,,102.4,96.175,102.925,103.4,100.625,101.6,97.2
2025-12-03T07:59:33.877160+01:00,102.65,99.15,100.0,96.125,,102.4,96.175,102.925,103.4,100.625,101.6,97.2
2025-12-03T08:30:51.444039+01:00,102.65,99.15,100.0,96.125,,102.4,96.175,102.925,103.4,100.625,101.6,97.2
2025-12-03T08:53:02.633168+01:00,102.65,99.15,100.0,96.125,,102.4,96.175,102.925,103.4,100.625,101.6,97.2
2025-12-03T09:38:41.644571+01:00,102.65,99.175,100.025,96.15,,102.4,96.2,102.925,103.4,100.65,101.625,97.225
2025-12-03T10:01:10.645745+01:00,102.65,99.15,100.0,96.15,,102.4,96.2,102.925,103.4,100.625,101.6,97.225
2025-12-03T10:39:35.371272+01:00,102.65,99.125,99.975,96.125,,102.4,96.05,102.925,103.4,100.6,101.575,97.2
2025-12-03T10:55:05.943464+01:00,102.65,99.125,99.975,96.125,,102.4,96.075,102.925,103.4,100.6,101.575,97.2
2025-12-03T11:32:04.476872+01:00,102.65,99.125,99.975,96.125,,102.4,96.0,102.925,103.4,100.6,101.575,97.2
2025-12-03T11:56:42.052689+01:00,102.65,99.1,99.95,96.125,,102.4,96.0,102.925,103.4,100.575,101.55,97.2
2025-12-03T12:26:24.888903+01:00,102.65,99.125,99.975,96.125,,102.4,96.225,102.925,103.4,100.6,101.575,97.2
2025-12-03T12:44:25.110058+01:00,102.65,99.125,99.975,96.125,,102.4,96.225,102.925,103.4,100.6,101.575,97.2
2025-12-03T12:57:23.920522+01:00,102.65,99.125,99.975,96.15,,102.4,96.225,102.925,103.4,100.6,101.575,97.225
2025-12-03T14:01:41.642068+01:00,102.65,99.15,100.0,96.125,,102.4,96.225,102.925,103.4,100.625,101.6,97.2
2025-12-03T14:48:38.650955+01:00,102.65,99.15,100.0,96.125,,102.4,96.225,102.925,103.4,100.625,101.6,97.2
2025-12-03T15:28:49.434680+01:00,102.65,99.15,100.0,96.125,,102.4,96.225,102.925,103.4,100.625,101.6,97.2
2025-12-03T15:51:38.519198+01:00,102.65,99.125,99.975,96.125,,102.4,96.225,102.925,103.4,100.6,101.575,97.2
2025-12-03T16:30:49.881222+01:00,102.65,99.125,99.975,96.1,,102.4,96.225,102.925,103.4,100.6,101.575,97.175
2025-12-03T16:56:34.121751+01:00,102.65,99.125,99.975,96.1,,102.4,96.2,102.925,103.4,100.6,101.575,97.175
2025-12-03T17:39:43.116665+01:00,102.65,99.125,99.975,96.1,,102.4,96.2,102.925,103.4,100.6,101.575,97.175
2025-12-03T18:01:29.176042+01:00,102.65,99.125,99.975,96.1,,102.4,96.2,102.925,103.4,100.6,101.575,97.175
2025-12-04T07:40:37.229993+01:00,102.65,99.125,99.975,96.1,,102.4,96.2,102.925,103.4,100.6,101.575,97.175
2025-12-04T07:59:22.280055+01:00,102.65,99.125,99.975,96.1,,102.4,96.2,102.925,103.4,100.6,101.575,97.175
2025-12-04T08:30:11.215492+01:00,102.65,99.125,99.975,96.1,,102.4,96.2,102.925,103.4,100.6,101.575,97.175
2025-12-04T08:45:42.321818+01:00,102.65,99.125,99.975,96.1,,102.4,96.2,102.925,103.4,100.6,101.575,97.175
2025-12-04T09:36:58.798021+01:00,102.65,99.05,99.9,96.025,,102.4,96.2,102.925,103.4,100.525,101.525,97.1
2025-12-04T09:59:52.882861+01:00,102.65,99.05,99.9,96.025,,102.4,96.2,102.925,103.4,100.525,101.5,97.1
2025-12-04T10:34:55.913446+01:00,102.65,99.05,99.9,96.025,,102.4,96.2,102.925,103.4,100.525,101.5,97.1
2025-12-04T10:55:28.384192+01:00,102.65,99.05,99.9,96.025,,102.4,96.2,102.925,103.4,100.525,101.5,97.1
2025-12-04T11:31:42.292179+01:00,102.65,99.05,99.9,96.025,,102.4,96.2,102.925,103.4,100.525,101.5,97.1
2025-12-04T11:56:32.170996+01:00,102.65,99.075,99.925,96.025,,102.4,96.2,102.925,103.4,100.55,101.525,97.1
2025-12-04T12:27:04.129531+01:00,102.65,99.075,99.925,96.025,,102.4,96.2,102.925,103.4,100.55,101.525,97.1
2025-12-04T12:43:29.989553+01:00,102.65,98.975,99.875,95.95,,102.4,96.1,102.925,103.4,100.5,101.475,97.025
2025-12-04T12:56:33.331373+01:00,102.65,98.95,99.85,95.95,,102.4,96.1,102.925,103.4,100.475,101.45,97.025
2025-12-04T14:00:51.059499+01:00,102.65,98.95,99.85,95.875,,102.4,96.075,102.925,103.4,100.475,101.45,96.95
2025-12-04T14:49:29.860720+01:00,102.65,98.95,99.85,95.825,,102.4,96.075,102.925,103.4,100.475,101.45,96.9
2025-12-04T15:28:39.050002+01:00,102.65,98.9,99.8,95.825,,102.4,96.1,102.925,103.4,100.425,101.4,96.9
2025-12-04T15:51:23.480622+01:00,102.65,98.9,99.8,95.825,,102.4,96.075,102.925,103.4,100.425,101.4,96.9
2025-12-04T16:31:06.971122+01:00,102.65,98.9,99.8,95.825,,102.4,96.075,102.925,103.4,100.425,101.4,96.9
2025-12-04T16:56:29.138089+01:00,102.65,98.9,99.8,95.825,,102.4,96.075,102.925,103.4,100.425,101.4,96.9
2025-12-04T17:39:55.446190+01:00,102.65,98.9,99.8,95.8,,102.4,96.075,102.925,103.4,100.425,101.4,96.875
2025-12-04T18:02:07.583866+01:00,102.65,98.9,99.8,95.8,,102.4,96.075,102.925,103.4,100.425,101.4,96.875
2025-12-05T07:40:51.208725+01:00,102.65,98.9,99.8,95.8,,102.4,96.075,102.925,103.4,100.425,101.4,96.875
2025-12-05T07:59:46.459814+01:00,102.65,98.9,99.8,95.8,,102.4,96.075,102.925,103.4,100.425,101.4,96.875
2025-12-05T08:30:35.199205+01:00,102.65,98.9,99.8,95.8,,102.4,96.075,102.925,103.4,100.425,101.4,96.875
2025-12-05T08:53:31.606806+01:00,102.65,98.9,99.8,95.8,,102.4,96.075,102.925,103.4,100.425,101.4,96.875
2025-12-05T09:35:33.243569+01:00,102.65,98.875,99.775,95.775,,102.4,96.05,102.925,103.4,100.4,101.375,96.85
2025-12-05T09:59:04.097091+01:00,102.65,98.875,99.775,95.775,,102.4,96.05,102.925,103.4,100.4,101.375,96.85
2025-12-05T10:32:00.859600+01:00,102.65,98.85,99.75,95.75,,102.4,96.075,102.925,103.4,100.375,101.35,96.825
2025-12-05T10:53:36.789243+01:00,102.65,98.8,99.7,95.7,,102.4,96.075,102.925,103.4,100.325,101.3,96.775
2025-12-05T11:29:25.572066+01:00,102.65,98.775,99.675,95.675,,102.4,96.0,102.925,103.4,100.3,101.275,96.75
2025-12-05T11:48:56.957625+01:00,102.65,98.775,99.675,95.675,,102.4,96.0,102.925,103.4,100.3,101.275,96.75
2025-12-05T12:24:31.406939+01:00,102.65,98.725,99.625,95.625,,102.4,95.8,102.925,103.4,100.25,101.225,96.7
2025-12-05T12:41:57.208208+01:00,102.65,98.725,99.625,95.625,,102.4,95.8,102.925,103.4,100.25,101.225,96.7
2025-12-05T12:54:41.346339+01:00,102.65,98.725,99.625,95.625,,102.4,95.8,102.95,103.425,100.25,101.225,96.7
2025-12-05T13:54:54.021207+01:00,102.65,98.725,99.625,95.6,,102.4,95.8,102.95,103.425,100.25,101.225,96.675
2025-12-05T14:37:07.999107+01:00,102.65,98.75,99.65,95.6,,102.4,95.8,102.95,103.425,100.275,101.25,96.675
2025-12-05T14:56:17.924204+01:00,102.65,98.75,99.65,95.6,,102.4,95.8,102.95,103.425,100.275,101.25,96.675
2025-12-05T15:29:54.938331+01:00,102.65,98.75,99.65,95.625,,102.4,95.75,102.95,103.425,100.275,101.45,96.7
2025-12-05T15:48:17.669673+01:00,102.65,98.725,99.625,95.575,,102.4,95.725,102.95,103.425,100.25,101.425,96.65
2025-12-05T16:29:28.169133+01:00,102.65,98.7,99.6,95.55,,102.4,95.725,102.95,103.425,100.225,101.4,96.625
2025-12-05T16:48:05.027729+01:00,102.65,98.7,99.6,95.55,,102.4,95.725,102.95,103.425,100.225,101.4,96.625
2025-12-05T17:34:14.202452+01:00,102.65,98.7,99.6,95.55,,102.4,95.725,102.95,103.425,100.225,101.4,96.625
2025-12-05T17:58:14.768878+01:00,102.65,98.7,99.6,95.55,,102.4,95.725,102.95,103.425,100.225,101.4,96.625
2025-12-08T07:44:05.739664+01:00,102.65,98.7,99.6,95.718,,102.4,95.725,102.95,103.425,100.225,101.4,96.625
2025-12-08T08:03:12.469758+01:00,102.65,98.7,99.6,95.718,,102.4,95.725,102.95,103.425,100.225,101.4,96.625
2025-12-08T08:36:47.771691+01:00,102.65,98.7,99.6,95.718,,102.4,95.725,102.95,103.425,100.225,101.4,96.625
2025-12-08T08:53:35.884833+01:00,102.65,98.7,99.6,95.718,,102.4,95.725,102.95,103.425,100.225,101.4,96.625
2025-12-08T09:39:03.740076+01:00,102.65,98.6,99.5,95.425,,102.4,95.6,102.95,103.425,100.125,101.3,96.5
2025-12-08T10:00:57.173552+01:00,102.65,98.575,99.475,95.4,,102.4,95.575,102.95,103.425,100.1,101.275,96.475
2025-12-08T10:43:46.951622+01:00,102.65,98.575,99.475,95.425,,102.4,95.6,102.95,103.425,100.1,101.275,96.5
2025-12-08T10:57:44.477151+01:00,102.65,98.575,99.475,95.4,,102.4,95.575,102.95,103.425,100.1,101.275,96.475
2025-12-08T11:34:59.412275+01:00,102.65,98.5,99.4,95.35,,102.4,95.575,102.95,103.425,100.025,101.2,96.425
2025-12-08T11:56:27.943325+01:00,102.65,98.5,99.4,95.325,,102.4,95.55,102.95,103.425,100.025,101.2,96.4
2025-12-08T12:26:32.516635+01:00,102.65,98.475,99.375,95.3,,102.4,95.55,102.975,103.45,100.0,101.175,96.375
2025-12-08T12:43:42.262808+01:00,102.65,98.5,99.4,95.325,,102.4,95.55,102.975,103.45,100.025,101.2,96.4
2025-12-08T12:56:30.760856+01:00,102.65,98.475,99.375,95.3,,102.4,95.55,102.975,103.45,100.0,101.175,96.375
2025-12-08T13:59:26.274070+01:00,102.65,98.4,99.3,95.25,,102.4,95.475,102.975,103.45,99.95,101.125,96.325
2025-12-08T14:42:12.506737+01:00,102.65,98.425,99.325,95.275,,102.4,95.5,102.975,103.45,99.975,101.15,96.35
2025-12-08T14:57:49.582321+01:00,102.65,98.375,99.275,95.225,,102.4,95.475,102.975,103.45,99.925,101.1,96.3
2025-12-08T15:32:56.601644+01:00,102.65,98.375,99.275,95.225,,102.4,95.45,102.975,103.45,99.925,101.1,96.3
2025-12-08T15:56:12.621895+01:00,102.65,98.375,99.275,95.225,,102.4,95.45,102.975,103.45,99.925,101.1,96.3
2025-12-08T16:31:46.169882+01:00,102.65,98.325,99.225,95.15,,102.4,95.4,102.975,103.45,99.875,101.025,96.225
2025-12-08T16:54:15.895606+01:00,102.65,98.275,99.175,95.1,,102.4,95.375,102.975,103.45,99.825,100.975,96.175
2025-12-08T17:35:49.413457+01:00,102.65,98.3,99.2,95.1,,102.4,95.375,102.975,103.45,99.85,101.0,96.175
2025-12-08T18:00:34.918213+01:00,102.65,98.3,99.2,95.1,,102.4,95.375,102.975,103.45,99.85,101.0,96.175
2025-12-09T07:41:16.060810+01:00,102.65,98.3,99.2,95.1,,102.4,95.375,102.975,103.45,99.85,101.0,96.175
2025-12-09T08:00:27.843305+01:00,102.65,98.3,99.2,95.1,,102.4,95.375,102.975,103.45,99.85,101.0,96.175
2025-12-09T08:31:52.189431+01:00,102.65,98.3,99.2,95.1,,102.4,95.375,102.975,103.45,99.85,101.0,96.175
2025-12-09T08:53:26.557310+01:00,102.65,98.3,99.2,95.1,,102.4,95.375,102.975,103.45,99.85,101.0,96.175
2025-12-09T09:38:19.104198+01:00,102.65,98.175,99.075,95.0,,102.4,95.35,102.975,103.45,99.775,101.025,96.075
2025-12-09T10:00:42.726507+01:00,102.65,98.225,99.125,95.05,,102.4,95.375,102.975,103.45,99.825,101.075,96.125
2025-12-09T10:38:35.445096+01:00,102.65,98.25,99.15,95.025,,102.4,95.4,102.975,103.45,99.85,101.1,96.175
2025-12-09T10:55:05.525852+01:00,102.65,98.25,99.15,95.05,,102.4,95.425,102.975,103.45,99.85,101.1,96.2
2025-12-09T11:31:54.251812+01:00,102.65,98.325,99.225,95.075,,102.4,95.45,102.975,103.45,99.925,101.175,96.225
2025-12-09T11:56:14.655547+01:00,102.65,98.3,99.2,95.075,,102.4,95.425,102.975,103.45,99.9,101.15,96.225
2025-12-09T12:26:36.396808+01:00,102.65,98.3,99.2,95.075,,102.4,95.45,102.975,103.45,99.9,101.15,96.225
2025-12-09T12:43:43.565016+01:00,102.65,98.325,99.225,95.075,,102.4,95.45,102.975,103.45,99.925,101.175,96.225
2025-12-09T12:56:44.104691+01:00,102.65,98.3,99.2,95.05,,102.4,95.425,102.975,103.45,99.9,101.15,96.2
2025-12-09T14:01:37.958733+01:00,102.65,98.3,99.2,95.025,,102.4,95.425,102.975,103.45,99.9,101.15,96.175
2025-12-09T14:48:22.955557+01:00,102.65,98.3,99.2,95.0,,102.4,95.425,102.975,103.45,99.925,101.175,96.15
2025-12-09T15:29:29.690745+01:00,102.65,98.25,99.15,94.95,,102.4,95.425,102.975,103.45,99.875,101.125,96.1
2025-12-09T15:52:22.122947+01:00,102.65,98.225,99.125,94.925,,102.4,95.425,102.975,103.45,99.85,101.1,96.075
2025-12-09T16:31:09.026673+01:00,102.65,98.2,99.1,94.9,,102.4,95.4,102.975,103.45,99.825,101.075,96.05
2025-12-09T16:54:42.352128+01:00,102.65,98.2,99.1,94.9,,102.4,95.4,102.975,103.45,99.825,101.075,96.05
2025-12-09T17:35:17.851532+01:00,102.65,98.2,99.1,94.9,,102.4,95.4,102.975,103.45,99.825,101.075,96.05
2025-12-09T18:00:23.189814+01:00,102.65,98.2,99.1,94.9,,102.4,95.4,102.975,103.45,99.825,101.075,96.05
2025-12-10T07:41:43.652960+01:00,102.65,98.2,99.1,94.9,,102.4,95.4,102.975,103.45,99.825,101.075,96.05
2025-12-10T08:01:15.334034+01:00,102.65,98.2,99.1,94.9,,102.4,95.4,102.975,103.45,99.825,101.075,96.05
2025-12-10T08:35:41.210601+01:00,102.65,98.2,99.1,94.9,,102.4,95.4,102.975,103.45,99.825,101.075,96.05
2025-12-10T08:54:21.429569+01:00,102.65,98.2,99.1,94.9,,102.4,95.4,102.975,103.45,99.825,101.075,96.05
2025-12-10T09:37:21.238176+01:00,102.65,98.1,99.0,94.8,,102.4,95.325,102.975,103.45,99.725,100.975,95.95
2025-12-10T10:01:37.178671+01:00,102.65,98.0,98.9,94.675,,102.4,95.275,102.975,103.45,99.625,100.875,95.825
2025-12-10T10:40:45.119081+01:00,102.65,97.975,98.875,94.625,,102.4,95.25,102.975,103.45,99.6,100.85,95.775
2025-12-10T10:55:45.484375+01:00,102.65,97.975,98.875,94.625,,102.4,95.275,102.975,103.45,99.6,100.85,95.775
2025-12-10T11:33:08.149492+01:00,102.65,97.95,98.85,94.625,,102.4,95.175,102.975,103.45,99.575,100.825,95.775
2025-12-10T11:57:41.515187+01:00,102.65,97.925,98.825,94.625,,102.4,95.175,102.975,103.45,99.55,100.8,95.775
2025-12-10T12:27:12.770497+01:00,102.65,97.9,98.8,94.55,,102.4,95.075,102.975,103.45,99.525,100.775,95.7
2025-12-10T12:44:18.618739+01:00,102.65,97.95,98.85,94.6,,102.4,95.1,102.975,103.45,99.575,100.825,95.75
2025-12-10T12:57:04.312964+01:00,102.65,97.95,98.85,94.625,,102.4,95.125,102.975,103.45,99.575,100.825,95.775
2025-12-10T14:02:16.581097+01:00,102.65,97.95,98.85,94.625,,102.4,95.1,102.975,103.45,99.575,100.825,95.775
2025-12-10T14:50:05.350702+01:00,102.65,97.9,98.8,94.6,,102.4,95.1,102.975,103.45,99.525,100.775,95.75
2025-12-10T15:30:09.623746+01:00,102.65,97.925,98.825,94.6,,102.4,95.1,102.975,103.45,99.55,100.8,95.75
2025-12-10T15:53:59.515939+01:00,102.65,97.925,98.825,94.6,,102.4,95.1,102.975,103.45,99.55,100.8,95.75
2025-12-10T16:31:50.747625+01:00,102.65,97.925,98.825,94.625,,102.4,95.1,102.975,103.45,99.55,100.8,95.775
2025-12-10T16:57:15.733627+01:00,102.65,97.925,98.825,94.625,,102.4,95.1,102.975,103.45,99.55,100.8,95.775
2025-12-10T17:38:32.917762+01:00,102.65,97.95,98.85,94.65,,102.4,95.125,102.975,103.45,99.575,100.825,95.8
2025-12-10T18:01:16.812687+01:00,102.65,97.95,98.85,94.65,,102.4,95.125,102.975,103.45,99.575,100.825,95.8
2025-12-11T07:42:58.639324+01:00,102.65,97.95,98.85,94.65,,102.4,95.125,102.975,103.45,99.575,100.825,95.8
2025-12-11T08:02:20.534744+01:00,102.65,97.95,98.85,94.65,,102.4,95.125,102.975,103.45,99.575,100.825,95.8
2025-12-11T08:36:51.709702+01:00,102.65,97.95,98.85,94.65,,102.4,95.125,102.975,103.45,99.575,100.825,95.8
2025-12-11T08:53:02.886057+01:00,102.65,97.95,98.85,94.65,,102.4,95.125,102.975,103.45,99.575,100.825,95.8
2025-12-11T09:37:38.937780+01:00,102.65,97.95,98.85,94.65,,102.4,95.125,102.975,103.45,99.575,100.825,95.8
2025-12-11T10:00:44.657131+01:00,102.65,97.975,98.875,94.675,,102.4,95.15,102.975,103.45,99.6,100.85,95.825
2025-12-11T10:41:08.660856+01:00,102.65,98.0,98.9,94.7,,102.4,95.125,102.975,103.45,99.625,101.075,95.85
2025-12-11T10:56:48.303556+01:00,102.65,98.0,98.9,94.7,,102.4,95.125,102.975,103.45,99.625,101.075,95.85
2025-12-11T11:35:15.410973+01:00,102.65,98.025,98.925,94.775,,102.4,95.15,102.975,103.45,99.65,101.1,95.925
2025-12-11T11:57:10.968348+01:00,102.65,98.075,98.975,94.8,,102.4,95.15,102.975,103.45,99.7,101.15,95.95
2025-12-11T12:27:08.375508+01:00,102.65,98.125,99.025,94.9,,102.4,95.175,102.975,103.45,99.75,101.2,96.05
2025-12-11T12:45:12.561242+01:00,102.65,98.125,99.025,94.9,,102.4,95.175,102.975,103.45,99.75,101.2,96.05
2025-12-11T12:57:58.260956+01:00,102.65,98.125,99.025,94.9,,102.4,95.175,102.975,103.45,99.75,101.2,96.05
2025-12-11T14:03:36.946171+01:00,102.65,98.125,99.025,94.875,,102.4,95.175,102.975,103.45,99.75,101.2,96.025
2025-12-11T14:51:30.352684+01:00,102.65,98.175,99.075,94.925,,102.4,95.175,102.975,103.45,99.8,101.375,96.075
2025-12-11T15:28:15.948294+01:00,102.65,98.2,99.1,94.95,,102.4,95.175,102.975,103.45,99.825,101.4,96.1
2025-12-11T15:48:55.276492+01:00,102.65,98.2,99.1,94.975,,102.4,95.2,102.975,103.45,99.825,101.4,96.125
2025-12-11T16:32:48.906721+01:00,102.65,98.175,99.075,94.95,,102.4,95.175,102.975,103.45,99.8,101.375,96.1
2025-12-11T16:58:23.348510+01:00,102.65,98.175,99.075,94.95,,102.4,95.175,102.975,103.45,99.8,101.375,96.1
2025-12-11T17:43:47.957994+01:00,102.65,98.175,99.075,94.925,,102.4,95.15,102.975,103.45,99.8,101.375,96.075
2025-12-11T18:14:48.000382+01:00,102.65,98.175,99.075,94.925,,102.4,95.15,102.975,103.45,99.8,101.375,96.075
2025-12-12T07:41:55.691449+01:00,102.95,98.175,99.075,94.925,,102.4,95.15,102.975,103.45,99.8,101.375,96.075
2025-12-12T08:01:58.970852+01:00,102.95,98.175,99.075,94.925,,102.4,95.15,102.975,103.45,99.8,101.375,96.075
2025-12-12T08:36:08.529070+01:00,102.95,98.175,99.075,94.925,,102.4,95.15,102.975,103.45,99.8,101.375,96.075
2025-12-12T08:53:37.408123+01:00,102.95,98.175,99.075,94.925,,102.4,95.15,102.975,103.45,99.8,101.375,96.075
2025-12-12T09:37:59.126017+01:00,102.95,98.125,99.025,94.875,,102.4,95.125,102.975,103.45,99.75,101.325,96.025
2025-12-12T10:00:53.872555+01:00,102.95,98.1,99.0,94.85,,102.4,95.15,102.975,103.45,99.725,101.3,96.0
2025-12-12T10:40:21.680823+01:00,102.95,98.125,99.025,94.85,,102.4,95.15,102.975,103.45,99.75,101.325,96.0
2025-12-12T10:56:34.851927+01:00,102.95,98.125,99.025,94.85,,102.4,95.125,102.975,103.45,99.75,101.325,96.0
2025-12-12T11:33:32.027322+01:00,102.95,98.175,99.075,94.9,,102.4,95.15,102.975,103.45,99.8,101.375,96.05
2025-12-12T11:56:22.660785+01:00,102.95,98.175,99.075,94.875,,102.4,95.15,102.975,103.45,99.8,101.375,96.025
2025-12-12T12:27:36.664298+01:00,102.95,98.175,99.075,94.9,,102.4,95.15,102.975,103.45,99.8,101.375,96.05
2025-12-12T12:44:30.839742+01:00,102.95,98.175,99.075,94.875,,102.4,95.15,102.975,103.45,99.8,101.375,96.025
2025-12-12T12:57:15.864087+01:00,102.95,98.175,99.075,94.9,,102.4,95.15,102.975,103.45,99.8,101.375,96.05
2025-12-12T14:00:25.607859+01:00,102.95,98.15,99.05,94.85,,102.4,95.125,102.975,103.45,99.775,101.35,96.0
2025-12-12T14:42:50.152568+01:00,102.95,98.15,99.05,94.85,,102.4,95.125,102.975,103.45,99.775,101.35,96.0
2025-12-12T14:58:44.173993+01:00,102.95,98.15,99.05,94.85,,102.4,95.125,102.975,103.45,99.775,101.35,96.0
2025-12-12T15:28:47.542388+01:00,102.95,98.2,99.1,94.9,,102.4,95.125,102.975,103.45,99.825,101.4,96.05
2025-12-12T15:45:31.523238+01:00,102.95,98.2,99.1,94.9,,102.4,95.125,102.975,103.45,99.825,101.4,96.05
2025-12-12T15:58:33.162565+01:00,102.95,98.2,99.1,94.9,,102.4,95.125,102.975,103.45,99.825,101.4,96.05
2025-12-12T16:32:30.301621+01:00,102.95,98.2,99.1,94.9,,102.4,95.125,102.975,103.45,99.825,101.4,96.05
2025-12-12T16:55:17.127125+01:00,102.95,98.2,99.1,94.875,,102.4,95.1,102.975,103.45,99.825,101.4,96.025
2025-12-12T17:34:13.707703+01:00,102.95,98.2,99.1,94.9,,102.4,95.125,102.975,103.45,99.825,101.4,96.05
2025-12-12T17:55:55.021284+01:00,102.95,98.2,99.1,94.9,,102.4,95.125,102.975,103.45,99.825,101.4,96.05
2025-12-15T07:45:01.165482+01:00,102.95,98.2,99.1,94.991,,102.4,95.125,102.975,103.45,99.825,101.4,96.05
2025-12-15T08:13:36.778137+01:00,102.95,98.2,99.1,94.991,,102.4,95.125,102.975,103.45,99.825,101.4,96.05
2025-12-15T08:40:01.720723+01:00,102.95,98.2,99.1,94.991,,102.4,95.125,102.975,103.45,99.825,101.4,96.05
2025-12-15T08:54:02.133477+01:00,102.95,98.2,99.1,94.991,,102.4,95.125,102.975,103.45,99.825,101.4,96.05
2025-12-15T09:40:30.980055+01:00,102.95,98.225,99.125,94.9,,102.4,95.125,102.975,103.45,99.85,101.425,96.05
2025-12-15T10:03:00.262469+01:00,102.95,98.225,99.125,94.9,,102.4,95.125,102.975,103.45,99.85,101.425,96.05
2025-12-15T10:47:45.321484+01:00,102.95,98.275,99.175,94.975,,102.4,95.15,102.975,103.45,99.9,101.475,96.125
2025-12-15T11:34:39.139832+01:00,102.95,98.275,99.175,94.95,,102.4,95.15,102.975,103.45,99.9,101.475,96.1
2025-12-15T11:58:20.597168+01:00,102.95,98.275,99.175,94.975,,102.4,95.15,102.975,103.45,99.9,101.475,96.125
2025-12-15T12:28:34.545882+01:00,102.95,98.225,99.125,94.9,,102.4,95.175,102.975,103.45,99.85,101.425,96.05
2025-12-15T12:45:15.478054+01:00,102.95,98.25,99.15,94.875,,102.4,95.175,102.975,103.45,99.875,101.45,96.025
2025-12-15T12:58:04.073742+01:00,102.95,98.25,99.15,94.875,,102.4,95.175,102.975,103.45,99.875,101.45,96.025
2025-12-15T14:04:53.631012+01:00,102.95,98.2,99.1,94.825,,102.4,95.15,102.975,103.45,99.825,101.4,95.975
2025-12-15T14:52:31.602711+01:00,102.95,98.225,99.125,94.875,,102.4,95.175,102.975,103.45,99.85,101.425,96.025
2025-12-15T15:33:00.642442+01:00,102.95,98.2,99.1,94.85,,102.4,95.175,102.975,103.45,99.825,101.4,96.0
2025-12-15T16:00:35.669763+01:00,102.95,98.2,99.1,94.85,,102.4,95.175,102.975,103.45,99.825,101.4,96.0
2025-12-15T16:41:38.252336+01:00,102.95,98.175,99.075,94.8,,102.4,95.15,102.975,103.45,99.8,101.375,95.95
2025-12-15T16:59:18.994175+01:00,102.95,98.175,99.075,94.8,,102.4,95.15,102.975,103.45,99.8,101.375,95.95
2025-12-15T17:44:58.051092+01:00,102.95,98.15,99.05,94.775,,102.4,95.15,102.975,103.45,99.775,101.35,95.925
2025-12-15T18:13:50.856637+01:00,102.95,98.15,99.05,94.775,,102.4,95.15,102.975,103.45,99.775,101.35,95.925
2025-12-16T07:42:45.559143+01:00,102.95,98.15,99.05,94.775,,102.4,95.15,102.975,103.45,99.775,101.35,95.925
2025-12-16T08:02:27.894432+01:00,102.95,98.15,99.05,94.775,,102.4,95.15,102.975,103.45,99.775,101.35,95.925
2025-12-16T08:35:59.409847+01:00,102.95,98.15,99.05,94.775,,102.4,95.15,102.975,103.45,99.775,101.35,95.925
2025-12-16T08:53:47.282026+01:00,102.95,98.15,99.05,94.775,,102.4,95.15,102.975,103.45,99.775,101.35,95.925
2025-12-16T09:38:54.427421+01:00,102.95,98.1,99.0,94.7,,102.4,95.1,102.975,103.45,99.725,101.3,95.85
2025-12-16T10:01:39.916140+01:00,102.95,98.075,98.975,94.675,,102.4,95.125,102.975,103.45,99.7,101.275,95.825
2025-12-16T10:42:00.663026+01:00,102.95,98.025,98.925,94.7,,102.4,95.125,102.975,103.45,99.65,101.225,95.85
2025-12-16T10:57:27.993560+01:00,102.95,98.0,98.9,94.675,,102.4,95.125,102.975,103.45,99.625,101.2,95.825
2025-12-16T11:35:47.731791+01:00,102.95,97.95,98.85,94.625,,102.4,95.125,102.975,103.45,99.575,101.15,95.775
2025-12-16T11:57:38.883634+01:00,102.95,97.95,98.85,94.6,,102.4,95.1,102.975,103.45,99.575,101.15,95.75
2025-12-16T12:28:40.858188+01:00,102.95,97.95,98.85,94.6,,102.4,95.125,102.975,103.45,99.575,101.15,95.75
2025-12-16T12:45:36.529882+01:00,102.95,97.95,98.85,94.6,,102.4,95.1,102.975,103.45,99.575,101.15,95.75
2025-12-16T13:58:53.006121+01:00,102.95,97.95,98.85,94.6,,102.4,95.1,102.975,103.45,99.575,101.15,95.75
2025-12-16T14:46:11.909431+01:00,102.95,97.925,98.825,94.575,,102.4,95.075,102.975,103.45,99.55,101.125,95.725
2025-12-16T15:31:32.337978+01:00,102.95,97.9,98.8,94.55,,102.4,95.075,102.975,103.45,99.525,101.1,95.7
2025-12-16T15:59:09.145899+01:00,102.95,97.925,98.825,94.575,,102.4,95.075,102.975,103.45,99.55,101.125,95.725
2025-12-16T16:33:39.273594+01:00,102.95,97.95,98.85,94.6,,102.4,95.125,102.975,103.45,99.575,101.15,95.75
2025-12-16T16:56:27.274444+01:00,102.95,97.95,98.85,94.6,,102.4,95.125,102.975,103.45,99.575,101.15,95.75
2025-12-16T17:40:04.490039+01:00,102.95,97.925,98.825,94.575,,102.4,95.1,102.975,103.45,99.55,101.125,95.725
2025-12-16T18:02:56.417388+01:00,102.95,97.925,98.825,94.575,,102.4,95.1,102.975,103.45,99.55,101.125,95.725
2025-12-17T07:42:05.547637+01:00,102.95,97.925,98.825,94.575,,102.4,95.1,102.975,103.45,99.55,101.125,95.725
2025-12-17T08:01:42.246303+01:00,102.95,97.925,98.825,94.575,,102.4,95.1,102.975,103.45,99.55,101.125,95.725
2025-12-17T08:35:11.624209+01:00,102.95,97.925,98.825,94.575,,102.4,95.1,102.975,103.45,99.55,101.125,95.725
2025-12-17T08:53:48.395353+01:00,102.95,97.925,98.825,94.575,,102.4,95.1,102.975,103.45,99.55,101.125,95.725
2025-12-17T09:38:12.006760+01:00,102.95,98.05,98.95,94.725,,102.4,95.15,102.975,103.45,99.675,101.25,95.875
2025-12-17T10:02:09.571217+01:00,102.95,98.075,98.975,94.725,,102.4,95.15,102.975,103.45,99.7,101.275,95.875
2025-12-17T10:42:38.348418+01:00,102.95,98.075,98.975,94.725,,102.4,95.125,102.975,103.45,99.7,101.275,95.875
2025-12-17T10:57:08.350790+01:00,102.95,98.05,98.95,94.725,,102.4,95.125,102.975,103.45,99.675,101.25,95.875
2025-12-17T11:35:02.465355+01:00,102.95,98.05,98.95,94.725,,102.4,95.125,102.975,103.45,99.675,101.25,95.875
2025-12-17T11:57:24.872280+01:00,102.95,98.05,98.95,94.7,,102.4,95.125,102.975,103.45,99.675,101.25,95.85
2025-12-17T12:28:26.431224+01:00,102.95,98.05,98.95,94.675,,102.4,95.125,102.975,103.45,99.675,101.25,95.825
2025-12-17T12:45:45.793777+01:00,102.95,98.05,98.95,94.675,,102.4,95.1,102.975,103.45,99.675,101.25,95.825
2025-12-17T13:58:39.573505+01:00,102.95,98.05,98.95,94.675,,102.4,95.1,102.975,103.45,99.675,101.25,95.825
2025-12-17T14:39:20.099777+01:00,102.95,98.05,98.95,94.675,,102.4,95.1,102.975,103.45,99.675,101.175,95.825
2025-12-17T14:57:13.822293+01:00,102.95,98.025,98.925,94.65,,102.4,95.1,102.975,103.45,99.65,101.15,95.8
2025-12-17T15:33:00.413640+01:00,102.95,98.025,98.925,94.625,,102.4,95.075,102.975,103.45,99.65,101.15,95.775
2025-12-17T15:58:52.822562+01:00,102.95,98.025,98.925,94.65,,102.4,95.1,102.975,103.45,99.65,101.15,95.8
2025-12-17T16:34:41.757869+01:00,102.95,98.05,98.95,94.675,,102.4,95.1,102.975,103.45,99.675,101.175,95.825
2025-12-17T16:58:40.004222+01:00,102.95,98.075,98.975,94.7,,102.4,95.125,102.975,103.45,99.7,101.2,95.85
2025-12-17T17:41:05.482146+01:00,102.95,98.025,98.925,94.65,,102.4,95.075,102.975,103.45,99.65,101.15,95.8
2025-12-17T18:03:02.998047+01:00,102.95,98.025,98.925,94.65,,102.4,95.075,102.975,103.45,99.65,101.15,95.8
2025-12-18T07:41:53.169981+01:00,102.95,98.025,98.925,94.65,,102.4,95.075,102.975,103.45,99.65,101.15,95.8
2025-12-18T08:01:16.434134+01:00,102.95,98.025,98.925,94.65,,102.4,95.075,102.975,103.45,99.65,101.15,95.8
2025-12-18T08:34:59.703699+01:00,102.95,98.025,98.925,94.65,,102.4,95.075,102.975,103.45,99.65,101.15,95.8
2025-12-18T08:53:28.372768+01:00,102.95,98.025,98.925,94.65,,102.4,95.075,102.975,103.45,99.65,101.15,95.8
2025-12-18T09:37:34.006414+01:00,102.95,98.075,98.975,94.675,,102.4,95.125,102.975,103.45,99.7,101.2,95.825
2025-12-18T10:01:59.478882+01:00,102.95,98.1,99.0,94.7,,102.4,95.125,102.975,103.45,99.725,101.225,95.85
2025-12-18T10:42:27.400228+01:00,102.95,98.1,99.0,94.7,,102.4,95.125,102.975,103.45,99.725,101.225,95.85
2025-12-18T10:57:59.170517+01:00,102.95,98.075,98.975,94.75,,102.4,95.125,102.975,103.45,99.7,101.2,95.9
2025-12-18T11:34:42.587437+01:00,102.95,98.075,98.975,94.75,,102.4,95.125,102.975,103.45,99.7,101.2,95.9
2025-12-18T11:56:45.339792+01:00,102.95,98.075,98.975,94.75,,102.4,95.125,102.975,103.45,99.7,101.2,95.9
2025-12-18T12:28:56.781056+01:00,102.95,98.1,99.0,94.775,,102.4,95.15,102.975,103.45,99.725,101.225,95.925
2025-12-18T12:44:02.462650+01:00,102.95,98.125,99.025,94.75,,102.4,95.15,102.975,103.45,99.75,101.25,95.9
2025-12-18T12:56:46.694405+01:00,102.95,98.125,99.025,94.75,,102.4,95.15,102.975,103.45,99.75,101.25,95.9
2025-12-18T14:00:11.753501+01:00,102.95,98.1,99.0,94.725,,102.4,95.125,102.975,103.45,99.725,101.225,95.875
2025-12-18T14:46:03.381700+01:00,102.95,98.025,98.925,94.65,,102.4,95.05,102.975,103.45,99.65,101.15,95.8
2025-12-18T15:29:31.134276+01:00,102.95,98.05,98.95,94.675,,102.4,95.1,102.975,103.45,99.675,101.175,95.825
2025-12-18T15:52:19.203883+01:00,102.95,98.05,98.95,94.7,,102.4,95.1,102.975,103.45,99.675,101.175,95.85
2025-12-18T16:30:34.773839+01:00,102.95,98.05,98.95,94.725,,102.4,95.1,102.975,103.45,99.675,101.175,95.875
2025-12-18T16:57:14.021630+01:00,102.95,98.05,98.95,94.7,,102.4,95.1,102.975,103.45,99.675,101.175,95.85
2025-12-18T17:40:47.509984+01:00,102.95,98.075,98.975,94.75,,102.4,95.125,102.975,103.45,99.7,101.2,95.9
2025-12-18T18:02:29.572490+01:00,102.95,98.075,98.975,94.75,,102.4,95.125,102.975,103.45,99.7,101.2,95.9
2025-12-19T07:40:48.755479+01:00,102.95,98.075,98.975,94.75,,102.4,95.125,102.975,103.45,99.7,101.2,95.9
2025-12-19T08:00:31.790434+01:00,102.95,98.075,98.975,94.75,,102.4,95.125,102.975,103.45,99.7,101.2,95.9
2025-12-19T08:34:27.792734+01:00,102.95,98.075,98.975,94.75,,102.4,95.125,102.975,103.45,99.7,101.2,95.9
2025-12-19T08:53:34.663952+01:00,102.95,98.075,98.975,94.75,,102.4,95.125,102.975,103.45,99.7,101.2,95.9
2025-12-19T09:37:08.818324+01:00,102.95,98.025,98.925,94.7,,102.4,95.075,102.975,103.45,99.65,101.15,95.85
2025-12-19T10:00:38.102341+01:00,102.95,98.025,98.925,94.7,,102.4,95.075,102.975,103.45,99.65,101.15,95.85
2025-12-19T10:38:50.479528+01:00,102.95,98.0,98.9,94.675,,102.4,95.075,102.975,103.45,99.625,101.125,95.825
2025-12-19T10:55:18.135907+01:00,102.95,98.025,98.925,94.675,,102.4,95.075,102.975,103.45,99.625,101.15,95.825
2025-12-19T11:30:03.348209+01:00,102.95,97.95,98.85,94.575,,102.4,95.05,102.975,103.45,99.575,101.075,95.725
2025-12-19T11:50:46.485196+01:00,102.95,97.95,98.85,94.575,,102.4,95.05,102.975,103.45,99.575,101.075,95.725
2025-12-19T12:24:27.720521+01:00,102.95,97.925,98.825,94.55,,102.4,95.025,102.975,103.45,99.55,101.05,95.7
2025-12-19T12:42:50.215638+01:00,102.95,97.925,98.825,94.55,,102.4,95.025,102.975,103.45,99.55,101.05,95.7
2025-12-19T12:55:22.052554+01:00,102.95,97.925,98.825,94.55,,102.4,95.025,102.975,103.45,99.55,101.05,95.7
2025-12-19T13:55:26.078391+01:00,102.95,97.9,98.8,94.55,,102.4,95.025,102.975,103.45,99.525,101.025,95.7
2025-12-19T14:37:30.902760+01:00,102.95,97.9,98.8,94.55,,102.4,95.025,102.975,103.45,99.525,101.025,95.7
2025-12-19T14:56:41.418173+01:00,102.95,97.875,98.775,94.525,,102.4,95.025,102.975,103.45,99.5,101.0,95.675
2025-12-19T15:30:50.219376+01:00,102.95,97.875,98.775,94.525,,102.4,95.025,102.975,103.45,99.5,101.0,95.675
2025-12-19T15:55:49.500427+01:00,102.95,97.875,98.775,94.525,,102.4,95.025,102.975,103.45,99.5,101.0,95.675
2025-12-19T16:30:34.657646+01:00,102.95,97.9,98.8,94.55,,102.4,95.025,102.975,103.45,99.525,101.025,95.7
2025-12-19T16:55:01.707179+01:00,102.95,97.9,98.8,94.55,,102.4,95.05,102.975,103.45,99.525,101.025,95.7
2025-12-19T17:34:57.034717+01:00,102.95,97.9,98.8,94.55,,102.4,95.025,102.975,103.45,99.525,101.025,95.7
2025-12-19T17:58:57.555334+01:00,102.95,97.9,98.8,94.55,,102.4,95.025,102.975,103.45,99.525,101.025,95.7
2025-12-22T07:44:12.030914+01:00,102.95,97.9,98.8,94.634,,102.4,95.025,102.975,103.45,99.525,101.025,95.7
2025-12-22T08:12:56.700521+01:00,102.95,97.9,98.8,94.634,,102.4,95.025,102.975,103.45,99.525,101.025,95.7
2025-12-22T08:39:09.834234+01:00,102.95,97.9,98.8,94.634,,102.4,95.025,102.975,103.45,99.525,101.025,95.7
2025-12-22T08:53:51.902601+01:00,102.95,97.9,98.8,94.634,,102.4,95.025,102.975,103.45,99.525,101.025,95.7
2025-12-22T09:38:37.062119+01:00,102.95,97.9,98.8,94.634,,102.4,95.025,102.975,103.45,99.525,101.025,95.7
2025-12-22T10:01:05.185318+01:00,102.95,97.875,98.775,94.525,,102.4,95.0,102.975,103.45,99.5,101.0,95.675
2025-12-22T10:44:13.178260+01:00,102.95,97.85,98.75,94.5,,102.4,95.025,102.875,103.35,99.475,100.975,95.65
2025-12-22T10:58:07.999802+01:00,102.95,97.85,98.75,94.5,,102.4,95.025,102.875,103.35,99.5,101.0,95.65
2025-12-22T11:33:50.434004+01:00,102.95,97.825,98.725,94.475,,102.4,95.025,102.875,103.35,99.475,100.975,95.625
2025-12-22T11:55:42.169732+01:00,102.95,97.775,98.675,94.425,,102.4,95.0,102.875,103.35,99.425,100.925,95.575
2025-12-22T12:25:00.159365+01:00,102.95,97.8,98.7,94.45,,102.4,95.0,102.875,103.35,99.45,100.95,95.6
2025-12-22T12:42:31.566464+01:00,102.95,97.775,98.675,94.4,,102.4,94.975,102.875,103.35,99.425,100.925,95.55
2025-12-22T12:55:25.694038+01:00,102.95,97.775,98.675,94.4,,102.4,94.975,102.875,103.35,99.425,100.925,95.55
2025-12-22T13:56:16.805305+01:00,102.95,97.775,98.675,94.4,,102.4,94.975,102.875,103.35,99.425,100.925,95.55
2025-12-22T14:39:26.718569+01:00,102.95,97.775,98.675,94.4,,102.4,94.875,102.875,103.35,99.425,100.925,95.55
2025-12-22T14:57:17.567742+01:00,102.95,97.775,98.675,94.4,,102.4,94.875,102.875,103.35,99.425,100.925,95.55
2025-12-22T15:30:39.323937+01:00,102.95,97.75,98.65,94.4,,102.4,94.875,102.875,103.35,99.4,100.9,95.55
2025-12-22T15:54:37.913010+01:00,102.95,97.775,98.675,94.4,,102.4,94.875,102.875,103.35,99.425,100.925,95.55
2025-12-22T16:29:30.931123+01:00,102.95,97.75,98.65,94.375,,102.4,94.85,102.925,103.4,99.4,100.9,95.525
2025-12-22T16:48:30.571881+01:00,102.95,97.75,98.65,94.375,,102.4,94.85,102.925,103.4,99.4,100.9,95.525
2025-12-22T17:34:47.199689+01:00,102.95,97.725,98.625,94.375,,102.4,94.85,102.925,103.4,99.375,100.875,95.525
2025-12-22T17:59:06.621595+01:00,102.95,97.725,98.625,94.375,,102.4,94.85,102.925,103.4,99.375,100.875,95.525
2025-12-23T07:43:50.743547+01:00,102.95,97.725,98.625,94.375,,102.4,94.85,102.925,103.4,99.375,100.875,95.525
2025-12-23T08:02:44.967160+01:00,102.95,97.725,98.625,94.375,,102.4,94.85,102.925,103.4,99.375,100.875,95.525
2025-12-23T08:37:11.351103+01:00,102.95,97.725,98.625,94.375,,102.4,94.85,102.925,103.4,99.375,100.875,95.525
2025-12-23T08:54:05.729660+01:00,102.95,97.725,98.625,94.375,,102.4,94.85,102.925,103.4,99.375,100.875,95.525
2025-12-23T09:37:50.395781+01:00,102.95,97.75,98.7,94.45,,102.4,94.975,102.875,103.35,99.45,100.95,95.6
2025-12-23T10:01:20.923588+01:00,102.95,97.725,98.675,94.45,,102.4,94.95,102.875,103.35,99.425,100.925,95.6
2025-12-23T10:40:12.843404+01:00,102.95,97.725,98.675,94.45,,102.4,94.95,102.875,103.35,99.425,100.925,95.6
2025-12-23T10:56:06.561535+01:00,102.95,97.65,98.6,94.375,,102.4,94.95,102.875,103.35,99.35,100.85,95.525
2025-12-23T11:33:04.023908+01:00,102.95,97.65,98.6,94.375,,102.4,94.95,102.875,103.35,99.35,100.85,95.525
2025-12-23T11:56:31.386485+01:00,102.95,97.675,98.625,94.375,,102.4,94.95,102.875,103.35,99.375,100.875,95.525
2025-12-23T12:26:48.451752+01:00,102.95,97.725,98.675,94.45,,102.4,94.975,102.875,103.35,99.425,100.925,95.6
2025-12-23T12:44:35.873544+01:00,102.95,97.725,98.675,94.45,,102.4,94.975,102.875,103.35,99.425,100.925,95.6
2025-12-23T12:57:11.153345+01:00,102.95,97.725,98.675,94.45,,102.4,94.975,102.875,103.35,99.425,100.925,95.6
2025-12-23T14:01:13.665529+01:00,102.95,97.7,98.65,94.425,,102.4,94.95,102.875,103.35,99.4,100.9,95.575
2025-12-23T14:48:47.945550+01:00,102.95,97.7,98.65,94.4,,102.4,94.925,102.875,103.35,99.4,100.9,95.55
2025-12-23T15:28:09.642345+01:00,102.95,97.675,98.625,94.375,,102.4,94.925,102.875,103.35,99.375,100.875,95.525
2025-12-23T15:49:43.237190+01:00,102.95,97.725,98.675,94.4,,102.4,94.925,102.875,103.35,99.425,100.925,95.55
2025-12-23T16:29:45.101389+01:00,102.95,97.725,98.675,94.4,,102.4,94.925,102.875,103.35,99.425,100.925,95.55
2025-12-23T16:48:51.837070+01:00,102.95,97.75,98.7,94.425,,102.4,94.925,102.875,103.35,99.45,100.95,95.575
2025-12-23T17:35:46.592543+01:00,102.95,97.75,98.7,94.45,,102.4,94.95,102.875,103.35,99.45,100.95,95.6
2025-12-23T17:59:42.838903+01:00,102.95,97.75,98.7,94.45,,102.4,94.95,102.875,103.35,99.45,100.95,95.6
2025-12-24T07:42:59.033610+01:00,102.95,97.75,98.7,94.45,,102.4,94.95,102.875,103.35,99.45,100.95,95.6
2025-12-24T08:02:18.847146+01:00,102.95,97.75,98.7,94.45,,102.4,94.95,102.875,103.35,99.45,100.95,95.6
2025-12-24T08:36:55.335981+01:00,102.95,97.75,98.7,94.45,,102.4,94.95,102.875,103.35,99.45,100.95,95.6
2025-12-24T08:54:01.252692+01:00,102.95,97.75,98.7,94.45,,102.4,94.95,102.875,103.35,99.45,100.95,95.6
2025-12-24T09:37:32.922732+01:00,102.95,97.75,98.7,94.59,,102.4,94.95,102.875,103.35,99.45,100.95,95.6
2025-12-24T10:00:47.884739+01:00,102.95,97.75,98.7,94.59,,102.4,94.95,102.875,103.35,99.45,100.95,95.6
2025-12-24T10:38:29.872614+01:00,102.95,97.75,98.7,94.59,,102.4,94.95,102.875,103.35,99.45,100.95,95.6
2025-12-24T10:54:10.408249+01:00,102.95,97.75,98.7,94.59,,102.4,94.95,102.875,103.35,99.45,100.95,95.6
2025-12-24T11:29:14.839491+01:00,102.95,97.75,98.7,94.59,,102.4,94.95,102.875,103.35,99.45,100.95,95.6
2025-12-24T11:49:27.328798+01:00,102.95,97.75,98.7,94.59,,102.4,94.95,102.875,103.35,99.45,100.95,95.6
2025-12-24T12:24:28.534399+01:00,102.95,97.75,98.7,94.59,,102.4,94.95,102.875,103.35,99.45,100.95,95.6
2025-12-24T12:42:35.736439+01:00,102.95,97.75,98.7,94.59,,102.4,94.95,102.875,103.35,99.45,100.95,95.6
2025-12-24T12:55:30.162683+01:00,102.95,97.75,98.7,94.59,,102.4,94.95,102.875,103.35,99.45,100.95,95.6
2025-12-24T13:55:57.353444+01:00,102.95,97.75,98.7,94.59,,102.4,94.95,102.875,103.35,99.45,100.95,95.6
2025-12-24T14:36:50.885922+01:00,102.95,97.75,98.7,94.59,,102.4,94.95,102.875,103.35,99.45,100.95,95.6
2025-12-24T14:55:23.965464+01:00,102.95,97.75,98.7,94.59,,102.4,94.95,102.875,103.35,99.45,100.95,95.6
2025-12-24T15:26:38.829716+01:00,102.95,97.75,98.7,94.59,,102.4,94.95,102.875,103.35,99.45,100.95,95.6
2025-12-24T15:47:02.301736+01:00,102.95,97.75,98.7,94.59,,102.4,94.95,102.875,103.35,99.45,100.95,95.6
2025-12-24T16:28:07.232420+01:00,102.95,97.75,98.7,94.59,,102.4,94.95,102.875,103.35,99.45,100.95,95.6
2025-12-24T16:45:55.861645+01:00,102.95,97.75,98.7,94.59,,102.4,94.95,102.875,103.35,99.45,100.95,95.6
2025-12-24T17:33:39.921275+01:00,102.95,97.75,98.7,94.59,,102.4,94.95,102.875,103.35,99.45,100.95,95.6
2025-12-24T17:56:56.640531+01:00,102.95,97.75,98.7,94.59,,102.4,94.95,102.875,103.35,99.45,100.95,95.6
2025-12-25T07:41:48.071562+01:00,102.95,97.75,98.7,94.59,,102.4,94.95,102.875,103.35,99.45,100.95,95.6
2025-12-25T08:01:22.805500+01:00,102.95,97.75,98.7,94.59,,102.4,94.95,102.875,103.35,99.45,100.95,95.6
2025-12-25T08:34:16.623534+01:00,102.95,97.75,98.7,94.59,,102.4,94.95,102.875,103.35,99.45,100.95,95.6
2025-12-25T08:53:02.110596+01:00,102.95,97.75,98.7,94.59,,102.4,94.95,102.875,103.35,99.45,100.95,95.6
2025-12-25T09:36:16.350798+01:00,102.95,97.75,98.7,94.59,,102.4,94.95,102.875,103.35,99.45,100.95,95.6
2025-12-25T09:59:13.053676+01:00,102.95,97.75,98.7,94.59,,102.4,94.95,102.875,103.35,99.45,100.95,95.6
2025-12-25T10:33:12.218672+01:00,102.95,97.75,98.7,94.59,,102.4,94.95,102.875,103.35,99.45,100.95,95.6
2025-12-25T10:54:02.881348+01:00,102.95,97.75,98.7,94.59,,102.4,94.95,102.875,103.35,99.45,100.95,95.6
2025-12-25T11:29:23.386544+01:00,102.95,97.75,98.7,94.59,,102.4,94.95,102.875,103.35,99.45,100.95,95.6
2025-12-25T11:49:12.983324+01:00,102.95,97.75,98.7,94.59,,102.4,94.95,102.875,103.35,99.45,100.95,95.6
2025-12-25T12:23:36.003159+01:00,102.95,97.75,98.7,94.59,,102.4,94.95,102.875,103.35,99.45,100.95,95.6
2025-12-25T12:41:58.374699+01:00,102.95,97.75,98.7,94.59,,102.4,94.95,102.875,103.35,99.45,100.95,95.6
2025-12-25T12:54:51.039370+01:00,102.95,97.75,98.7,94.59,,102.4,94.95,102.875,103.35,99.45,100.95,95.6
2025-12-25T13:55:29.829096+01:00,102.95,97.75,98.7,94.59,,102.4,94.95,102.875,103.35,99.45,100.95,95.6
2025-12-25T14:36:42.722507+01:00,102.95,97.75,98.7,94.59,,102.4,94.95,102.875,103.35,99.45,100.95,95.6
2025-12-25T14:55:43.249790+01:00,102.95,97.75,98.7,94.59,,102.4,94.95,102.875,103.35,99.45,100.95,95.6
2025-12-25T15:27:20.937632+01:00,102.95,97.75,98.7,94.59,,102.4,94.95,102.875,103.35,99.45,100.95,95.6
2025-12-25T15:47:08.258641+01:00,102.95,97.75,98.7,94.59,,102.4,94.95,102.875,103.35,99.45,100.95,95.6
2025-12-25T16:27:26.428496+01:00,102.95,97.75,98.7,94.59,,102.4,94.95,102.875,103.35,99.45,100.95,95.6
2025-12-25T16:44:51.420799+01:00,102.95,97.75,98.7,94.59,,102.4,94.95,102.875,103.35,99.45,100.95,95.6
2025-12-25T16:57:47.294054+01:00,102.95,97.75,98.7,94.59,,102.4,94.95,102.875,103.35,99.45,100.95,95.6
2025-12-25T17:36:24.853279+01:00,102.95,97.75,98.7,94.59,,102.4,94.95,102.875,103.35,99.45,100.95,95.6
2025-12-25T17:58:09.755225+01:00,102.95,97.75,98.7,94.59,,102.4,94.95,102.875,103.35,99.45,100.95,95.6
2025-12-26T07:41:25.607575+01:00,102.95,97.75,98.7,94.59,,102.4,94.95,102.875,103.35,99.45,100.95,95.6
2025-12-26T08:00:52.692198+01:00,102.95,97.75,98.7,94.59,,102.4,94.95,102.875,103.35,99.45,100.95,95.6
2025-12-26T08:34:29.496646+01:00,102.95,97.75,98.7,94.59,,102.4,94.95,102.875,103.35,99.45,100.95,95.6
2025-12-26T08:53:11.534221+01:00,102.95,97.75,98.7,94.59,,102.4,94.95,102.875,103.35,99.45,100.95,95.6
2025-12-26T09:35:56.600767+01:00,102.95,97.75,98.7,94.59,,102.4,94.95,102.875,103.35,99.45,100.95,95.6
2025-12-26T09:59:30.299184+01:00,102.95,97.75,98.7,94.59,,102.4,94.95,102.875,103.35,99.45,100.95,95.6
2025-12-26T10:32:55.745387+01:00,102.95,97.75,98.7,94.59,,102.4,94.95,102.875,103.35,99.45,100.95,95.6
2025-12-26T10:53:42.946874+01:00,102.95,97.75,98.7,94.59,,102.4,94.95,102.875,103.35,99.45,100.95,95.6
2025-12-26T11:29:10.746757+01:00,102.95,97.75,98.7,94.59,,102.4,94.95,102.875,103.35,99.45,100.95,95.6
2025-12-26T11:49:14.321527+01:00,102.95,97.75,98.7,94.59,,102.4,94.95,102.875,103.35,99.45,100.95,95.6
2025-12-26T12:24:21.550378+01:00,102.95,97.75,98.7,94.59,,102.4,94.95,102.875,103.35,99.45,100.95,95.6
2025-12-26T12:42:15.046674+01:00,102.95,97.75,98.7,94.59,,102.4,94.95,102.875,103.35,99.45,100.95,95.6
2025-12-26T12:55:13.569583+01:00,102.95,97.75,98.7,94.59,,102.4,94.95,102.875,103.35,99.45,100.95,95.6
2025-12-26T13:55:29.816100+01:00,102.95,97.75,98.7,94.59,,102.4,94.95,102.875,103.35,99.45,100.95,95.6
2025-12-26T14:37:27.379798+01:00,102.95,97.75,98.7,94.59,,102.4,94.95,102.875,103.35,99.45,100.95,95.6
2025-12-26T14:55:58.986905+01:00,102.95,97.75,98.7,94.59,,102.4,94.95,102.875,103.35,99.45,100.95,95.6
2025-12-26T15:28:44.612221+01:00,102.95,97.75,98.7,94.59,,102.4,94.95,102.875,103.35,99.45,100.95,95.6
2025-12-26T15:48:23.711697+01:00,102.95,97.75,98.7,94.59,,102.4,94.95,102.875,103.35,99.45,100.95,95.6
2025-12-26T16:28:04.466115+01:00,102.95,97.75,98.7,94.59,,102.4,94.95,102.875,103.35,99.45,100.95,95.6
2025-12-26T16:45:47.041301+01:00,102.95,97.75,98.7,94.59,,102.4,94.95,102.875,103.35,99.45,100.95,95.6
2025-12-26T17:32:05.808491+01:00,102.95,97.75,98.7,94.59,,102.4,94.95,102.875,103.35,99.45,100.95,95.6
2025-12-26T17:55:58.922348+01:00,102.95,97.75,98.7,94.59,,102.4,94.95,102.875,103.35,99.45,100.95,95.6
2025-12-29T07:45:42.474229+01:00,102.95,97.75,98.7,94.59,,102.4,94.95,102.875,103.35,99.45,100.95,95.6
2025-12-29T08:32:24.935656+01:00,102.95,97.75,98.7,94.59,,102.4,94.95,102.875,103.35,99.45,100.95,95.6
2025-12-29T08:54:51.185020+01:00,102.95,97.75,98.7,94.59,,102.4,94.95,102.875,103.35,99.45,100.95,95.6
2025-12-29T09:39:59.563707+01:00,102.75,97.9,98.85,94.6,,103.6,95.0,103.025,103.65,99.6,101.1,95.75
2025-12-29T10:02:19.995400+01:00,102.75,97.9,98.85,94.6,,103.6,95.0,103.025,103.65,99.6,101.1,95.75
2025-12-29T10:45:08.139190+01:00,102.75,97.9,98.85,94.6,,103.6,94.975,103.025,103.65,99.6,101.1,95.75
2025-12-29T10:59:21.169877+01:00,102.75,97.9,98.85,94.6,,103.6,94.975,103.025,103.65,99.6,101.1,95.75
2025-12-29T11:36:23.027510+01:00,102.75,97.95,98.9,94.6,,103.6,94.975,103.025,103.65,99.65,101.15,95.75
2025-12-29T11:56:52.633849+01:00,102.75,97.95,98.9,94.6,,103.6,94.975,103.025,103.65,99.65,101.15,95.75
2025-12-29T12:27:21.614420+01:00,102.75,97.95,98.9,94.6,,103.6,94.975,103.025,103.65,99.65,101.15,95.75
2025-12-29T12:45:07.202427+01:00,102.75,98.0,98.95,94.625,,103.6,94.975,103.025,103.65,99.7,101.2,95.775
2025-12-29T12:57:39.271536+01:00,102.75,98.0,98.95,94.625,,103.6,94.975,103.025,103.65,99.7,101.2,95.775
2025-12-29T14:02:54.257776+01:00,102.75,98.025,98.975,94.65,,103.6,95.0,103.025,103.65,99.725,101.225,95.8
2025-12-29T14:50:07.825328+01:00,102.75,98.025,98.975,94.675,,103.6,95.0,103.025,103.65,99.725,101.225,95.825
2025-12-29T15:28:35.095834+01:00,102.75,98.025,98.975,94.675,,103.6,95.0,103.025,103.65,99.725,101.225,95.825
2025-12-29T15:50:17.297821+01:00,102.75,98.075,99.025,94.725,,103.6,95.025,103.025,103.65,99.775,101.275,95.875
2025-12-29T16:30:06.646477+01:00,102.75,98.075,99.025,94.7,,103.6,95.025,103.025,103.65,99.775,101.275,95.85
2025-12-29T16:49:48.444464+01:00,102.75,98.075,99.025,94.725,,103.6,95.05,103.025,103.65,99.775,101.275,95.875
2025-12-29T17:34:02.544373+01:00,102.75,98.075,99.025,94.725,,103.6,95.05,103.025,103.65,99.775,101.275,95.875
2025-12-29T17:58:18.366089+01:00,102.75,98.075,99.025,94.725,,103.6,95.05,103.025,103.65,99.775,101.275,95.875
2025-12-30T07:42:29.081418+01:00,102.75,98.075,99.025,94.725,,103.6,95.05,103.025,103.65,99.775,101.275,95.875
2025-12-30T08:01:47.040780+01:00,102.75,98.075,99.025,94.725,,103.6,95.05,103.025,103.65,99.775,101.275,95.875
2025-12-30T08:35:26.597037+01:00,102.75,98.075,99.025,94.725,,103.6,95.05,103.025,103.65,99.775,101.275,95.875
2025-12-30T08:53:43.673517+01:00,102.75,98.075,99.025,94.725,,103.6,95.05,103.025,103.65,99.775,101.275,95.875
2025-12-30T09:37:20.736969+01:00,102.75,98.075,99.025,94.725,,103.6,95.0,103.025,103.65,99.775,101.275,95.875
2025-12-30T10:01:11.421411+01:00,102.75,98.1,99.05,94.725,,103.6,95.0,103.025,103.65,99.8,101.3,95.875
2025-12-30T10:40:50.656854+01:00,102.75,98.075,99.025,94.725,,103.6,95.0,103.025,103.65,99.775,101.275,95.875
2025-12-30T10:56:04.276932+01:00,102.75,98.075,99.025,94.725,,103.6,95.0,103.025,103.65,99.775,101.275,95.875
2025-12-30T11:32:48.817887+01:00,102.75,98.1,99.05,94.675,,103.6,94.85,103.025,103.65,99.8,101.3,95.825
2025-12-30T11:56:04.876861+01:00,102.75,98.1,99.05,94.65,,103.6,94.825,103.025,103.65,99.8,101.3,95.8
2025-12-30T12:26:21.573641+01:00,102.75,98.1,99.05,94.675,,103.6,95.0,103.025,103.65,99.8,101.3,95.825
2025-12-30T12:43:57.888412+01:00,102.75,98.1,99.05,94.675,,103.6,94.975,103.025,103.65,99.8,101.3,95.825
2025-12-30T12:56:53.708606+01:00,102.75,98.1,99.05,94.65,,103.6,94.975,103.025,103.65,99.8,101.3,95.8
2025-12-30T14:01:25.439048+01:00,102.75,98.1,99.05,94.65,,103.6,94.975,103.025,103.65,99.8,101.3,95.8
2025-12-30T14:48:44.880755+01:00,102.75,98.075,99.025,94.65,,103.6,94.975,103.025,103.65,99.775,101.275,95.8
2025-12-30T15:28:16.087277+01:00,102.75,98.075,99.025,94.625,,103.6,94.975,103.025,103.65,99.775,101.275,95.775
2025-12-30T15:49:39.863032+01:00,102.75,98.075,99.025,94.625,,103.6,94.975,103.025,103.65,99.775,101.275,95.775
2025-12-30T16:30:09.255220+01:00,102.75,98.1,99.05,94.675,,103.6,94.975,103.025,103.65,99.8,101.3,95.825
2025-12-30T16:49:11.467127+01:00,102.75,98.1,99.05,94.65,,103.6,94.95,103.025,103.65,99.8,101.3,95.8
2025-12-30T17:35:48.448989+01:00,102.75,98.125,99.075,94.7,,103.6,95.0,103.025,103.65,99.825,101.325,95.85
2025-12-30T18:00:15.752583+01:00,102.75,98.125,99.075,94.7,,103.6,95.0,103.025,103.65,99.825,101.325,95.85
2025-12-31T07:42:51.482252+01:00,102.75,98.125,99.075,94.7,,103.6,95.0,103.025,103.65,99.825,101.325,95.85
2025-12-31T08:02:04.317924+01:00,102.75,98.125,99.075,94.7,,103.6,95.0,103.025,103.65,99.825,101.325,95.85
2025-12-31T08:36:30.438416+01:00,102.75,98.125,99.075,94.7,,103.6,95.0,103.025,103.65,99.825,101.325,95.85
2025-12-31T08:53:44.960443+01:00,102.75,98.125,99.075,94.7,,103.6,95.0,103.025,103.65,99.825,101.325,95.85
2025-12-31T09:37:21.971891+01:00,102.75,98.125,99.075,95.063,,103.6,95.0,103.025,103.65,99.825,101.325,95.85
2025-12-31T10:00:56.312360+01:00,102.75,98.125,99.075,95.063,,103.6,95.0,103.025,103.65,99.825,101.325,95.85
2025-12-31T10:40:08.041803+01:00,102.75,98.125,99.075,95.063,,103.6,95.0,103.025,103.65,99.825,101.325,95.85
2025-12-31T10:54:40.744037+01:00,102.75,98.125,99.075,95.063,,103.6,95.0,103.025,103.65,99.825,101.325,95.85
2025-12-31T11:29:44.303222+01:00,102.75,98.125,99.075,95.063,,103.6,95.0,103.025,103.65,99.825,101.325,95.85
2025-12-31T11:49:49.843978+01:00,102.75,98.125,99.075,95.063,,103.6,95.0,103.025,103.65,99.825,101.325,95.85
2025-12-31T12:24:58.703141+01:00,102.75,98.125,99.075,95.063,,103.6,95.0,103.025,103.65,99.825,101.325,95.85
2025-12-31T12:42:07.731301+01:00,102.75,98.125,99.075,95.063,,103.6,95.0,103.025,103.65,99.825,101.325,95.85
2025-12-31T12:54:39.486081+01:00,102.75,98.125,99.075,95.063,,103.6,95.0,103.025,103.65,99.825,101.325,95.85
2025-12-31T13:55:55.339341+01:00,102.75,98.125,99.075,95.063,,103.6,95.0,103.025,103.65,99.825,101.325,95.85
2025-12-31T14:37:05.896868+01:00,102.75,98.125,99.075,95.063,,103.6,95.0,103.025,103.65,99.825,101.325,95.85
2025-12-31T14:56:06.831945+01:00,102.75,98.125,99.075,95.063,,103.6,95.0,103.025,103.65,99.825,101.325,95.85
2025-12-31T15:28:59.215401+01:00,102.75,98.125,99.075,95.063,,103.6,95.0,103.025,103.65,99.825,101.325,95.85
2025-12-31T15:48:07.764871+01:00,102.75,98.125,99.075,95.063,,103.6,95.0,103.025,103.65,99.825,101.325,95.85
2025-12-31T16:27:38.592327+01:00,102.75,98.125,99.075,95.063,,103.6,95.0,103.025,103.65,99.825,101.325,95.85
2025-12-31T16:45:29.140862+01:00,102.75,98.125,99.075,95.063,,103.6,95.0,103.025,103.65,99.825,101.325,95.85
2025-12-31T16:57:59.163852+01:00,102.75,98.125,99.075,95.063,,103.6,95.0,103.025,103.65,99.825,101.325,95.85
2025-12-31T17:36:35.383667+01:00,102.75,98.125,99.075,95.063,,103.6,95.0,103.025,103.65,99.825,101.325,95.85
2025-12-31T17:57:51.426007+01:00,102.75,98.125,99.075,95.063,,103.6,95.0,103.025,103.65,99.825,101.325,95.85
2026-01-01T07:42:45.710894+01:00,102.75,98.125,99.075,95.063,,103.6,95.0,103.025,103.65,99.825,101.325,95.85
2026-01-01T08:02:15.305958+01:00,102.75,98.125,99.075,95.063,,103.6,95.0,103.025,103.65,99.825,101.325,95.85
2026-01-01T08:35:51.488030+01:00,102.75,98.125,99.075,95.063,,103.6,95.0,103.025,103.65,99.825,101.325,95.85
2026-01-01T08:53:24.167872+01:00,102.75,98.125,99.075,95.063,,103.6,95.0,103.025,103.65,99.825,101.325,95.85
2026-01-01T09:37:26.348860+01:00,102.75,98.125,99.075,95.063,,103.6,95.0,103.025,103.65,99.825,101.325,95.85
2026-01-01T10:00:06.625805+01:00,102.75,98.125,99.075,95.063,,103.6,95.0,103.025,103.65,99.825,101.325,95.85
2026-01-01T10:35:46.156298+01:00,102.75,98.125,99.075,95.063,,103.6,95.0,103.025,103.65,99.825,101.325,95.85
2026-01-01T10:55:15.229733+01:00,102.75,98.125,99.075,95.063,,103.6,95.0,103.025,103.65,99.825,101.325,95.85
2026-01-01T11:30:18.414078+01:00,102.75,98.125,99.075,95.063,,103.6,95.0,103.025,103.65,99.825,101.325,95.85
2026-01-01T11:50:42.451890+01:00,102.75,98.125,99.075,95.063,,103.6,95.0,103.025,103.65,99.825,101.325,95.85
2026-01-01T12:23:58.180642+01:00,102.75,98.125,99.075,95.063,,103.6,95.0,103.025,103.65,99.825,101.325,95.85
2026-01-01T12:42:44.727252+01:00,102.75,98.125,99.075,95.063,,103.6,95.0,103.025,103.65,99.825,101.325,95.85
2026-01-01T12:55:30.443016+01:00,102.75,98.125,99.075,95.063,,103.6,95.0,103.025,103.65,99.825,101.325,95.85
2026-01-01T13:56:42.869348+01:00,102.75,98.125,99.075,95.063,,103.6,95.0,103.025,103.65,99.825,101.325,95.85
2026-01-01T14:38:33.424078+01:00,102.75,98.125,99.075,95.063,,103.6,95.0,103.025,103.65,99.825,101.325,95.85
2026-01-01T14:56:39.492490+01:00,102.75,98.125,99.075,95.063,,103.6,95.0,103.025,103.65,99.825,101.325,95.85
2026-01-01T15:28:47.947632+01:00,102.75,98.125,99.075,95.063,,103.6,95.0,103.025,103.65,99.825,101.325,95.85
2026-01-01T15:47:55.553833+01:00,102.75,98.125,99.075,95.063,,103.6,95.0,103.025,103.65,99.825,101.325,95.85
2026-01-01T16:28:40.392002+01:00,102.75,98.125,99.075,95.063,,103.6,95.0,103.025,103.65,99.825,101.325,95.85
2026-01-01T16:46:05.882748+01:00,102.75,98.125,99.075,95.063,,103.6,95.0,103.025,103.65,99.825,101.325,95.85
2026-01-01T17:34:43.084314+01:00,102.75,98.125,99.075,95.063,,103.6,95.0,103.025,103.65,99.825,101.325,95.85
2026-01-01T17:59:18.596794+01:00,102.75,98.125,99.075,95.063,,103.6,95.0,103.025,103.65,99.825,101.325,95.85
2026-01-02T07:42:59.726138+01:00,102.75,98.125,99.075,95.063,,103.6,95.0,103.025,103.65,99.825,101.325,95.85
2026-01-02T08:03:16.930631+01:00,102.75,98.125,99.075,95.063,,103.6,95.0,103.025,103.65,99.825,101.325,95.85
2026-01-02T08:37:09.409571+01:00,102.75,98.125,99.075,95.063,,103.6,95.0,103.025,103.65,99.825,101.325,95.85
2026-01-02T08:54:01.742610+01:00,102.75,98.125,99.075,95.063,,103.6,95.0,103.025,103.65,99.825,101.325,95.85
2026-01-02T09:37:50.648438+01:00,102.8,98.075,99.025,94.6,,103.65,94.95,103.075,103.7,99.775,101.275,95.75
2026-01-02T10:00:45.299469+01:00,102.95,98.244,99.237,95.063,,102.4,94.89,103.12,103.45,99.884,101.17,95.825
2026-01-02T10:39:31.706126+01:00,102.9,98.125,99.075,94.65,,103.75,95.05,103.175,103.8,99.825,101.325,95.8
2026-01-02T10:55:50.192919+01:00,102.9,98.15,99.1,94.7,,103.75,95.075,103.175,103.8,99.85,101.35,95.85
2026-01-02T11:29:56.932486+01:00,102.9,98.15,99.1,94.7,,103.75,95.05,103.175,103.8,99.85,101.35,95.85
2026-01-02T11:49:40.797018+01:00,102.9,98.175,99.125,94.7,,103.75,95.075,103.175,103.8,99.875,101.375,95.85
2026-01-02T12:23:47.292036+01:00,102.9,98.15,99.1,94.65,,103.75,95.05,103.175,103.8,99.85,101.35,95.8
2026-01-02T12:41:59.200751+01:00,102.9,98.15,99.1,94.675,,103.75,95.05,103.175,103.8,99.85,101.35,95.825
2026-01-02T12:54:58.011609+01:00,102.9,98.225,99.175,94.75,,103.75,95.1,103.175,103.8,99.925,101.5,95.9
2026-01-02T13:55:05.775528+01:00,102.9,98.275,99.15,94.75,,103.75,95.125,103.175,103.8,99.9,101.475,95.9
2026-01-02T14:37:04.434181+01:00,102.9,98.275,99.15,94.725,,103.75,95.1,103.175,103.8,99.9,101.475,95.875
2026-01-02T14:56:20.688173+01:00,102.9,98.275,99.15,94.725,,103.75,95.1,103.175,103.8,99.9,101.475,95.875
2026-01-02T15:29:50.586468+01:00,102.9,98.225,99.1,94.725,,103.75,95.1,103.175,103.8,99.85,101.425,95.825
2026-01-02T15:49:39.117890+01:00,102.9,98.225,99.1,94.75,,103.75,95.1,103.175,103.8,99.85,101.425,95.85
2026-01-02T16:29:19.125521+01:00,102.9,98.225,99.1,94.75,,103.75,95.1,103.175,103.8,99.85,101.425,95.85
2026-01-02T16:48:18.441923+01:00,102.9,98.325,99.1,94.725,,103.75,95.075,103.175,103.8,99.85,101.425,95.825
2026-01-02T17:33:46.492245+01:00,102.9,98.3,99.075,94.7,,103.75,95.075,103.175,103.8,99.825,101.4,95.8
2026-01-02T17:58:30.282720+01:00,102.9,98.3,99.075,94.7,,103.75,95.075,103.175,103.8,99.825,101.4,95.8
2026-01-05T07:49:45.972570+01:00,102.9,98.3,99.075,94.849,,103.75,95.075,103.175,103.8,99.825,101.4,95.8
2026-01-05T08:34:58.667036+01:00,102.9,98.3,99.075,94.849,,103.75,95.075,103.175,103.8,99.825,101.4,95.8
2026-01-05T08:56:51.148770+01:00,102.9,98.3,99.075,94.849,,103.75,95.075,103.175,103.8,99.825,101.4,95.8
2026-01-05T09:46:27.562003+01:00,102.9,98.4,99.175,94.8,,103.9,95.1,103.225,103.85,99.925,101.525,95.9
2026-01-05T10:39:52.276854+01:00,102.9,98.35,99.125,94.775,,103.9,95.075,103.225,103.85,99.875,101.475,95.875
2026-01-05T10:59:08.788035+01:00,102.9,98.35,99.125,94.75,,104.0,95.075,103.225,103.85,99.875,101.475,95.85
2026-01-05T11:38:17.945580+01:00,102.9,98.375,99.15,94.8,,104.0,95.1,103.225,103.85,99.9,101.5,95.9
2026-01-05T11:58:26.731028+01:00,102.9,98.35,99.125,94.775,,104.0,95.1,103.225,103.85,99.875,101.475,95.875
2026-01-05T12:28:40.322939+01:00,102.9,98.375,99.15,94.8,,104.0,95.125,103.225,103.85,99.9,101.5,95.9
2026-01-05T12:46:15.643535+01:00,102.9,98.4,99.175,94.8,,104.0,95.125,103.225,103.85,99.925,101.525,95.9
2026-01-05T14:00:41.292247+01:00,102.9,98.375,99.15,94.825,,104.0,95.15,103.225,103.85,99.9,101.5,95.925
2026-01-05T14:52:22.964783+01:00,102.9,98.35,99.125,94.8,,104.0,95.175,103.225,103.85,99.875,101.475,95.9
2026-01-05T15:32:42.591242+01:00,102.9,98.35,99.125,94.825,,104.0,95.2,103.225,103.85,99.875,101.475,95.925
2026-01-05T15:59:03.103218+01:00,102.9,98.35,99.125,94.825,,104.0,95.2,103.225,103.85,99.875,101.475,95.925
2026-01-05T16:35:09.762486+01:00,102.9,98.3,99.075,94.725,,104.0,95.175,103.225,103.85,99.825,101.425,95.825
2026-01-05T16:58:24.315412+01:00,102.9,98.3,99.075,94.75,,104.0,95.2,103.225,103.85,99.825,101.425,95.85
2026-01-05T17:38:13.783687+01:00,102.9,98.325,99.1,94.775,,104.0,95.2,103.225,103.85,99.85,101.45,95.875
2026-01-05T18:00:52.373303+01:00,102.9,98.325,99.1,94.775,,104.0,95.2,103.225,103.85,99.85,101.45,95.875
2026-01-06T07:44:52.127156+01:00,102.9,98.325,99.1,94.775,,104.0,95.2,103.225,103.85,99.85,101.45,95.875
2026-01-06T08:14:59.749850+01:00,102.9,98.325,99.1,94.775,,104.0,95.2,103.225,103.85,99.85,101.45,95.875
2026-01-06T08:42:37.728455+01:00,102.9,98.325,99.1,94.775,,104.0,95.2,103.225,103.85,99.85,101.45,95.875
2026-01-06T08:56:13.865781+01:00,102.9,98.325,99.1,94.775,,104.0,95.2,103.225,103.85,99.85,101.45,95.875
2026-01-06T09:41:24.638002+01:00,102.9,98.35,99.125,94.7,,104.0,95.175,103.225,103.85,99.875,101.475,95.8
2026-01-06T10:02:48.481818+01:00,102.9,98.325,99.1,94.75,,104.0,95.2,103.225,103.85,99.85,101.45,95.85
2026-01-06T10:42:29.279718+01:00,102.9,98.325,99.1,94.775,,104.0,95.25,103.325,103.875,99.85,101.45,95.875
2026-01-06T10:57:33.689293+01:00,102.9,98.35,99.125,94.775,,104.0,95.25,103.325,103.875,99.875,101.475,95.875
2026-01-06T11:35:17.029499+01:00,102.9,98.325,99.1,94.75,,104.0,95.25,103.325,103.875,99.85,101.45,95.85
2026-01-06T11:57:46.572387+01:00,102.9,98.3,99.075,94.75,,104.0,95.25,103.325,103.875,99.825,101.425,95.85
2026-01-06T12:27:20.721323+01:00,102.9,98.275,99.05,94.725,,104.0,95.225,103.325,103.875,99.8,101.4,95.825
2026-01-06T12:44:51.601605+01:00,102.9,98.2,99.075,94.725,,104.0,95.25,103.325,103.875,99.825,101.425,95.825
2026-01-06T12:57:31.661935+01:00,102.9,98.2,99.075,94.725,,104.0,95.25,103.325,103.875,99.825,101.425,95.825
2026-01-06T14:02:17.340470+01:00,102.9,98.2,99.075,94.725,,104.0,95.25,103.325,103.875,99.825,101.425,95.825
2026-01-06T14:50:18.158655+01:00,102.9,98.25,99.125,94.8,,104.0,95.3,103.325,103.875,99.875,101.475,95.9
2026-01-06T15:30:03.177414+01:00,102.9,98.2,99.075,94.8,,104.0,95.275,103.325,103.875,99.825,101.425,95.9
2026-01-06T15:53:48.520623+01:00,102.9,98.225,99.1,94.825,,104.0,95.3,103.325,103.875,99.85,101.45,95.925
2026-01-06T16:30:34.652920+01:00,102.9,98.2,99.075,94.8,,104.0,95.275,103.325,103.875,99.825,101.425,95.9
2026-01-06T16:57:17.966157+01:00,102.9,98.2,99.075,94.8,,104.0,95.275,103.325,103.875,99.825,101.425,95.9
2026-01-06T17:40:39.440744+01:00,102.9,98.2,99.075,94.8,,104.0,95.275,103.325,103.875,99.825,101.425,95.9
2026-01-06T18:02:44.163911+01:00,102.9,98.2,99.075,94.8,,104.0,95.275,103.325,103.875,99.825,101.425,95.9
2026-01-07T07:44:03.831009+01:00,102.9,98.2,99.075,94.8,,104.0,95.275,103.325,103.875,99.825,101.425,95.9
2026-01-07T08:13:50.233483+01:00,102.9,98.2,99.075,94.8,,104.0,95.275,103.325,103.875,99.825,101.425,95.9
2026-01-07T08:41:20.142625+01:00,102.9,98.2,99.075,94.8,,104.0,95.275,103.325,103.875,99.825,101.425,95.9
2026-01-07T08:55:46.810669+01:00,102.9,98.2,99.075,94.8,,104.0,95.275,103.325,103.875,99.825,101.425,95.9
2026-01-07T09:40:13.442990+01:00,103.05,98.275,99.15,94.9,,103.8,95.35,103.475,103.675,99.9,101.5,96.0
2026-01-07T10:03:17.452439+01:00,103.05,98.3,99.175,94.975,,103.8,95.4,103.475,103.675,99.925,101.525,96.075
2026-01-07T10:43:21.028590+01:00,103.05,98.325,99.2,95.0,,103.8,95.4,103.475,103.675,99.95,101.55,96.1
2026-01-07T10:58:06.512112+01:00,103.05,98.3,99.175,95.0,,103.8,95.4,103.475,103.675,99.925,101.525,96.1
2026-01-07T11:36:08.504480+01:00,103.05,98.3,99.175,95.025,,103.8,95.4,103.475,103.675,99.925,101.525,96.125
2026-01-07T11:57:38.529753+01:00,103.05,98.325,99.2,95.05,,103.8,95.425,103.475,103.675,99.95,101.55,96.15
2026-01-07T12:28:54.293103+01:00,103.05,98.3,99.175,95.025,,103.8,95.4,103.475,103.675,99.925,101.525,96.125
2026-01-07T12:46:21.824741+01:00,103.05,98.3,99.175,95.025,,103.8,95.4,103.475,103.675,99.925,101.525,96.125
2026-01-07T14:00:06.580563+01:00,103.05,98.375,99.25,95.025,,103.8,95.425,103.475,103.675,100.0,101.6,96.125
2026-01-07T14:48:08.817687+01:00,103.05,98.375,99.25,95.075,,103.8,95.575,103.475,103.675,100.0,101.6,96.175
2026-01-07T15:31:35.254284+01:00,103.05,98.35,99.225,95.025,,103.8,95.55,103.475,103.675,99.975,101.575,96.125
2026-01-07T15:59:10.151842+01:00,103.05,98.325,99.2,95.0,,103.8,95.55,103.475,103.675,99.95,101.55,96.1
2026-01-07T16:36:29.142231+01:00,103.05,98.35,99.225,95.0,,103.8,95.525,103.475,103.675,99.975,101.575,96.1
2026-01-07T16:59:21.328970+01:00,103.05,98.35,99.225,95.0,,103.8,95.55,103.475,103.675,99.975,101.575,96.1
2026-01-07T17:44:52.142847+01:00,103.05,98.375,99.25,95.025,,103.8,95.55,103.475,103.675,100.0,101.6,96.125
2026-01-07T18:13:53.422402+01:00,103.05,98.375,99.25,95.025,,103.8,95.55,103.475,103.675,100.0,101.6,96.125
2026-01-08T07:44:12.634308+01:00,103.05,98.375,99.25,95.025,,103.8,95.55,103.475,103.675,100.0,101.6,96.125
2026-01-08T08:13:20.160664+01:00,103.05,98.375,99.25,95.025,,103.8,95.55,103.475,103.675,100.0,101.6,96.125
2026-01-08T08:40:06.462315+01:00,103.05,98.375,99.25,95.025,,103.8,95.55,103.475,103.675,100.0,101.6,96.125
2026-01-08T08:54:21.164203+01:00,103.05,98.375,99.25,95.025,,103.8,95.55,103.475,103.675,100.0,101.6,96.125
2026-01-08T09:39:25.198659+01:00,103.05,98.375,99.25,95.025,,103.8,95.525,103.475,103.675,100.0,101.6,96.125
2026-01-08T10:03:04.186714+01:00,103.05,98.35,99.225,95.0,,103.8,95.5,103.475,103.675,99.975,101.575,96.1
2026-01-08T10:44:06.798994+01:00,103.05,98.375,99.25,95.025,,103.8,95.525,103.475,103.675,100.0,101.6,96.125
2026-01-08T10:59:30.248963+01:00,103.05,98.375,99.25,95.025,,103.8,95.525,103.475,103.675,100.0,101.6,96.125
2026-01-08T11:37:40.269605+01:00,103.05,98.35,99.225,95.025,,103.8,95.475,103.475,103.675,99.975,101.575,96.125
2026-01-08T11:58:16.980608+01:00,103.05,98.375,99.25,95.025,,103.8,95.5,103.475,103.675,100.0,101.6,96.125
2026-01-08T12:29:55.412193+01:00,103.05,98.375,99.25,95.025,,103.8,95.5,103.475,103.675,100.0,101.6,96.125
2026-01-08T12:47:32.866049+01:00,103.05,98.35,99.225,95.025,,103.8,95.475,103.475,103.675,99.975,101.575,96.125
2026-01-08T14:00:03.593047+01:00,103.05,98.3,99.175,94.95,,103.8,95.45,103.475,103.675,99.925,101.525,96.05
2026-01-08T14:49:00.105272+01:00,103.05,98.3,99.175,94.95,,103.8,95.45,103.475,103.675,99.925,101.425,96.05
2026-01-08T15:32:16.733474+01:00,103.05,98.325,99.2,95.0,,103.8,95.475,103.475,103.675,99.95,101.45,96.1
2026-01-08T16:00:03.484325+01:00,103.05,98.325,99.2,94.975,,103.8,95.5,103.475,103.675,99.95,101.45,96.075
2026-01-08T16:37:05.275250+01:00,103.05,98.3,99.175,94.975,,103.8,95.475,103.475,103.675,99.925,101.425,96.075
2026-01-08T16:59:31.558675+01:00,103.05,98.3,99.175,94.95,,103.8,95.475,103.475,103.675,99.925,101.425,96.05
2026-01-08T17:44:22.822007+01:00,103.05,98.325,99.2,94.975,,103.8,95.5,103.475,103.675,99.95,101.45,96.075
2026-01-08T18:14:56.268532+01:00,103.05,98.325,99.2,94.975,,103.8,95.5,103.475,103.675,99.95,101.45,96.075
2026-01-09T07:44:17.262477+01:00,103.05,98.325,99.2,94.975,,103.8,95.5,103.475,103.675,99.95,101.45,96.075
2026-01-09T08:14:07.176811+01:00,103.05,98.325,99.2,94.975,,103.8,95.5,103.475,103.675,99.95,101.45,96.075
2026-01-09T08:41:23.509445+01:00,103.05,98.325,99.2,94.975,,103.8,95.5,103.475,103.675,99.95,101.45,96.075
2026-01-09T08:55:27.676498+01:00,103.05,98.325,99.2,94.975,,103.8,95.5,103.475,103.675,99.95,101.45,96.075
2026-01-09T09:39:18.550348+01:00,103.05,98.3,99.175,94.975,,103.8,95.475,103.475,103.675,99.925,101.425,96.075
2026-01-09T10:02:44.462377+01:00,103.05,98.325,99.2,95.0,,103.8,95.475,103.475,103.675,99.95,101.45,96.1
2026-01-09T10:44:04.267539+01:00,103.05,98.3,99.175,95.0,,103.8,95.5,103.475,103.675,99.925,101.425,96.1
2026-01-09T10:59:15.574060+01:00,103.05,98.3,99.175,95.0,,103.8,95.5,103.475,103.675,99.925,101.425,96.1
2026-01-09T11:36:18.428751+01:00,103.05,98.3,99.175,95.0,,103.8,95.5,103.475,103.675,99.925,101.425,96.1
2026-01-09T11:58:10.962635+01:00,103.05,98.3,99.175,94.975,,103.8,95.475,103.475,103.675,99.925,101.425,96.075
2026-01-09T12:28:26.574027+01:00,103.05,98.3,99.175,95.0,,103.8,95.5,103.475,103.675,99.925,101.425,96.1
2026-01-09T12:45:54.521561+01:00,103.05,98.325,99.2,95.0,,103.8,95.5,103.475,103.675,99.95,101.45,96.1
2026-01-09T13:59:21.151008+01:00,103.05,98.325,99.2,95.05,,103.8,95.525,103.475,103.675,99.95,101.45,96.15
2026-01-09T14:45:32.764195+01:00,103.05,98.3,99.175,95.025,,103.8,95.5,103.475,103.675,99.925,101.425,96.125
2026-01-09T15:31:28.209047+01:00,103.05,98.25,99.125,94.95,,103.8,95.45,103.475,103.675,99.875,101.375,96.05
2026-01-09T15:58:27.196112+01:00,103.05,98.225,99.1,94.925,,103.8,95.45,103.475,103.675,99.85,101.35,96.025
2026-01-09T16:34:40.879596+01:00,103.05,98.25,99.125,95.0,,103.8,95.475,103.475,103.675,99.875,101.375,96.1
2026-01-09T16:57:47.734684+01:00,103.05,98.3,99.175,95.025,,103.8,95.5,103.475,103.675,99.925,101.425,96.125
2026-01-09T17:39:46.295903+01:00,103.05,98.275,99.15,95.025,,103.8,95.5,103.475,103.675,99.9,101.4,96.125
2026-01-09T18:02:23.031882+01:00,103.05,98.275,99.15,95.025,,103.8,95.5,103.475,103.675,99.9,101.4,96.125
2026-01-12T07:48:21.115159+01:00,103.05,98.275,99.15,95.093,,103.8,95.5,103.475,103.675,99.9,101.4,96.125
2026-01-12T08:33:57.610250+01:00,103.05,98.275,99.15,95.093,,103.8,95.5,103.475,103.675,99.9,101.4,96.125
2026-01-12T08:55:54.941221+01:00,103.05,98.275,99.15,95.093,,103.8,95.5,103.475,103.675,99.9,101.4,96.125
2026-01-12T09:42:46.645868+01:00,103.05,98.275,99.15,95.025,,103.8,95.475,103.475,103.675,99.9,101.4,96.125
2026-01-12T10:17:26.283945+01:00,103.075,98.275,99.15,95.05,,103.825,95.5,103.5,103.7,99.9,101.4,96.15
2026-01-12T10:55:20.357309+01:00,103.075,98.25,99.125,95.05,,103.825,95.5,103.5,103.7,99.875,101.375,96.15
2026-01-12T11:33:29.498794+01:00,103.1,98.3,99.125,95.0,,103.8,95.5,103.525,103.725,99.875,101.375,96.1
2026-01-12T11:58:50.434355+01:00,103.1,98.325,99.15,95.025,,103.8,95.5,103.525,103.725,99.9,101.4,96.125
2026-01-12T12:30:18.407915+01:00,103.1,98.325,99.15,95.05,,103.8,95.475,103.525,103.725,99.9,101.4,96.15
2026-01-12T12:47:22.531215+01:00,103.1,98.325,99.15,94.975,,103.8,95.475,103.525,103.725,99.9,101.4,96.15
2026-01-12T14:01:32.431313+01:00,103.1,98.325,99.15,94.975,,103.8,95.5,103.525,103.725,99.9,101.4,96.15
2026-01-12T14:53:50.779522+01:00,103.1,98.35,99.175,95.025,,103.8,95.525,103.525,103.725,99.925,101.425,96.2
2026-01-12T15:33:05.175956+01:00,103.1,98.35,99.175,95.025,,103.8,95.5,103.525,103.725,99.925,101.425,96.2
2026-01-12T16:00:49.363850+01:00,103.1,98.4,99.225,95.05,,103.8,95.5,103.525,103.725,99.975,101.475,96.225
2026-01-12T16:43:54.409926+01:00,103.1,98.375,99.2,95.025,,103.8,95.5,103.525,103.725,99.95,101.45,96.2
2026-01-12T17:01:00.815959+01:00,103.1,98.4,99.225,95.05,,103.8,95.525,103.525,103.725,99.975,101.475,96.225
2026-01-12T17:46:42.868396+01:00,103.1,98.4,99.225,95.05,,103.8,95.5,103.525,103.725,99.975,101.475,96.225
2026-01-13T07:44:16.112194+01:00,103.1,98.4,99.225,95.05,,103.8,95.5,103.525,103.725,99.975,101.475,96.225
2026-01-13T08:13:59.244935+01:00,103.1,98.4,99.225,95.05,,103.8,95.5,103.525,103.725,99.975,101.475,96.225
2026-01-13T08:41:02.588841+01:00,103.1,98.4,99.225,95.05,,103.8,95.5,103.525,103.725,99.975,101.475,96.225
2026-01-13T08:54:49.464262+01:00,103.1,98.4,99.225,95.05,,103.8,95.5,103.525,103.725,99.975,101.475,96.225
2026-01-13T09:39:20.910483+01:00,103.1,98.35,99.175,94.95,,103.8,95.45,103.525,103.725,99.925,101.425,96.125
2026-01-13T10:03:09.111011+01:00,103.1,98.375,99.2,94.975,,103.8,95.45,103.525,103.725,99.95,101.45,96.15
2026-01-13T10:43:48.992117+01:00,103.1,98.375,99.2,94.95,,103.8,95.425,103.525,103.725,99.95,101.45,96.125
2026-01-13T10:58:50.517731+01:00,103.1,98.375,99.2,94.975,,103.8,95.425,103.525,103.725,99.95,101.45,96.15
2026-01-13T11:36:56.650209+01:00,103.1,98.375,99.2,94.975,,103.8,95.425,103.525,103.725,99.95,101.45,96.15
2026-01-13T11:58:33.143773+01:00,103.1,98.375,99.2,94.975,,103.8,95.425,103.525,103.725,99.95,101.45,96.15
2026-01-13T12:30:22.454643+01:00,103.1,98.375,99.2,94.95,,103.8,95.425,103.525,103.725,99.95,101.45,96.125
2026-01-13T12:47:55.626576+01:00,103.1,98.375,99.2,94.975,,103.8,95.425,103.525,103.725,99.95,101.45,96.15
2026-01-13T14:01:30.387379+01:00,103.1,98.375,99.2,94.975,,103.8,95.45,103.525,103.725,99.95,101.45,96.15
2026-01-13T14:53:16.663428+01:00,103.1,98.4,99.225,95.0,,103.8,95.45,103.525,103.725,99.975,101.475,96.175
2026-01-13T15:32:48.893904+01:00,103.1,98.4,99.225,95.0,,103.8,95.475,103.525,103.725,99.975,101.475,96.175
2026-01-13T16:00:24.810476+01:00,103.1,98.4,99.225,95.025,,103.8,95.475,103.525,103.725,99.975,101.475,96.2
2026-01-13T16:38:17.252069+01:00,103.1,98.4,99.225,95.025,,103.8,95.475,103.525,103.725,99.975,101.475,96.2
2026-01-13T17:00:15.950474+01:00,103.1,98.425,99.25,95.025,,103.8,95.475,103.525,103.725,100.0,101.5,96.2
2026-01-13T17:47:21.126808+01:00,103.1,98.425,99.25,95.025,,103.8,95.475,103.525,103.725,100.0,101.5,96.2
2026-01-14T07:43:54.792840+01:00,103.1,98.425,99.25,95.025,,103.8,95.475,103.525,103.725,100.0,101.5,96.2
2026-01-14T08:13:40.696168+01:00,103.1,98.425,99.25,95.025,,103.8,95.475,103.525,103.725,100.0,101.5,96.2
2026-01-14T08:41:41.558609+01:00,103.1,98.425,99.25,95.025,,103.8,95.475,103.525,103.725,100.0,101.5,96.2
2026-01-14T08:55:33.643125+01:00,103.1,98.425,99.25,95.025,,103.8,95.475,103.525,103.725,100.0,101.5,96.2
2026-01-14T09:39:41.304188+01:00,103.1,98.375,99.2,94.975,,103.8,95.475,103.525,103.775,99.95,101.45,96.15
2026-01-14T10:03:16.868305+01:00,103.125,98.5,99.25,95.05,,103.825,95.475,103.55,103.8,100.0,101.5,96.175
2026-01-14T10:45:14.477275+01:00,103.125,98.525,99.275,95.05,,103.825,95.475,103.55,103.8,100.0,101.5,96.175
2026-01-14T11:00:35.926494+01:00,103.1,98.525,99.275,95.05,,103.8,95.475,103.525,103.775,100.0,101.5,96.175
2026-01-14T11:45:54.542183+01:00,103.1,98.575,99.325,95.1,,103.8,95.5,103.525,103.775,100.05,101.55,96.225
2026-01-14T12:27:50.512441+01:00,103.1,98.55,99.3,95.1,,103.8,95.5,103.525,103.775,100.025,101.525,96.225
2026-01-14T12:46:17.177614+01:00,103.1,98.55,99.3,95.1,,103.8,95.5,103.525,103.775,100.025,101.525,96.225
2026-01-14T14:01:31.838576+01:00,103.1,98.525,99.275,95.175,,103.8,95.5,103.525,103.775,100.0,101.5,96.3
2026-01-14T14:52:37.967851+01:00,103.1,98.5,99.25,95.15,,103.8,95.475,103.525,103.775,99.975,101.475,96.275
2026-01-14T15:32:28.642987+01:00,103.1,98.525,99.275,95.175,,103.8,95.5,103.525,103.775,100.0,101.5,96.3
2026-01-14T16:00:37.657481+01:00,103.1,98.575,99.325,95.15,,103.8,95.5,103.525,103.775,100.05,101.55,96.325
2026-01-14T16:40:32.277961+01:00,103.1,98.575,99.325,95.175,,103.8,95.525,103.525,103.775,100.05,101.55,96.35
2026-01-14T16:58:34.004211+01:00,103.1,98.6,99.35,95.175,,103.8,95.525,103.525,103.775,100.075,101.575,96.35
2026-01-14T17:45:15.883373+01:00,103.1,98.6,99.35,95.175,,103.8,95.525,103.525,103.775,100.075,101.575,96.35
2026-01-14T18:16:10.767466+01:00,103.1,98.6,99.35,95.175,,103.8,95.525,103.525,103.775,100.075,101.575,96.35
2026-01-15T07:43:50.000383+01:00,103.1,98.6,99.35,95.175,,103.8,95.525,103.525,103.775,100.075,101.575,96.35
2026-01-15T08:13:45.190247+01:00,103.1,98.6,99.35,95.175,,103.8,95.525,103.525,103.775,100.075,101.575,96.35
2026-01-15T08:40:45.040292+01:00,103.1,98.6,99.35,95.175,,103.8,95.525,103.525,103.775,100.075,101.575,96.35
2026-01-15T08:55:12.291121+01:00,103.1,98.6,99.35,95.175,,103.8,95.525,103.525,103.775,100.075,101.575,96.35
2026-01-15T09:39:33.937289+01:00,103.1,98.55,99.3,95.175,,103.8,95.5,103.525,103.775,100.025,101.525,96.35
2026-01-15T10:02:23.597280+01:00,103.1,98.55,99.3,95.15,,103.8,95.5,103.525,103.775,100.025,101.525,96.325
2026-01-15T10:44:03.443607+01:00,103.1,98.575,99.325,95.175,,103.8,95.5,103.525,103.775,100.05,101.55,96.35
2026-01-15T10:58:40.962474+01:00,103.1,98.575,99.325,95.2,,103.8,95.525,103.525,103.775,100.05,101.55,96.375
2026-01-15T11:36:56.455838+01:00,103.1,98.6,99.35,95.2,,103.8,95.525,103.525,103.775,100.075,101.575,96.375
2026-01-15T11:58:08.887630+01:00,103.1,98.6,99.35,95.225,,103.8,95.525,103.525,103.775,100.075,101.575,96.4
2026-01-15T12:29:56.971475+01:00,103.1,98.6,99.35,95.225,,103.8,95.525,103.525,103.775,100.075,101.575,96.4
2026-01-15T12:47:32.434305+01:00,103.1,98.575,99.325,95.2,,103.8,95.525,103.525,103.775,100.05,101.55,96.375
2026-01-15T14:00:05.701542+01:00,103.1,98.55,99.3,95.175,,103.8,95.5,103.525,103.775,100.025,101.525,96.35
2026-01-15T14:49:10.037065+01:00,103.1,98.55,99.3,95.15,,103.8,95.5,103.525,103.775,100.025,101.525,96.325
2026-01-15T15:32:10.749057+01:00,103.1,98.6,99.35,95.225,,103.8,95.55,103.525,103.775,100.075,101.575,96.4
2026-01-15T15:59:57.827569+01:00,103.1,98.575,99.325,95.2,,103.8,95.525,103.525,103.775,100.05,101.55,96.375
2026-01-15T16:37:10.542132+01:00,103.1,98.575,99.325,95.2,,103.8,95.525,103.525,103.775,100.05,101.55,96.375
2026-01-15T17:03:53.902289+01:00,103.1,98.575,99.325,95.2,,103.8,95.525,103.525,103.775,100.05,101.55,96.375
2026-01-15T17:55:40.007525+01:00,103.1,98.575,99.325,95.2,,103.8,95.525,103.525,103.775,100.05,101.55,96.375
2026-01-16T07:43:39.472285+01:00,103.1,98.575,99.325,95.2,,103.8,95.525,103.525,103.775,100.05,101.55,96.375
2026-01-16T08:03:00.659332+01:00,103.1,98.575,99.325,95.2,,103.8,95.525,103.525,103.775,100.05,101.55,96.375
2026-01-16T08:38:55.876449+01:00,103.1,98.575,99.325,95.2,,103.8,95.525,103.525,103.775,100.05,101.55,96.375
2026-01-16T08:54:28.050276+01:00,103.1,98.575,99.325,95.2,,103.8,95.525,103.525,103.775,100.05,101.55,96.375
2026-01-16T09:38:21.469533+01:00,103.1,98.55,99.3,95.175,,103.8,95.5,103.525,103.775,100.025,101.525,96.35
2026-01-16T10:01:24.134132+01:00,103.1,98.525,99.275,95.175,,103.8,95.5,103.525,103.775,100.0,101.5,96.35
2026-01-16T10:42:19.475593+01:00,103.1,98.55,99.3,95.2,,103.8,95.5,103.525,103.775,100.025,101.525,96.375
2026-01-16T10:57:24.346848+01:00,103.1,98.55,99.3,95.225,,103.8,95.5,103.525,103.775,100.025,101.525,96.4
2026-01-16T11:35:39.970388+01:00,103.1,98.575,99.325,95.2,,103.8,95.5,103.525,103.775,100.05,101.55,96.375
2026-01-16T11:57:26.841231+01:00,103.1,98.6,99.35,95.25,,103.8,95.5,103.525,103.775,100.075,101.575,96.425
2026-01-16T12:28:50.188797+01:00,103.1,98.6,99.35,95.275,,103.8,95.5,103.525,103.775,100.075,101.575,96.45
2026-01-16T12:46:47.824820+01:00,103.1,98.625,99.375,95.25,,103.8,95.5,103.525,103.775,100.075,101.575,96.425
2026-01-16T13:59:07.691189+01:00,103.1,98.575,99.325,95.25,,103.8,95.475,103.525,103.775,100.025,101.525,96.425
2026-01-16T14:45:47.930303+01:00,103.1,98.575,99.325,95.25,,103.8,95.45,103.525,103.775,100.025,101.525,96.425
2026-01-16T15:31:16.502978+01:00,103.1,98.6,99.35,95.275,,103.8,95.475,103.525,103.775,100.05,101.55,96.45
2026-01-16T15:59:06.532966+01:00,103.1,98.6,99.35,95.275,,103.8,95.475,103.525,103.775,100.05,101.55,96.45
2026-01-16T16:34:32.687089+01:00,103.1,98.6,99.35,95.3,,103.8,95.475,103.525,103.775,100.05,101.55,96.475
2026-01-16T16:57:57.815566+01:00,103.1,98.575,99.325,95.275,,103.8,95.45,103.525,103.775,100.025,101.525,96.45
2026-01-16T17:41:05.786970+01:00,103.1,98.575,99.325,95.275,,103.8,95.45,103.525,103.775,100.025,101.525,96.45
2026-01-16T18:02:26.935669+01:00,103.1,98.575,99.325,95.275,,103.8,95.45,103.525,103.775,100.025,101.525,96.45
2026-01-19T07:50:28.984899+01:00,103.1,98.575,99.325,95.5,,103.8,95.45,103.525,103.775,100.025,101.525,96.45
2026-01-19T08:35:44.739506+01:00,103.1,98.575,99.325,95.5,,103.8,95.45,103.525,103.775,100.025,101.525,96.45
2026-01-19T08:57:32.264818+01:00,103.1,98.575,99.325,95.5,,103.8,95.45,103.525,103.775,100.025,101.525,96.45
2026-01-19T09:46:48.957944+01:00,103.1,98.6,99.35,95.275,,103.8,95.5,103.525,103.775,100.05,101.55,96.45
2026-01-19T10:41:54.170496+01:00,103.1,98.625,99.375,95.3,,103.8,95.525,103.525,103.775,100.075,101.575,96.475
2026-01-19T11:01:46.659442+01:00,103.1,98.6,99.35,95.25,,103.8,95.525,103.525,103.775,100.05,101.55,96.425
2026-01-19T11:49:04.168213+01:00,103.1,98.525,99.275,95.2,,103.8,95.45,103.525,103.775,99.975,101.475,96.375
2026-01-19T12:27:51.743048+01:00,103.1,98.5,99.25,95.15,,103.8,95.425,103.525,103.775,99.95,101.45,96.325
2026-01-19T12:46:43.575213+01:00,103.1,98.525,99.275,95.15,,103.8,95.4,103.525,103.775,99.975,101.475,96.325
2026-01-19T14:04:45.458070+01:00,103.1,98.45,99.2,95.075,,103.8,95.4,103.525,103.775,99.9,101.4,96.275
2026-01-19T14:55:33.075179+01:00,103.1,98.45,99.2,95.075,,103.8,95.4,103.525,103.775,99.9,101.4,96.275
2026-01-19T15:35:24.345229+01:00,103.1,98.45,99.2,95.075,,103.8,95.4,103.525,103.775,99.9,101.4,96.275
2026-01-19T16:00:33.948436+01:00,103.1,98.45,99.2,95.1,,103.8,95.425,103.525,103.775,99.9,101.4,96.3
2026-01-19T16:43:42.086590+01:00,103.1,98.425,99.175,95.075,,103.8,95.4,103.525,103.775,99.875,101.375,96.275
2026-01-19T17:00:06.564157+01:00,103.1,98.425,99.175,95.05,,103.8,95.375,103.525,103.775,99.875,101.375,96.25
2026-01-19T17:44:26.939507+01:00,103.1,98.425,99.175,95.075,,103.8,95.4,103.525,103.775,99.875,101.375,96.275
2026-01-19T18:12:25.923461+01:00,103.1,98.425,99.175,95.075,,103.8,95.4,103.525,103.775,99.875,101.375,96.275
2026-01-20T07:48:16.534942+01:00,103.1,98.425,99.175,95.075,,103.8,95.4,103.525,103.775,99.875,101.375,96.275
2026-01-20T08:35:01.373985+01:00,103.1,98.425,99.175,95.075,,103.8,95.4,103.525,103.775,99.875,101.375,96.275
2026-01-20T08:56:56.303107+01:00,103.1,98.425,99.175,95.075,,103.8,95.4,103.525,103.775,99.875,101.375,96.275
2026-01-20T09:46:13.457955+01:00,102.95,98.125,98.875,94.725,,102.4,95.3,103.525,103.775,99.575,101.075,95.925
2026-01-20T10:39:46.535180+01:00,102.95,98.15,98.9,94.75,,102.4,95.225,103.525,103.775,99.6,101.1,95.95
2026-01-20T11:00:06.937215+01:00,102.95,97.85,98.85,94.7,,102.4,95.225,103.525,103.775,99.55,101.05,95.9
2026-01-20T11:42:07.390503+01:00,102.95,97.8,98.825,94.675,,102.4,95.2,103.525,103.775,99.525,101.025,95.875
2026-01-20T12:01:59.414439+01:00,102.95,97.8,98.825,94.65,,102.4,95.2,103.55,103.8,99.525,101.025,95.85
2026-01-20T12:38:16.945880+01:00,102.95,97.825,98.8,94.65,,102.4,95.2,103.55,103.8,99.5,101.0,95.85
2026-01-20T12:55:50.602899+01:00,102.95,97.8,98.775,94.625,,102.4,95.175,103.525,103.775,99.475,100.975,95.825
2026-01-20T14:07:26.794011+01:00,102.95,97.85,98.825,94.675,,102.4,95.2,103.55,103.8,99.525,101.025,95.875
2026-01-20T14:56:54.815575+01:00,102.95,97.85,98.825,94.7,,102.4,95.2,103.525,103.775,99.525,101.025,95.9
2026-01-20T15:40:52.515360+01:00,102.95,97.925,98.9,94.75,,102.4,95.225,103.525,103.775,99.6,101.1,95.95
2026-01-20T16:04:27.254868+01:00,102.95,97.975,98.95,94.775,,102.4,95.225,103.525,103.775,99.65,101.15,95.975
2026-01-20T16:48:15.923840+01:00,102.95,98.0,98.975,94.825,,102.4,95.25,103.575,103.825,99.675,101.175,96.025
2026-01-20T17:43:33.039253+01:00,102.95,98.025,99.0,94.825,,102.4,95.25,103.55,103.8,99.7,101.2,96.025
2026-01-20T18:16:42.862320+01:00,102.95,98.025,99.0,94.825,,102.4,95.25,103.55,103.8,99.7,101.2,96.025
2026-01-21T07:48:25.865921+01:00,102.95,98.025,99.0,94.825,,102.4,95.25,103.55,103.8,99.7,101.2,96.025
2026-01-21T08:35:55.967246+01:00,102.95,98.025,99.0,94.825,,102.4,95.25,103.55,103.8,99.7,101.2,96.025
2026-01-21T08:57:33.005579+01:00,102.95,98.025,99.0,94.825,,102.4,95.25,103.55,103.8,99.7,101.2,96.025
2026-01-21T09:44:51.435624+01:00,102.95,98.025,99.0,94.825,,102.4,95.325,103.6,103.85,99.7,101.2,96.025
2026-01-21T10:18:07.964441+01:00,102.95,98.025,99.0,94.8,,102.4,95.3,103.575,103.825,99.7,101.2,96.0
2026-01-21T10:56:09.223131+01:00,102.95,98.0,98.975,94.775,,102.4,95.275,103.575,103.825,99.675,101.175,95.975
2026-01-21T11:39:29.917051+01:00,102.95,97.925,98.9,94.7,,102.4,95.25,103.6,103.85,99.6,101.1,95.9
2026-01-21T12:02:23.520433+01:00,102.95,97.925,98.9,94.7,,102.4,95.25,103.6,103.85,99.6,101.1,95.9
2026-01-21T12:39:15.299575+01:00,102.95,97.9,98.875,94.7,,102.4,95.225,103.6,103.85,99.575,101.075,95.9
2026-01-21T12:56:00.685014+01:00,102.95,97.9,98.875,94.7,,102.4,95.225,103.6,103.85,99.575,101.075,95.9
2026-01-21T14:07:32.523138+01:00,102.95,97.9,98.875,94.675,,102.4,95.225,103.6,103.85,99.575,101.075,95.875
2026-01-21T14:57:12.947587+01:00,102.95,97.875,98.85,94.675,,102.4,95.225,103.6,103.85,99.55,101.05,95.875
2026-01-21T15:41:11.307405+01:00,102.95,97.825,98.8,94.625,,102.4,95.2,103.575,103.825,99.5,101.0,95.825
2026-01-21T16:15:17.738874+01:00,102.95,97.825,98.8,94.625,,102.4,95.2,103.575,103.825,99.5,101.0,95.825
2026-01-21T16:52:24.480611+01:00,102.95,97.8,98.775,94.625,,102.4,95.2,103.575,103.825,99.5,101.0,95.825
2026-01-21T18:03:54.092568+01:00,102.95,97.8,98.775,94.625,,102.4,95.2,103.575,103.825,99.5,101.0,95.825
2026-01-22T07:46:23.298973+01:00,102.95,97.8,98.775,94.625,,102.4,95.2,103.575,103.825,99.5,101.0,95.825
2026-01-22T08:33:59.711817+01:00,102.95,97.8,98.775,94.625,,102.4,95.2,103.575,103.825,99.5,101.0,95.825
2026-01-22T08:56:01.492388+01:00,102.95,97.8,98.775,94.625,,102.4,95.2,103.575,103.825,99.5,101.0,95.825
2026-01-22T09:44:51.065651+01:00,102.95,98.05,98.925,94.775,,102.4,95.2,103.55,103.8,99.65,101.15,95.975
2026-01-22T10:18:57.804510+01:00,102.95,98.125,99.0,94.85,,102.4,95.225,103.575,103.825,99.725,101.225,96.05
2026-01-22T10:56:13.898447+01:00,102.95,98.125,99.0,94.85,,102.4,95.225,103.575,103.825,99.725,101.225,96.05
2026-01-22T11:38:18.925224+01:00,102.95,98.075,98.95,94.825,,102.4,95.2,103.575,103.825,99.7,101.2,96.025
2026-01-22T12:01:27.578629+01:00,102.95,98.1,98.975,94.85,,102.4,95.225,103.575,103.825,99.725,101.225,96.05
2026-01-22T12:37:25.372708+01:00,102.95,98.075,98.95,94.8,,102.4,95.2,103.575,103.825,99.7,101.2,96.0
2026-01-22T12:56:02.140111+01:00,102.95,98.1,98.975,94.825,,102.4,95.225,103.575,103.825,99.725,101.225,96.025
2026-01-22T14:08:31.680850+01:00,102.95,98.075,98.95,94.8,,102.4,95.2,103.575,103.825,99.7,101.2,96.0
2026-01-22T14:56:44.527729+01:00,102.95,98.1,98.975,94.825,,102.4,95.175,103.55,103.8,99.725,101.225,96.025
2026-01-22T15:39:38.574282+01:00,102.95,98.075,98.95,94.8,,102.4,95.175,103.575,103.825,99.7,101.2,96.0
2026-01-22T16:03:44.923479+01:00,102.95,98.075,98.95,94.825,,102.4,95.175,103.575,103.825,99.7,101.2,96.025
2026-01-22T16:48:09.200924+01:00,102.95,98.075,98.95,94.8,,102.4,95.175,103.575,103.825,99.7,101.2,96.0
2026-01-22T17:42:51.662756+01:00,102.95,98.075,98.95,94.8,,102.4,95.175,103.55,103.8,99.7,101.2,96.0
2026-01-22T18:16:31.849610+01:00,102.95,98.075,98.95,94.8,,102.4,95.175,103.55,103.8,99.7,101.2,96.0
2026-01-23T07:45:41.718201+01:00,102.95,98.075,98.95,94.8,,102.4,95.175,103.55,103.8,99.7,101.2,96.0
2026-01-23T08:32:36.729177+01:00,102.95,98.075,98.95,94.8,,102.4,95.175,103.55,103.8,99.7,101.2,96.0
2026-01-23T08:54:36.737348+01:00,102.95,98.075,98.95,94.8,,102.4,95.175,103.55,103.8,99.7,101.2,96.0
2026-01-23T09:39:11.368510+01:00,102.95,98.175,99.05,94.9,,102.4,95.2,103.625,103.875,99.8,101.3,96.1
2026-01-23T10:02:53.071881+01:00,102.95,98.15,99.025,94.85,,102.4,95.15,103.625,103.875,99.775,101.275,96.05
2026-01-23T10:45:37.277094+01:00,102.95,98.15,99.025,94.8,,102.4,95.15,103.625,103.875,99.775,101.275,96.0
2026-01-23T11:33:13.733229+01:00,102.95,98.05,98.925,94.75,,102.4,95.125,103.625,103.875,99.675,101.175,95.95
2026-01-23T11:59:51.064965+01:00,102.95,98.025,98.9,94.725,,102.4,95.125,103.625,103.875,99.65,101.15,95.925
2026-01-23T12:31:10.242518+01:00,102.95,97.975,98.85,94.675,,102.4,95.125,103.625,103.875,99.6,101.1,95.875
2026-01-23T12:55:18.718109+01:00,102.95,98.0,98.875,94.7,,102.4,95.125,103.625,103.875,99.625,101.125,95.9
2026-01-23T14:02:06.626810+01:00,102.95,98.025,98.9,94.725,,102.4,95.15,103.625,103.875,99.65,101.15,95.925
2026-01-23T14:54:03.311872+01:00,102.95,98.0,98.875,94.725,,102.4,95.15,103.625,103.875,99.625,101.125,95.925
2026-01-23T15:32:23.456348+01:00,102.95,98.0,98.875,94.7,,102.4,95.125,103.675,103.925,99.625,101.125,95.9
2026-01-23T16:00:43.457103+01:00,102.95,98.0,98.875,94.7,,102.4,95.15,103.675,103.925,99.625,101.125,95.9
2026-01-23T16:42:57.076248+01:00,102.95,98.0,98.875,94.725,,102.4,95.15,103.675,103.925,99.625,101.125,95.925
2026-01-23T17:00:57.771175+01:00,102.95,98.0,98.875,94.725,,102.4,95.15,103.675,103.925,99.625,101.125,95.925
2026-01-23T17:50:15.013481+01:00,102.95,98.0,98.875,94.725,,102.4,95.15,103.675,103.925,99.625,101.125,95.925
2026-01-26T07:49:23.019186+01:00,102.95,98.0,98.875,94.725,,102.4,95.15,103.675,103.925,99.625,101.125,95.925
2026-01-26T08:34:19.195892+01:00,102.95,98.0,98.875,94.725,,102.4,95.15,103.675,103.925,99.625,101.125,95.925
2026-01-26T08:56:28.194737+01:00,102.95,98.0,98.875,94.725,,102.4,95.15,103.675,103.925,99.625,101.125,95.925
2026-01-26T09:46:17.193125+01:00,102.95,97.975,98.85,94.7,,102.4,95.15,103.675,103.925,99.6,101.1,95.9
2026-01-26T10:41:38.251283+01:00,102.95,97.975,98.85,94.725,,102.4,95.175,103.675,103.925,99.6,101.1,95.925
2026-01-26T11:01:24.014079+01:00,102.95,97.95,98.825,94.675,,102.4,95.175,103.675,103.925,99.575,101.075,95.875
2026-01-26T11:47:37.961092+01:00,102.95,98.0,98.875,94.7,,102.4,95.175,103.675,103.925,99.625,101.1,95.9
2026-01-26T12:27:27.865246+01:00,102.95,98.0,98.875,94.725,,102.4,95.2,103.675,103.925,99.625,101.125,95.925
2026-01-26T12:45:54.892498+01:00,102.95,97.975,98.85,94.725,,102.4,95.2,103.675,103.925,99.6,101.1,95.925
2026-01-26T14:03:20.181451+01:00,102.95,97.975,98.85,94.725,,102.4,95.2,103.675,103.925,99.6,101.1,95.925
2026-01-26T14:55:28.384253+01:00,102.95,97.95,98.825,94.675,,102.4,95.075,103.675,103.925,99.575,101.075,95.85
2026-01-26T15:36:11.804043+01:00,102.95,98.025,98.9,94.75,,102.4,95.1,103.675,103.925,99.65,101.15,95.95
2026-01-26T16:02:32.258775+01:00,102.95,98.025,98.9,94.75,,102.4,95.1,103.675,103.925,99.65,101.15,95.95
2026-01-26T16:46:11.301410+01:00,102.95,98.05,98.925,94.775,,102.4,95.125,103.675,103.925,99.675,101.175,95.975
2026-01-26T17:42:23.003804+01:00,102.95,98.05,98.925,94.775,,102.4,95.125,103.675,103.925,99.675,101.175,95.975
2026-01-26T18:16:27.917689+01:00,102.95,98.05,98.925,94.775,,102.4,95.125,103.675,103.925,99.675,101.175,95.975
2026-01-27T07:47:17.939429+01:00,102.95,98.05,98.925,94.775,,102.4,95.125,103.675,103.925,99.675,101.175,95.975
2026-01-27T08:34:23.445410+01:00,102.95,98.05,98.925,94.775,,102.4,95.125,103.675,103.925,99.675,101.175,95.975
2026-01-27T08:56:39.705809+01:00,102.95,98.05,98.925,94.775,,102.4,95.125,103.675,103.925,99.675,101.175,95.975
2026-01-27T09:45:50.971289+01:00,102.95,98.075,98.95,94.8,,102.4,95.075,103.675,103.925,99.7,101.2,96.0
2026-01-27T10:40:15.695865+01:00,102.95,98.05,98.925,94.775,,102.4,95.075,103.675,103.925,99.675,101.175,95.975
2026-01-27T11:00:16.079365+01:00,102.95,98.125,99.0,94.825,,102.4,95.075,103.675,103.925,99.75,101.25,96.025
2026-01-27T11:44:37.757550+01:00,102.95,98.15,99.025,94.825,,102.4,95.075,103.675,103.925,99.775,101.275,96.025
2026-01-27T12:11:30.166718+01:00,102.95,98.125,99.0,94.825,,102.4,95.075,103.675,103.925,99.75,101.25,96.025
2026-01-27T12:38:42.535897+01:00,102.95,98.15,99.025,94.875,,102.4,95.075,103.675,103.925,99.775,101.275,96.075
2026-01-27T12:57:09.245844+01:00,102.95,98.175,99.05,94.875,,102.4,95.075,103.675,103.925,99.8,101.3,96.075
2026-01-27T14:10:01.694786+01:00,102.95,98.15,99.025,94.85,,102.4,95.125,103.725,103.975,99.775,101.275,96.05
2026-01-27T14:57:52.797842+01:00,102.95,98.1,98.975,94.825,,102.4,95.125,103.725,103.975,99.725,101.225,96.025
2026-01-27T15:41:19.095169+01:00,102.95,98.125,99.0,94.85,,102.4,95.125,103.725,103.975,99.75,101.25,96.05
2026-01-27T16:16:23.782684+01:00,102.95,98.175,99.05,94.9,,102.4,95.175,103.725,103.975,99.8,101.3,96.1
2026-01-27T16:53:05.987763+01:00,102.95,98.175,99.05,94.9,,102.4,95.175,103.725,103.975,99.8,101.3,96.1
2026-01-27T17:38:22.343465+01:00,102.95,98.175,99.05,94.9,,102.4,95.175,103.725,103.975,99.8,101.3,96.1
2026-01-27T18:14:22.479735+01:00,102.95,98.175,99.05,94.9,,102.4,95.175,103.725,103.975,99.8,101.3,96.1
2026-01-28T07:47:39.129482+01:00,102.95,98.175,99.05,94.9,,102.4,95.175,103.725,103.975,99.8,101.3,96.1
2026-01-28T08:33:36.320787+01:00,102.95,98.175,99.05,94.9,,102.4,95.175,103.725,103.975,99.8,101.3,96.1
2026-01-28T08:56:11.842133+01:00,102.95,98.175,99.05,94.9,,102.4,95.175,103.725,103.975,99.8,101.3,96.1
2026-01-28T09:45:13.931393+01:00,102.95,98.3,99.175,95.025,,102.4,95.2,103.75,104.0,99.925,101.425,96.225
2026-01-28T10:19:56.964380+01:00,102.95,98.3,99.175,95.025,,102.4,95.2,103.75,104.0,99.925,101.425,96.225
2026-01-28T10:57:21.455008+01:00,102.95,98.275,99.15,95.0,,102.4,95.25,103.75,104.0,99.9,101.4,96.2
2026-01-28T11:40:17.512735+01:00,102.95,98.3,99.175,95.025,,102.4,95.25,103.75,104.0,99.925,101.425,96.225
2026-01-28T12:01:59.026097+01:00,102.95,98.325,99.2,95.05,,102.4,95.275,103.75,104.0,99.95,101.45,96.25
2026-01-28T12:37:24.287960+01:00,102.95,98.3,99.175,95.025,,102.4,95.25,103.75,104.0,99.925,101.425,96.225
2026-01-28T12:55:57.588567+01:00,102.95,98.3,99.175,95.025,,102.4,95.25,103.75,104.0,99.925,101.425,96.225
2026-01-28T14:09:02.106113+01:00,102.95,98.3,99.175,95.025,,102.4,95.275,103.75,104.0,99.925,101.425,96.225
2026-01-28T14:57:41.378257+01:00,102.95,98.275,99.15,95.0,,102.4,95.25,103.75,104.0,99.9,101.4,96.2
2026-01-28T15:41:10.433845+01:00,102.95,98.25,99.175,95.025,,102.4,95.275,103.75,104.0,99.925,101.425,96.225
2026-01-28T16:16:04.435042+01:00,102.95,98.2,99.125,94.975,,102.4,95.25,103.725,103.975,99.875,101.375,96.175
2026-01-28T16:59:45.677190+01:00,102.95,98.225,99.15,94.975,,102.4,95.25,103.75,104.0,99.9,101.4,96.175
2026-01-28T17:53:01.915310+01:00,102.95,98.225,99.15,95.0,,102.4,95.25,103.75,104.0,99.9,101.4,96.2
2026-01-29T07:58:30.477808+01:00,102.95,98.225,99.15,95.0,,102.4,95.25,103.75,104.0,99.9,101.4,96.2
2026-01-29T08:48:23.736118+01:00,102.95,98.225,99.15,95.0,,102.4,95.25,103.75,104.0,99.9,101.4,96.2
2026-01-29T09:51:22.629689+01:00,102.95,98.25,99.175,95.025,,102.4,95.275,103.725,103.975,99.925,101.425,96.225
2026-01-29T10:52:33.506509+01:00,102.95,98.275,99.2,95.05,,102.4,95.275,103.75,104.0,99.95,101.45,96.25
2026-01-29T11:46:11.374232+01:00,102.95,98.3,99.225,95.15,,102.4,95.275,103.725,103.975,99.975,101.475,96.35
2026-01-29T12:37:00.144237+01:00,102.95,98.325,99.25,95.175,,102.4,95.275,103.725,103.975,100.0,101.5,96.375
2026-01-29T13:01:39.570424+01:00,102.95,98.325,99.25,95.2,,102.4,95.3,103.725,103.975,100.0,101.5,96.4
2026-01-29T14:33:07.961600+01:00,102.95,98.25,99.3,95.1,,102.4,95.3,103.775,104.025,100.05,101.55,96.4
2026-01-29T15:26:49.015384+01:00,102.95,98.225,99.275,95.075,,102.4,95.3,103.775,104.025,100.025,101.525,96.375
2026-01-29T16:07:37.994776+01:00,102.95,98.25,99.3,95.125,,102.4,95.375,103.775,104.025,100.05,101.55,96.425
2026-01-29T16:54:29.768994+01:00,102.95,98.3,99.35,95.175,,102.4,95.4,103.775,104.025,100.1,101.6,96.475
2026-01-29T17:52:32.202842+01:00,102.95,98.275,99.325,95.15,,102.4,95.4,103.775,104.025,100.075,101.575,96.45
2026-01-30T08:00:04.883883+01:00,102.95,98.275,99.325,95.15,,102.4,95.4,103.775,104.025,100.075,101.575,96.45
2026-01-30T08:48:43.500298+01:00,102.95,98.275,99.325,95.15,,102.4,95.4,103.775,104.025,100.075,101.575,96.45
2026-01-30T09:51:01.597851+01:00,102.95,98.225,99.275,95.1,,102.4,95.375,103.775,104.025,100.025,101.525,96.4
2026-01-30T10:48:28.115393+01:00,102.95,98.25,99.3,95.125,,102.4,95.35,103.775,104.025,100.05,101.55,96.425
2026-01-30T11:42:40.851881+01:00,102.95,98.25,99.3,95.125,,102.4,95.35,103.775,104.025,100.05,101.55,96.425
2026-01-30T12:17:03.886322+01:00,102.95,98.225,99.275,95.075,,102.4,95.325,103.775,104.025,100.025,101.525,96.375
2026-01-30T12:52:17.993632+01:00,102.95,98.25,99.3,95.125,,102.4,95.35,103.775,104.025,100.05,101.55,96.425
2026-01-30T14:11:08.678999+01:00,102.95,98.175,99.275,95.15,,102.4,95.35,103.75,104.0,100.025,101.525,96.4
2026-01-30T15:02:51.702874+01:00,102.95,98.175,99.275,95.15,,102.4,95.325,103.75,104.0,100.025,101.525,96.4
2026-01-30T15:56:22.690724+01:00,102.95,98.2,99.3,95.175,,102.4,95.35,103.775,104.025,100.05,101.55,96.425
2026-01-30T16:44:44.005757+01:00,102.95,98.2,99.3,95.175,,102.4,95.35,103.775,104.025,100.05,101.55,96.425
2026-01-30T17:20:39.946680+01:00,102.95,98.175,99.275,95.15,,102.4,95.35,103.775,104.025,100.025,101.525,96.4
2026-01-30T18:07:35.516240+01:00,102.95,98.175,99.275,95.15,,102.4,95.35,103.775,104.025,100.025,101.525,96.4
2026-02-02T08:11:36.788148+01:00,102.95,98.175,99.275,95.425,,102.4,95.35,103.775,104.025,100.025,101.525,96.4
2026-02-02T08:58:43.808785+01:00,102.95,98.175,99.275,95.425,,102.4,95.35,103.775,104.025,100.025,101.525,96.4
2026-02-02T09:58:13.646011+01:00,102.95,98.175,99.275,95.15,,102.4,95.35,103.775,104.025,100.025,101.525,96.4
2026-02-02T11:02:18.137679+01:00,102.95,98.2,99.3,95.2,,102.4,95.375,103.775,104.025,100.05,101.55,96.45
2026-02-02T12:08:04.598692+01:00,102.95,98.175,99.275,95.15,,102.4,95.35,103.675,104.025,100.025,101.525,96.4
2026-02-02T12:51:57.705264+01:00,102.95,98.175,99.275,95.15,,102.4,95.35,103.675,104.025,100.025,101.525,96.4
2026-02-02T14:15:50.677484+01:00,102.95,98.2,99.3,95.175,,102.4,95.35,103.675,104.025,100.05,101.55,96.425
2026-02-02T15:12:14.866981+01:00,102.95,98.2,99.3,95.175,,102.4,95.35,103.675,104.025,100.05,101.55,96.425
2026-02-02T16:03:11.590495+01:00,102.95,98.175,99.275,95.15,,102.4,95.325,103.625,104.025,100.025,101.525,96.4
2026-02-02T16:53:21.874055+01:00,102.95,98.15,99.25,95.1,,102.4,95.3,103.625,104.025,100.0,101.5,96.35
2026-02-02T17:51:32.804704+01:00,102.95,98.15,99.25,95.1,,102.4,95.3,103.625,104.025,100.0,101.5,96.35
2026-02-03T08:01:18.652798+01:00,102.95,98.15,99.25,95.1,,102.4,95.3,103.625,104.025,100.0,101.5,96.35
2026-02-03T08:56:14.645329+01:00,102.95,98.15,99.25,95.1,,102.4,95.3,103.625,104.025,100.0,101.5,96.35
2026-02-03T09:51:23.406822+01:00,102.95,98.125,99.225,95.05,,102.4,95.275,103.625,104.025,99.975,101.475,96.3
2026-02-03T10:52:41.928809+01:00,102.95,98.125,99.225,95.075,,102.4,95.275,103.625,104.025,99.975,101.475,96.325
2026-02-03T11:50:54.120005+01:00,102.95,98.125,99.225,95.075,,102.4,95.275,103.625,104.025,99.975,101.475,96.325
2026-02-03T12:39:52.465664+01:00,102.95,98.075,99.175,95.025,,102.4,95.25,103.625,104.025,99.925,101.425,96.275
2026-02-03T13:02:36.773085+01:00,102.95,98.075,99.175,95.0,,102.4,95.25,103.625,104.025,99.925,101.425,96.25
2026-02-03T14:36:30.831377+01:00,102.95,98.05,99.15,94.975,,102.4,95.25,103.6,104.025,99.9,101.4,96.225
2026-02-03T15:31:50.376980+01:00,102.95,98.05,99.15,95.025,,102.4,95.225,103.625,104.05,99.9,101.4,96.275
2026-02-03T16:34:37.525630+01:00,102.95,98.125,99.15,95.05,,102.4,95.25,103.625,104.05,99.9,101.4,96.3
2026-02-03T17:34:52.622054+01:00,102.95,98.125,99.15,95.025,,102.4,95.25,103.625,104.05,99.9,101.4,96.275
2026-02-03T18:38:27.441714+01:00,102.95,98.125,99.15,95.025,,102.4,95.25,103.625,104.05,99.9,101.4,96.275
2026-02-04T08:02:08.292732+01:00,102.95,98.125,99.15,95.025,,102.4,95.25,103.625,104.05,99.9,101.4,96.275
2026-02-04T08:57:10.012601+01:00,102.95,98.125,99.15,95.025,,102.4,95.25,103.625,104.05,99.9,101.4,96.275
2026-02-04T09:56:06.981028+01:00,102.95,98.175,99.2,95.125,,102.4,95.3,103.625,104.05,99.95,101.45,96.375
2026-02-04T10:56:12.505501+01:00,102.95,98.2,99.225,95.15,,102.4,95.3,103.625,104.05,99.975,101.475,96.4
2026-02-04T11:51:32.196011+01:00,102.95,98.2,99.225,95.15,,102.4,95.3,103.625,104.05,99.975,101.475,96.4
2026-02-04T12:38:26.218492+01:00,102.95,98.2,99.225,95.15,,102.4,95.3,103.625,104.05,99.975,101.475,96.4
2026-02-04T13:02:00.493203+01:00,102.95,98.2,99.225,95.15,,102.4,95.325,103.625,104.05,99.975,101.475,96.4
2026-02-04T14:36:32.002283+01:00,102.95,98.225,99.25,95.175,,102.4,95.325,103.625,104.05,100.0,101.5,96.425
2026-02-04T15:29:32.673392+01:00,102.95,98.2,99.225,95.15,,102.4,95.325,103.625,104.05,99.975,101.475,96.4
2026-02-04T16:23:44.651769+01:00,102.95,98.2,99.225,95.15,,102.4,95.3,103.625,104.05,99.975,101.475,96.4
2026-02-04T17:10:24.858561+01:00,102.95,98.2,99.225,95.15,,102.4,95.325,103.625,104.05,99.975,101.475,96.4
2026-02-04T18:09:04.337778+01:00,102.95,98.225,99.25,95.175,,102.4,95.325,103.625,104.05,100.0,101.5,96.425
2026-02-05T08:08:02.159419+01:00,102.95,98.225,99.25,95.175,,102.4,95.325,103.625,104.05,100.0,101.5,96.425
2026-02-05T08:58:37.096901+01:00,102.95,98.225,99.25,95.175,,102.4,95.325,103.625,104.05,100.0,101.5,96.425
2026-02-05T09:58:01.548642+01:00,102.95,98.225,99.25,95.175,,102.4,95.325,103.625,104.05,100.0,101.5,96.425
2026-02-05T10:57:09.612465+01:00,102.95,98.2,99.225,95.175,,102.4,95.3,103.625,104.05,99.975,101.5,96.425
2026-02-05T11:54:00.679882+01:00,102.95,98.175,99.2,95.125,,102.4,95.3,103.625,104.05,99.95,101.45,96.375
2026-02-05T12:40:04.334706+01:00,102.95,98.2,99.225,95.125,,102.4,95.3,103.625,104.05,99.975,101.475,96.375
2026-02-05T13:03:21.425790+01:00,102.95,98.2,99.225,95.15,,102.4,95.3,103.625,104.05,99.975,101.475,96.4
2026-02-05T14:40:06.374373+01:00,102.95,98.225,99.25,95.175,,102.4,95.325,103.625,104.05,100.0,101.5,96.425
2026-02-05T15:31:58.701932+01:00,102.95,98.175,99.2,95.125,,102.4,95.325,103.625,104.05,99.95,101.45,96.375
2026-02-05T16:26:41.894796+01:00,102.95,98.2,99.225,95.15,,102.4,95.35,103.625,104.05,99.975,101.475,96.425
2026-02-05T17:10:29.371646+01:00,102.95,98.225,99.25,95.175,,102.4,95.35,103.625,104.05,100.0,101.5,96.425
2026-02-05T18:09:48.057204+01:00,102.95,98.2,99.225,95.175,,102.4,95.35,103.625,104.05,99.975,101.475,96.425
2026-02-06T08:03:34.353171+01:00,102.95,98.2,99.225,95.175,,102.4,95.35,103.625,104.05,99.975,101.475,96.425
2026-02-06T08:57:49.620922+01:00,102.95,98.2,99.225,95.175,,102.4,95.35,103.625,104.05,99.975,101.475,96.425
2026-02-06T09:56:33.386687+01:00,102.95,98.3,99.325,95.275,,102.4,95.425,103.625,104.05,100.075,101.575,96.525
2026-02-06T10:55:07.824662+01:00,102.95,98.275,99.3,95.25,,102.4,95.4,103.625,104.05,100.05,101.55,96.5
2026-02-06T11:50:17.166234+01:00,102.95,98.3,99.325,95.275,,102.4,95.425,103.625,104.05,100.075,101.575,96.525
2026-02-06T12:39:29.233951+01:00,102.95,98.3,99.325,95.275,,102.4,95.45,103.625,104.05,100.075,101.575,96.525
2026-02-06T13:02:37.722784+01:00,102.95,98.275,99.3,95.25,,102.4,95.425,103.625,104.05,100.05,101.55,96.5
2026-02-06T14:35:48.218269+01:00,102.95,98.275,99.3,95.225,,102.4,95.425,103.625,104.05,100.05,101.55,96.475
2026-02-06T15:28:37.424626+01:00,102.95,98.275,99.3,95.25,,102.4,95.425,103.625,104.05,100.05,101.55,96.5
2026-02-06T16:22:14.058166+01:00,102.95,98.25,99.275,95.2,,102.4,95.4,103.625,104.05,100.025,101.525,96.45
2026-02-06T17:06:45.158448+01:00,102.95,98.225,99.25,95.175,,102.4,95.4,103.625,104.05,100.0,101.5,96.425
2026-02-06T18:05:12.903659+01:00,102.95,98.225,99.25,95.175,,102.4,95.4,103.625,104.05,100.0,101.5,96.425
2026-02-09T08:14:51.652289+01:00,102.95,98.225,99.25,95.382,,102.4,95.4,103.625,104.1,100.0,101.5,96.425
2026-02-09T09:03:57.834629+01:00,102.95,98.225,99.25,95.175,,102.4,95.4,103.625,104.1,100.0,101.5,96.425
2026-02-09T10:11:24.545099+01:00,102.95,98.15,99.175,95.1,,102.4,95.375,103.625,104.1,99.925,101.425,96.35
2026-02-09T11:17:24.858860+01:00,102.95,98.225,99.25,95.15,,102.4,95.375,103.625,104.1,100.0,101.5,96.4
2026-02-09T12:26:04.025316+01:00,102.95,98.2,99.225,95.15,,102.4,95.375,103.625,104.1,99.975,101.475,96.4
2026-02-09T13:05:04.045401+01:00,102.95,98.2,99.225,95.175,,102.4,95.4,103.625,104.1,99.975,101.475,96.425
2026-02-09T14:49:14.346391+01:00,102.95,98.25,99.275,95.175,,102.4,95.4,103.625,104.1,100.025,101.525,96.425
2026-02-09T15:58:59.485324+01:00,102.95,98.275,99.3,95.2,,102.4,95.425,103.625,104.1,100.05,101.55,96.45
2026-02-09T17:05:02.902157+01:00,102.95,98.275,99.3,95.225,,102.4,95.425,103.625,104.1,100.05,101.55,96.475
2026-02-09T18:13:30.352984+01:00,102.95,98.3,99.325,95.25,,102.4,95.45,103.625,104.1,100.075,101.575,96.5
2026-02-10T08:15:28.026611+01:00,102.95,98.3,99.325,95.25,,102.4,95.45,103.625,104.1,100.075,101.575,96.5
2026-02-10T09:06:52.200881+01:00,102.95,98.3,99.325,95.275,,102.4,95.475,103.625,104.1,100.075,101.575,96.525
2026-02-10T10:13:15.336950+01:00,102.95,98.4,99.425,95.325,,102.4,95.475,103.625,104.1,100.175,101.675,96.575
2026-02-10T11:13:42.563300+01:00,102.95,98.35,99.375,95.325,,102.4,95.475,103.625,104.1,100.125,101.625,96.575
2026-02-10T12:14:50.081328+01:00,102.95,98.35,99.375,95.325,,102.4,95.475,103.625,104.1,100.125,101.625,96.575
2026-02-10T13:02:44.891168+01:00,102.95,98.35,99.375,95.325,,102.4,95.475,103.625,104.1,100.125,101.625,96.575
2026-02-10T14:55:18.718436+01:00,102.95,98.4,99.425,95.375,,102.4,95.5,103.625,104.1,100.175,101.675,96.625
2026-02-10T16:06:21.716560+01:00,102.95,98.4,99.425,95.425,,102.4,95.525,103.625,104.1,100.2,101.7,96.675
2026-02-10T17:18:06.156958+01:00,102.95,98.4,99.425,95.425,,102.4,95.525,103.625,104.1,100.2,101.7,96.675
2026-02-10T18:36:16.334206+01:00,102.95,98.4,99.425,95.425,,102.4,95.525,103.625,104.1,100.2,101.7,96.675
2026-02-11T08:12:02.015879+01:00,102.95,98.4,99.425,95.425,,102.4,95.525,103.625,104.1,100.2,101.7,96.675
2026-02-11T09:02:49.764544+01:00,102.95,98.4,99.425,95.45,,102.4,95.525,103.625,104.1,100.2,101.7,96.7
2026-02-11T10:09:34.493606+01:00,102.95,98.475,99.5,95.5,,102.4,95.65,103.625,104.1,100.275,101.775,96.75
2026-02-11T11:11:37.469251+01:00,102.95,98.475,99.5,95.5,,102.4,95.675,103.625,104.1,100.275,101.775,96.75
2026-02-11T12:11:31.631057+01:00,102.95,98.45,99.475,95.475,,102.4,95.65,103.625,104.1,100.25,101.75,96.725
2026-02-11T12:59:57.727035+01:00,102.95,98.425,99.45,95.45,,102.4,95.65,103.625,104.1,100.225,101.725,96.7
2026-02-11T14:43:51.379716+01:00,102.95,98.375,99.4,95.4,,102.4,95.65,103.625,104.1,100.175,101.675,96.65
2026-02-11T15:42:47.812813+01:00,102.95,98.325,99.35,95.35,,102.4,95.625,103.625,104.1,100.125,101.625,96.6
2026-02-11T16:42:34.884148+01:00,102.95,98.375,99.4,95.425,,102.4,95.65,103.625,104.1,100.175,101.675,96.675
2026-02-11T17:45:01.151864+01:00,102.95,98.375,99.4,95.4,,102.4,95.65,103.625,104.1,100.175,101.675,96.675
2026-02-11T18:44:59.811156+01:00,102.95,98.375,99.4,95.4,,102.4,95.65,103.625,104.1,100.175,101.675,96.675
2026-02-12T08:11:28.126398+01:00,102.95,98.375,99.4,95.4,,102.4,95.65,103.625,104.1,100.175,101.675,96.675
2026-02-12T09:00:30.825226+01:00,102.95,98.375,99.4,95.4,,102.4,95.65,103.625,104.1,100.175,101.675,96.65
2026-02-12T10:06:50.478317+01:00,102.95,98.35,99.375,95.35,,102.4,95.65,103.65,104.1,100.15,101.65,96.6
2026-02-12T11:08:39.155473+01:00,102.95,98.375,99.4,95.375,,102.4,95.65,103.65,104.1,100.175,101.675,96.625
2026-02-12T12:08:50.354783+01:00,102.95,98.375,99.4,95.375,,102.4,95.675,103.65,104.1,100.175,101.675,96.625
2026-02-12T12:57:08.758269+01:00,102.95,98.375,99.4,95.375,,102.4,95.65,103.65,104.1,100.175,101.675,96.625
2026-02-12T14:39:27.922921+01:00,102.95,98.375,99.4,95.375,,102.4,95.675,103.65,104.1,100.175,101.675,96.625
2026-02-12T15:37:00.152178+01:00,102.95,98.45,99.4,95.375,,102.4,95.675,103.65,104.1,100.175,101.675,96.625
2026-02-12T16:36:20.407136+01:00,102.95,98.475,99.425,95.4,,102.4,95.7,103.65,104.1,100.2,101.7,96.65
2026-02-12T17:41:23.749166+01:00,102.95,98.5,99.45,95.4,,102.4,95.7,103.65,104.1,100.225,101.725,96.65
2026-02-12T18:46:04.419126+01:00,102.95,98.5,99.45,95.4,,102.4,95.7,103.65,104.1,100.225,101.725,96.65
2026-02-13T08:07:25.405836+01:00,102.95,98.5,99.45,95.4,,102.4,95.7,103.65,104.1,100.225,101.725,96.65
2026-02-13T08:58:30.142014+01:00,102.95,98.5,99.45,95.4,,102.4,95.7,103.65,104.1,100.225,101.725,96.65
2026-02-13T09:56:25.601175+01:00,102.95,98.55,99.5,95.425,,102.4,95.725,103.65,104.1,100.275,101.775,96.675
2026-02-13T10:56:30.511980+01:00,102.95,98.525,99.475,95.425,,102.4,95.7,103.65,104.1,100.25,101.75,96.675
2026-02-13T11:52:55.883291+01:00,102.95,98.55,99.5,95.4,,102.4,95.725,103.65,104.1,100.275,101.775,96.65
2026-02-13T12:37:11.931809+01:00,102.95,98.55,99.5,95.425,,102.4,95.725,103.65,104.1,100.275,101.775,96.675
2026-02-13T13:01:50.209649+01:00,102.95,98.575,99.525,95.45,,102.4,95.75,103.65,104.1,100.3,101.8,96.7
2026-02-13T14:37:14.765993+01:00,102.95,98.6,99.55,95.45,,102.4,95.75,103.65,104.1,100.325,101.825,96.7
2026-02-13T15:29:08.038337+01:00,102.95,98.6,99.55,95.45,,102.4,95.75,103.65,104.1,100.325,101.825,96.7
2026-02-13T16:23:29.722740+01:00,102.95,98.625,99.575,95.5,,102.4,95.775,103.65,104.1,100.35,101.85,96.75
2026-02-13T17:09:37.519812+01:00,102.95,98.625,99.575,95.5,,102.4,95.775,103.65,104.1,100.35,101.85,96.75
2026-02-13T18:08:24.069543+01:00,102.95,98.625,99.575,95.5,,102.4,95.775,103.65,104.1,100.35,101.85,96.75
2026-02-16T08:13:52.089132+01:00,102.95,98.625,99.575,95.475,,102.4,95.775,103.65,104.1,100.35,101.85,96.75
2026-02-16T09:02:29.612842+01:00,102.95,98.65,99.6,95.525,,102.4,95.8,103.65,104.1,100.375,101.875,96.775
2026-02-16T10:08:09.754049+01:00,102.95,98.65,99.6,95.55,,102.4,95.8,103.65,104.1,100.375,101.875,96.8
2026-02-16T11:12:26.566816+01:00,102.95,98.6,99.55,95.45,,102.4,95.75,103.65,104.1,100.325,101.825,96.7
2026-02-16T12:09:51.346860+01:00,102.95,98.6,99.55,95.475,,102.4,95.75,103.65,104.1,100.325,101.825,96.725
2026-02-16T12:55:52.998255+01:00,102.95,98.625,99.575,95.5,,102.4,95.775,103.65,104.1,100.35,101.85,96.75
2026-02-16T14:21:45.999455+01:00,102.95,98.675,99.625,95.5,,102.4,95.775,103.65,104.1,100.4,101.9,96.75
2026-02-16T15:26:38.206465+01:00,102.95,98.675,99.625,95.5,,102.4,95.8,103.65,104.1,100.4,101.9,96.75
2026-02-16T16:10:26.981976+01:00,102.95,98.675,99.625,95.5,,102.4,95.775,103.65,104.1,100.4,101.9,96.75
2026-02-16T16:58:42.132496+01:00,102.95,98.675,99.625,95.525,,102.4,95.8,103.65,104.1,100.4,101.9,96.775
2026-02-16T17:58:23.623511+01:00,102.95,98.675,99.625,95.5,,102.4,95.8,103.65,104.1,100.4,101.9,96.75
2026-02-17T08:08:11.540026+01:00,102.95,98.675,99.625,95.5,,102.4,95.8,103.65,104.1,100.4,101.9,96.75
2026-02-17T09:00:19.575895+01:00,102.95,98.7,99.65,95.575,,102.4,95.825,103.65,104.1,100.425,101.925,96.825
2026-02-17T10:00:12.891036+01:00,102.95,98.875,99.825,95.7,,102.4,95.85,103.65,104.1,100.6,102.1,96.95
2026-02-17T11:02:19.186933+01:00,102.95,98.85,99.8,95.7,,102.4,95.825,103.65,104.1,100.575,102.075,96.95
2026-02-17T12:08:24.713529+01:00,102.95,98.8,99.75,95.65,,102.4,95.825,103.65,104.1,100.525,102.025,96.9
2026-02-17T12:55:48.497643+01:00,102.95,98.8,99.75,95.65,,102.4,95.825,103.65,104.1,100.525,102.025,96.9
2026-02-17T14:21:54.954058+01:00,102.95,98.825,99.775,95.7,,102.4,95.85,103.65,104.1,100.55,102.05,96.95
2026-02-17T15:29:16.872044+01:00,102.95,98.775,99.725,95.65,,102.4,95.825,103.65,104.1,100.5,102.0,96.9
2026-02-17T16:29:13.008467+01:00,102.95,98.775,99.725,95.65,,102.4,95.825,103.65,104.1,100.5,102.0,96.9
2026-02-17T17:33:57.018186+01:00,102.95,98.775,99.725,95.65,,102.4,95.825,103.65,104.1,100.5,102.0,96.9
2026-02-17T18:42:31.215802+01:00,102.95,98.775,99.725,95.65,,102.4,95.825,103.65,104.1,100.5,102.0,96.9
2026-02-18T08:10:12.909341+01:00,102.95,98.775,99.725,95.65,,102.4,95.825,103.65,104.1,100.5,102.0,96.9
2026-02-18T08:59:30.265829+01:00,102.95,98.775,99.725,95.65,,102.4,95.825,103.65,104.1,100.5,102.0,96.9
2026-02-18T09:59:00.524157+01:00,102.95,98.725,99.675,95.6,,102.4,95.8,103.65,104.1,100.45,101.95,96.85
2026-02-18T11:00:46.503104+01:00,102.95,98.75,99.7,95.625,,102.4,95.825,103.65,104.1,100.475,101.975,96.875
2026-02-18T12:07:54.950175+01:00,102.95,98.75,99.7,95.625,,102.4,95.8,103.65,104.1,100.475,101.975,96.875
2026-02-18T12:55:52.311886+01:00,102.95,98.75,99.7,95.6,,102.4,95.8,103.65,104.1,100.475,101.975,96.85
2026-02-18T14:24:11.973061+01:00,102.95,98.75,99.7,95.6,,102.4,95.8,103.65,104.1,100.475,101.975,96.85
2026-02-18T15:27:45.947787+01:00,102.95,98.725,99.675,95.6,,102.4,95.8,103.65,104.1,100.45,101.95,96.85
2026-02-18T17:37:59.766532+01:00,102.95,98.75,99.7,95.625,,102.4,95.8,103.65,104.1,100.475,101.975,96.875
2026-02-18T18:42:06.606143+01:00,102.95,98.75,99.7,95.625,,102.4,95.8,103.65,104.1,100.475,101.975,96.875
2026-02-19T08:09:36.613262+01:00,102.95,98.75,99.7,95.625,,102.4,95.8,103.65,104.1,100.475,101.975,96.875
2026-02-19T08:58:14.919243+01:00,102.95,98.75,99.7,95.625,,102.4,95.8,103.65,104.1,100.475,101.975,96.875
2026-02-19T09:58:07.824623+01:00,102.95,98.675,99.625,95.525,,102.4,95.75,103.65,104.1,100.4,101.9,96.775
2026-02-19T11:00:13.690178+01:00,102.95,98.675,99.625,95.525,,102.4,95.8,103.65,104.1,100.4,101.9,96.775
2026-02-19T12:00:03.267035+01:00,102.95,98.675,99.625,95.525,,102.4,95.8,103.65,104.1,100.4,101.9,96.775
2026-02-19T12:49:26.074046+01:00,102.95,98.675,99.625,95.525,,102.4,95.8,103.65,104.1,100.4,101.9,96.775
2026-02-19T14:22:48.939930+01:00,102.95,98.7,99.65,95.55,,102.4,95.825,103.65,104.1,100.425,101.925,96.8
2026-02-19T15:31:16.890367+01:00,102.95,98.675,99.625,95.55,,102.4,95.825,103.65,104.1,100.4,101.9,96.8
2026-02-19T16:32:42.337156+01:00,102.95,98.675,99.625,95.55,,102.4,95.825,103.65,104.1,100.4,101.9,96.8
2026-02-19T17:34:48.300217+01:00,102.95,98.675,99.625,95.55,,102.4,95.825,103.65,104.1,100.4,101.9,96.8
2026-02-19T18:37:58.411430+01:00,102.95,98.675,99.625,95.55,,102.4,95.825,103.65,104.1,100.4,101.9,96.8
2026-02-20T08:05:11.999216+01:00,102.95,98.675,99.625,95.55,,102.4,95.825,103.65,104.1,100.4,101.9,96.8
2026-02-20T08:57:30.772460+01:00,102.95,98.675,99.625,95.55,,102.4,95.825,103.65,104.1,100.4,101.9,96.8
2026-02-20T09:53:42.950620+01:00,102.95,98.7,99.65,95.575,,102.4,95.85,103.65,104.1,100.425,101.925,96.825
2026-02-20T10:51:08.097492+01:00,102.95,98.725,99.675,95.625,,102.4,95.85,103.65,104.1,100.45,101.95,96.875
2026-02-20T11:47:02.510777+01:00,102.95,98.75,99.7,95.65,,102.4,95.95,103.65,104.1,100.475,101.975,96.9
2026-02-20T12:37:49.590351+01:00,102.95,98.7,99.65,95.625,,102.4,95.95,103.65,104.1,100.425,101.925,96.875
2026-02-20T13:02:02.616818+01:00,102.95,98.725,99.675,95.625,,102.4,95.95,103.65,104.1,100.45,101.95,96.875
2026-02-20T14:34:25.204079+01:00,102.95,98.775,99.725,95.65,,102.4,95.95,103.65,104.1,100.5,102.0,96.9
2026-02-20T15:27:34.851841+01:00,102.95,98.775,99.725,95.65,,102.4,95.95,103.65,104.1,100.5,102.0,96.9
2026-02-20T16:10:02.076720+01:00,102.95,98.75,99.7,95.625,,102.4,95.95,103.65,104.1,100.475,101.975,96.875
2026-02-20T16:55:08.999539+01:00,102.95,98.75,99.7,95.625,,102.4,95.95,103.65,104.1,100.475,101.975,96.875
2026-02-20T17:50:51.527404+01:00,102.95,98.75,99.7,95.6,,102.4,95.95,103.65,104.1,100.475,101.975,96.85
2026-02-23T08:15:00.871909+01:00,102.95,98.75,99.7,95.84,,102.4,95.95,103.65,104.1,100.475,101.975,96.85
2026-02-23T09:03:46.189962+01:00,102.95,98.775,99.725,95.65,,102.4,95.975,103.65,104.1,100.5,102.0,96.9
2026-02-23T10:08:36.082667+01:00,102.95,98.75,99.7,95.6,,102.4,95.95,103.65,104.1,100.475,101.975,96.85
2026-02-23T11:13:16.143084+01:00,102.95,98.75,99.7,95.6,,102.4,95.95,103.65,104.1,100.475,101.975,96.85
2026-02-23T12:09:47.786629+01:00,102.95,98.75,99.7,95.65,,102.4,95.975,103.65,104.1,100.475,101.975,96.9
2026-02-23T12:55:03.772950+01:00,102.95,98.75,99.7,95.625,,102.4,95.95,103.65,104.1,100.475,101.975,96.875
2026-02-23T14:20:59.354325+01:00,102.95,98.725,99.675,95.625,,102.4,95.95,103.65,104.1,100.45,101.95,96.875
2026-02-23T15:29:48.754589+01:00,102.95,98.775,99.725,95.75,,102.4,95.975,103.65,104.1,100.5,102.0,96.925
2026-02-23T16:27:09.993064+01:00,102.95,98.775,99.725,95.75,,102.4,95.975,103.65,104.1,100.5,102.0,96.925
2026-02-23T17:31:07.682749+01:00,102.95,98.825,99.775,95.825,,102.4,96.025,103.65,104.1,100.55,102.05,97.0
2026-02-23T18:48:03.970641+01:00,102.95,98.825,99.775,95.825,,102.4,96.025,103.65,104.1,100.55,102.05,97.0
2026-02-24T08:09:47.000260+01:00,102.95,98.825,99.775,95.825,,102.4,96.025,103.65,104.1,100.55,102.05,97.0
2026-02-24T09:01:00.937761+01:00,102.95,98.85,99.8,95.825,,102.4,96.025,103.65,104.1,100.575,102.075,97.0
2026-02-24T10:08:20.376906+01:00,102.95,98.85,99.8,95.825,,102.4,96.025,103.65,104.1,100.575,102.075,97.0
2026-02-24T11:10:20.193651+01:00,102.95,98.875,99.825,95.85,,102.4,96.025,103.65,104.1,100.6,102.1,97.025
2026-02-24T12:08:43.743892+01:00,102.95,98.9,99.85,95.875,,102.4,96.05,103.65,104.1,100.6,102.1,97.05
2026-02-24T12:56:59.506286+01:00,102.95,98.9,99.85,95.875,,102.4,96.05,103.65,104.1,100.6,102.1,97.05
2026-02-24T14:37:38.572457+01:00,102.95,98.85,99.8,95.9,,102.4,96.05,103.65,104.1,100.55,102.05,97.025
2026-02-24T15:40:08.735157+01:00,102.95,98.875,99.825,95.9,,102.4,96.1,103.65,104.1,100.575,102.075,97.025
2026-02-24T16:40:50.499209+01:00,102.95,98.825,99.775,95.875,,102.4,96.075,103.65,104.1,100.525,101.95,97.0
2026-02-24T17:47:16.292659+01:00,102.95,98.85,99.8,95.9,,102.4,96.075,103.65,104.1,100.55,101.975,97.025
2026-02-25T08:10:58.818434+01:00,102.95,98.85,99.8,95.9,,102.4,96.075,103.65,104.1,100.55,101.975,97.025
2026-02-25T09:02:20.622690+01:00,102.95,98.85,99.8,95.875,,102.4,96.075,103.65,104.1,100.55,101.975,97.0
2026-02-25T10:08:44.834823+01:00,102.95,98.85,99.8,95.875,,102.4,96.075,103.65,104.1,100.55,101.975,97.0
2026-02-25T11:12:36.659808+01:00,102.95,98.825,99.775,95.825,,102.4,96.075,103.65,104.1,100.525,101.95,96.95
2026-02-25T12:11:29.256499+01:00,102.95,98.85,99.8,95.85,,102.4,96.075,103.65,104.1,100.55,101.975,96.975
2026-02-25T12:54:50.485672+01:00,102.95,98.85,99.8,95.85,,102.4,96.075,103.65,104.1,100.55,101.975,96.975
2026-02-25T14:21:53.995032+01:00,102.95,98.85,99.8,95.875,,102.4,96.1,103.65,104.1,100.55,101.975,97.0
2026-02-25T15:32:17.454318+01:00,102.95,98.85,99.8,95.9,,102.4,96.1,103.65,104.1,100.55,101.975,97.025
2026-02-25T16:44:00.088377+01:00,102.95,98.875,99.825,95.9,,102.4,96.1,103.65,104.1,100.575,102.0,97.025
2026-02-25T17:53:06.939171+01:00,102.95,98.875,99.825,95.9,,102.4,96.125,103.65,104.1,100.575,102.0,97.025
2026-02-26T08:09:15.328033+01:00,102.95,98.875,99.825,95.9,,102.4,96.125,103.65,104.1,100.575,102.0,97.025
2026-02-26T09:00:32.593552+01:00,102.95,98.9,99.85,95.925,,102.4,96.1,103.65,104.1,100.6,102.025,97.05
2026-02-26T10:06:52.805978+01:00,102.95,98.9,99.825,95.9,,102.4,96.1,103.65,104.1,100.575,102.0,97.025
2026-02-26T11:08:23.203647+01:00,102.95,98.9,99.825,95.925,,102.4,96.1,103.65,104.1,100.575,102.0,97.05
2026-02-26T12:08:03.301185+01:00,102.95,98.925,99.85,95.95,,102.4,96.125,103.65,104.1,100.6,102.025,97.075
2026-02-26T12:56:11.600685+01:00,102.95,98.9,99.825,95.95,,102.4,96.15,103.65,104.1,100.575,102.0,97.075
2026-02-26T14:26:21.093765+01:00,102.95,98.95,99.875,96.0,,102.4,96.175,103.65,104.1,100.625,102.05,97.125
2026-02-26T15:32:10.203450+01:00,102.95,99.0,99.925,96.05,,102.4,96.225,103.65,104.1,100.675,102.1,97.125
2026-02-26T16:38:18.126483+01:00,102.95,99.05,99.975,96.15,,102.4,96.275,103.65,104.1,100.725,102.15,97.225
2026-02-26T17:40:06.687323+01:00,102.95,99.025,99.95,96.1,,102.4,96.25,103.65,104.1,100.7,102.125,97.175
2026-02-26T18:46:23.726517+01:00,102.95,99.025,99.95,96.1,,102.4,96.25,103.65,104.1,100.7,102.125,97.175
2026-02-27T08:03:33.395599+01:00,102.95,99.025,99.95,96.1,,102.4,96.25,103.65,104.1,100.7,102.125,97.175
2026-02-27T08:56:59.248835+01:00,102.95,99.025,99.95,96.1,,102.4,96.25,103.65,104.1,100.7,102.125,97.175
2026-02-27T09:54:00.697964+01:00,102.95,99.025,99.95,96.1,,102.4,96.275,103.65,104.1,100.725,102.125,97.175
2026-02-27T10:52:10.116666+01:00,102.95,99.075,100.0,96.175,,102.4,96.275,103.65,104.1,100.75,102.175,97.25
2026-02-27T11:48:29.862433+01:00,102.95,99.125,100.05,96.225,,102.4,96.325,103.65,104.1,100.8,102.225,97.3
2026-02-27T12:38:04.281632+01:00,102.95,99.125,100.05,96.225,,102.4,96.325,103.65,104.1,100.8,102.225,97.3
2026-02-27T13:02:19.552349+01:00,102.95,99.125,100.05,96.225,,102.4,96.325,103.65,104.1,100.8,102.225,97.3
2026-02-27T14:33:27.828415+01:00,102.95,99.2,100.125,96.35,,102.4,,103.65,104.1,100.875,102.3,97.425
2026-02-27T15:27:55.381073+01:00,102.95,99.15,100.075,96.325,,102.4,96.35,103.65,104.1,100.8,102.25,97.4
2026-02-27T16:09:53.928164+01:00,102.95,99.2,100.125,96.375,,102.4,,103.65,104.1,100.85,102.3,97.45
2026-02-27T16:53:46.265004+01:00,102.95,99.2,100.125,96.375,,102.4,,103.65,104.1,100.85,102.3,97.45
2026-02-27T17:49:44.808279+01:00,102.95,99.225,100.15,96.425,,102.4,96.4,103.65,104.1,100.875,102.325,97.5
2026-03-02T08:07:45.268403+01:00,102.95,99.225,100.15,96.175,,102.4,96.4,103.65,104.1,100.875,102.325,97.5
2026-03-02T08:56:46.598687+01:00,102.95,99.225,100.15,96.175,,102.4,96.4,103.65,104.1,100.875,102.325,97.5
2026-03-02T09:56:15.965531+01:00,102.95,99.2,100.125,96.425,,102.4,96.375,103.65,104.1,100.85,102.3,97.5
2026-03-02T11:00:23.458925+01:00,102.95,99.05,99.975,96.25,,102.4,96.35,103.65,104.1,100.7,102.15,97.325
2026-03-02T11:58:02.782435+01:00,102.95,99.075,100.0,96.275,,102.4,96.35,103.65,104.1,100.725,102.175,97.35
2026-03-02T12:37:09.581921+01:00,102.95,99.05,99.975,96.275,,102.4,96.375,103.65,104.1,100.7,102.15,97.35
2026-03-02T13:01:05.178477+01:00,102.95,99.0,99.925,96.2,,102.4,96.325,103.65,104.1,100.65,102.1,97.275
2026-03-02T14:35:57.427902+01:00,102.95,98.875,99.8,96.05,,102.4,96.2,103.65,104.1,100.525,101.975,97.125
2026-03-02T15:30:17.662613+01:00,102.95,98.95,99.875,96.075,,102.4,96.25,103.65,104.1,100.6,102.05,97.15
2026-03-02T16:23:24.479202+01:00,102.95,98.9,99.825,96.025,,102.4,96.225,103.65,104.1,100.55,102.0,97.1
2026-03-02T17:03:43.975425+01:00,102.95,98.925,99.85,96.05,,102.4,96.225,103.65,104.1,100.575,102.025,97.125
2026-03-02T18:07:20.998223+01:00,102.95,98.9,99.825,96.025,,102.4,96.225,103.65,104.1,100.55,102.0,97.1
2026-03-03T08:02:19.322378+01:00,102.95,98.9,99.825,96.025,,102.4,96.225,103.65,104.1,100.55,102.0,97.1
2026-03-03T08:55:35.957700+01:00,102.95,98.9,99.825,96.025,,102.4,96.225,103.65,104.1,100.55,102.0,97.1
2026-03-03T09:53:01.468567+01:00,102.95,98.625,99.55,95.725,,102.4,96.025,103.65,104.1,100.275,101.725,96.8
2026-03-03T10:52:51.200006+01:00,102.95,98.35,99.275,95.475,,102.4,95.875,103.65,104.1,100.0,101.55,96.55
2026-03-03T11:50:34.723624+01:00,102.95,98.225,99.15,95.35,,102.4,95.75,103.65,104.1,99.875,101.425,96.425
2026-03-03T12:38:44.397060+01:00,102.95,98.125,99.05,95.175,,102.4,95.675,103.65,104.1,99.775,101.325,96.25
2026-03-03T13:01:57.385250+01:00,102.95,98.15,99.075,95.25,,102.4,95.75,103.65,104.1,99.8,101.35,96.325
2026-03-03T14:33:44.678775+01:00,102.95,98.275,99.25,95.325,,102.4,95.75,103.65,104.1,99.925,101.475,96.4
2026-03-03T15:30:38.247273+01:00,102.95,98.25,99.225,95.275,,102.4,95.725,103.65,104.1,99.9,101.45,96.35
2026-03-03T16:33:54.686174+01:00,102.95,98.35,99.325,95.4,,102.4,95.825,103.65,104.1,100.0,101.55,96.475
2026-03-03T17:28:45.515575+01:00,102.95,98.3,99.275,95.35,,102.4,95.775,103.65,104.1,99.95,101.5,96.425
2026-03-03T18:25:07.088131+01:00,102.95,98.3,99.275,95.35,,102.4,95.775,103.65,104.1,99.95,101.5,96.425
2026-03-04T07:58:42.818590+01:00,102.95,98.3,99.275,95.35,,102.4,95.775,104.1,,99.95,101.5,96.425
2026-03-04T08:46:14.717422+01:00,102.95,98.3,99.275,95.35,,102.4,95.775,104.1,,99.95,101.5,96.425
2026-03-04T09:50:36.605742+01:00,102.95,98.325,99.3,95.35,,102.4,95.8,104.1,,99.975,101.575,96.425
2026-03-04T10:51:06.902413+01:00,102.95,98.475,99.45,95.45,,102.4,95.8,104.1,,100.125,101.725,96.525
2026-03-04T11:45:58.395279+01:00,102.95,98.55,99.525,95.55,,102.4,95.9,104.1,,100.2,101.8,96.625
2026-03-04T12:37:07.423717+01:00,102.95,98.6,99.575,95.575,,102.4,95.95,104.1,,100.25,101.85,96.65
2026-03-04T13:00:33.178742+01:00,102.95,98.575,99.55,95.575,,102.4,95.95,104.1,,100.225,101.825,96.65
2026-03-04T14:31:59.249090+01:00,102.95,98.475,99.45,95.475,,102.4,95.975,104.1,,100.125,101.725,96.55
2026-03-04T15:27:00.182364+01:00,102.95,98.35,99.325,95.375,,102.4,95.925,104.1,,100.0,101.6,96.45
2026-03-04T16:06:53.654477+01:00,102.95,98.425,99.4,95.475,,102.4,95.925,104.1,,100.075,101.675,96.55
2026-03-04T16:58:31.044403+01:00,102.95,98.425,99.4,95.475,,102.4,95.925,104.1,,100.075,101.675,96.55
2026-03-04T17:58:32.549789+01:00,102.95,98.525,99.5,95.575,,102.4,96.0,104.1,,100.175,101.775,96.65
2026-03-05T08:02:14.959456+01:00,102.95,98.525,99.5,95.575,,102.4,96.0,104.1,,100.175,101.775,96.65
2026-03-05T08:55:48.204986+01:00,102.95,98.525,99.5,95.575,,102.4,96.0,104.1,,100.175,101.775,96.65
2026-03-05T09:54:43.400318+01:00,102.95,98.2,99.175,95.25,,102.4,95.8,104.1,,99.85,101.45,96.325
2026-03-05T10:53:52.963517+01:00,102.95,98.275,99.25,95.325,,102.4,95.85,104.1,,99.925,101.525,96.4
2026-03-05T11:50:44.499569+01:00,103.2,98.25,99.225,95.325,,103.975,95.825,103.575,104.0,99.9,101.5,96.4
2026-03-05T12:39:42.792678+01:00,103.2,98.225,99.2,95.3,,103.975,95.825,103.575,104.0,99.875,101.475,96.375
2026-03-05T13:03:12.847432+01:00,103.2,98.15,99.125,95.225,,103.975,95.75,103.575,104.0,99.8,101.4,96.3
2026-03-05T14:37:42.888504+01:00,103.2,98.075,99.05,95.125,,103.975,95.725,103.575,104.0,99.725,101.325,96.2
2026-03-05T15:31:21.433714+01:00,103.175,98.0,98.975,95.05,,103.95,95.675,103.55,103.975,99.65,101.25,96.125
2026-03-05T16:35:30.041799+01:00,103.175,97.975,98.95,94.975,,103.95,95.675,103.55,103.975,99.625,101.225,96.05
2026-03-05T18:49:13.517005+01:00,103.175,98.0,98.975,95.025,,103.95,95.7,103.55,103.975,99.65,101.25,96.1
2026-03-06T08:00:29.534211+01:00,103.175,98.0,98.975,95.025,,103.95,95.7,103.55,103.975,99.65,101.25,96.1
2026-03-06T08:48:20.127032+01:00,103.175,98.0,98.975,95.025,,103.95,95.7,103.55,103.975,99.65,101.25,96.1
2026-03-06T09:49:24.804095+01:00,103.175,97.75,98.725,94.775,,103.95,95.525,103.55,103.975,99.45,101.05,95.85
2026-03-06T10:49:35.085751+01:00,103.175,97.525,98.5,94.55,,103.95,95.2,103.55,103.975,99.25,101.05,95.625
2026-03-06T11:44:27.443742+01:00,103.175,97.5,98.475,94.525,,103.95,95.2,103.55,103.975,99.225,101.025,95.6
2026-03-06T12:16:48.030614+01:00,103.175,97.475,98.45,94.55,,103.95,95.225,103.55,103.975,99.2,101.0,95.625
2026-03-06T12:52:41.412263+01:00,103.175,97.475,98.45,94.525,,103.95,95.2,103.55,103.975,99.2,101.0,95.6
2026-03-06T14:11:46.288609+01:00,103.15,97.25,98.225,94.325,,103.925,95.15,103.525,103.95,98.975,100.875,95.4
2026-03-06T15:02:26.487133+01:00,103.15,97.15,98.125,94.2,,103.925,95.1,103.525,103.95,98.875,100.775,95.25
2026-03-06T15:58:20.280156+01:00,103.15,97.15,98.125,94.125,,103.925,95.05,103.525,103.95,98.875,100.775,95.2
2026-03-06T16:49:41.227577+01:00,103.15,97.325,98.3,94.3,,103.925,95.2,103.525,103.95,99.05,100.95,95.375
2026-03-06T17:52:24.925057+01:00,103.15,97.225,98.2,94.175,,103.925,95.125,103.525,103.95,98.95,100.85,95.25
2026-03-09T08:11:16.001820+01:00,103.15,97.225,98.2,95.464,,103.925,95.125,103.525,103.95,98.95,100.85,95.25
2026-03-09T08:57:56.885958+01:00,103.15,97.225,98.2,95.464,,103.925,95.125,103.525,103.95,98.95,100.85,95.25
2026-03-09T09:57:27.715227+01:00,103.0,96.475,97.45,93.5,,103.775,94.775,103.375,103.8,98.175,100.1,94.575
2026-03-09T11:02:46.496206+01:00,102.9,96.425,97.4,93.4,,103.675,94.875,103.275,103.7,98.15,100.05,94.475
2026-03-09T12:05:20.603780+01:00,102.85,96.5,97.475,93.5,,103.625,94.8,103.225,103.65,98.225,100.125,94.575
2026-03-09T12:50:32.029192+01:00,102.875,96.55,97.525,93.5,,103.65,,103.25,103.675,98.275,100.225,94.575
2026-03-09T14:19:48.715225+01:00,102.925,96.75,97.725,93.625,,103.7,94.65,103.3,103.725,98.475,100.475,94.725
2026-03-09T15:30:53.147110+01:00,102.775,96.85,97.825,93.75,,103.45,94.65,103.05,103.475,98.575,100.575,94.825
2026-03-09T16:42:05.078140+01:00,102.775,96.975,97.95,93.85,,103.45,94.7,103.05,103.475,98.7,100.7,94.925
2026-03-09T17:41:25.363832+01:00,102.775,96.9,97.875,93.75,,103.45,94.675,103.05,103.475,98.625,100.625,94.825
2026-03-09T18:35:28.302327+01:00,102.775,96.9,97.875,93.75,,103.45,94.675,103.05,103.475,98.625,100.625,94.825
2026-03-10T08:00:25.521341+01:00,102.775,96.9,97.875,93.75,,103.45,94.675,103.05,103.475,98.625,100.625,94.825
2026-03-10T08:55:47.683706+01:00,102.775,96.9,97.875,93.75,,103.45,94.675,103.05,103.475,98.625,100.625,94.825
2026-03-10T09:54:58.601139+01:00,102.875,97.65,98.625,94.6,,103.55,95.025,103.15,103.575,99.375,101.375,95.675
2026-03-10T10:54:05.431047+01:00,102.9,97.6,98.575,94.575,,103.575,95.15,103.175,103.6,99.325,101.325,95.65
2026-03-10T11:50:43.519861+01:00,102.875,97.475,98.45,94.425,,103.55,95.05,103.15,103.575,99.2,101.2,95.525
2026-03-10T12:38:19.948176+01:00,102.775,97.525,98.5,94.45,,103.45,95.05,103.05,103.475,99.25,101.25,95.525
2026-03-10T13:02:06.011149+01:00,102.775,97.45,98.425,94.375,,103.45,95.0,103.05,103.475,99.175,101.175,95.45
2026-03-10T14:38:33.282409+01:00,102.775,97.525,98.5,94.475,,103.45,95.05,103.05,103.475,99.25,101.175,95.575
2026-03-10T15:33:08.109505+01:00,102.775,97.6,98.575,94.525,,103.45,95.05,103.05,103.475,99.325,101.125,95.625
2026-03-10T16:44:21.208829+01:00,102.775,97.775,98.75,94.725,,103.45,95.175,103.05,103.475,99.5,101.3,95.825
2026-03-10T17:41:13.494433+01:00,102.775,97.8,98.775,94.775,,103.45,95.175,103.05,103.475,99.525,101.325,95.875
2026-03-10T18:33:37.556219+01:00,102.775,97.8,98.775,94.775,,103.45,95.175,103.05,103.475,99.525,101.325,95.875
2026-03-11T08:03:59.779742+01:00,102.775,97.8,98.775,94.775,,103.45,95.175,103.05,103.475,99.525,101.325,95.875
2026-03-11T08:56:04.712640+01:00,102.775,97.8,98.775,94.775,,103.45,95.175,103.05,103.475,99.525,101.325,95.875
2026-03-11T09:55:05.894785+01:00,102.725,97.325,98.3,94.25,,103.4,94.9,103.0,103.425,99.05,100.85,95.35
2026-03-11T10:52:33.121999+01:00,102.725,97.2,98.175,94.1,,103.4,94.825,103.0,103.425,98.925,100.725,95.2
2026-03-11T11:50:37.972539+01:00,102.75,97.275,98.25,94.2,,103.4,94.875,103.025,103.45,99.0,100.8,95.3
2026-03-11T12:39:07.249945+01:00,102.75,97.275,98.25,94.2,,103.425,94.9,103.025,103.45,99.0,100.8,95.275
2026-03-11T13:02:47.120520+01:00,102.725,97.25,98.225,94.15,,103.4,94.85,103.0,103.425,98.975,100.775,95.25
2026-03-11T14:39:08.634265+01:00,102.725,97.175,98.15,94.075,,103.4,94.8,103.0,103.425,98.9,100.7,95.175
2026-03-11T15:34:17.698162+01:00,102.725,97.25,98.225,94.125,,103.4,94.8,103.0,103.425,98.95,100.75,95.225
2026-03-11T16:33:25.835307+01:00,102.7,97.15,98.125,94.025,,103.375,94.725,102.975,103.4,98.85,100.65,95.1
2026-03-11T17:34:28.330947+01:00,102.65,97.125,98.1,94.0,,103.325,94.7,102.925,103.35,98.825,100.625,95.1
2026-03-11T18:36:00.084116+01:00,102.65,97.125,98.1,94.0,,103.325,94.7,102.925,103.35,98.825,100.625,95.1
2026-03-12T08:05:09.205408+01:00,102.65,97.125,98.1,94.0,,103.325,94.7,102.925,103.35,98.825,100.625,95.1
2026-03-12T08:57:10.853909+01:00,102.65,97.125,98.1,94.0,,103.325,94.7,102.925,103.35,98.825,100.625,95.1
2026-03-12T09:56:04.919645+01:00,102.65,97.05,98.025,93.95,,103.325,94.675,102.925,103.35,98.75,100.65,95.05
2026-03-12T10:54:35.422481+01:00,102.65,97.175,98.15,94.075,,103.325,94.775,102.925,103.35,98.875,100.775,95.175
2026-03-12T11:49:58.058408+01:00,102.65,97.175,98.15,94.05,,103.325,94.75,102.925,103.35,98.875,100.775,95.15
2026-03-12T12:36:18.608931+01:00,102.65,97.175,98.15,94.0,,103.325,94.75,102.925,103.35,98.875,100.775,95.15
2026-03-12T12:59:59.298712+01:00,102.65,97.2,98.175,94.05,,103.325,94.775,102.925,103.35,98.9,100.8,95.2
2026-03-12T14:23:40.009845+01:00,102.625,97.0,97.975,93.825,,103.3,94.625,102.9,103.325,98.7,100.6,94.975
2026-03-12T15:27:37.726885+01:00,102.65,97.05,98.05,93.9,,103.325,94.675,102.925,103.35,98.775,100.675,95.05
2026-03-12T16:33:25.791826+01:00,102.575,96.975,97.975,93.825,,103.25,94.6,102.85,103.275,98.7,100.6,94.975
2026-03-12T17:43:10.466350+01:00,102.625,97.05,98.05,93.9,,103.3,94.65,102.9,103.325,98.775,100.675,95.05
2026-03-12T18:36:42.206216+01:00,102.625,97.05,98.05,93.9,,103.3,94.65,102.9,103.325,98.775,100.675,95.05
2026-03-13T08:04:02.112731+01:00,102.625,97.05,98.05,93.9,,103.3,94.65,102.9,103.325,98.775,100.675,95.05
2026-03-13T08:56:50.802460+01:00,102.625,97.05,98.05,93.9,,103.3,94.65,102.9,103.325,98.775,100.675,95.05
2026-03-13T09:53:37.648078+01:00,102.55,96.875,97.875,93.725,,103.225,94.55,102.825,103.25,98.6,100.5,94.875
2026-03-13T10:49:22.696588+01:00,102.55,96.85,97.85,93.7,,103.225,94.55,102.825,103.25,98.575,100.475,94.85
2026-03-13T11:46:42.567929+01:00,102.55,96.825,97.825,93.7,,103.225,94.575,102.825,103.25,98.55,100.45,94.85
2026-03-13T12:37:14.114787+01:00,102.55,96.9,97.9,93.775,,103.225,94.65,102.825,103.25,98.625,100.525,94.925
2026-03-13T13:01:54.601093+01:00,102.55,96.875,97.875,93.75,,103.225,94.65,102.825,103.25,98.6,100.5,94.9
2026-03-13T14:34:40.325124+01:00,102.55,96.825,97.825,93.7,,103.225,94.625,102.825,103.25,98.55,100.45,94.85
2026-03-13T15:29:43.652053+01:00,102.55,96.85,97.85,93.7,,103.225,94.625,102.825,103.25,98.575,100.475,94.85
2026-03-13T16:24:21.658985+01:00,102.55,96.725,97.725,93.575,,103.225,94.55,102.825,103.25,98.45,100.35,94.725
2026-03-13T17:04:17.042466+01:00,102.55,96.675,97.675,93.525,,103.225,94.5,102.825,103.25,98.4,100.3,94.675
2026-03-13T17:59:10.246228+01:00,102.55,96.675,97.675,93.525,,103.225,94.5,102.825,103.25,98.4,100.3,94.675
2026-03-16T08:41:02.953026+01:00,102.55,96.675,97.675,93.75,,103.225,94.5,102.825,103.25,98.4,100.3,94.675
2026-03-16T09:40:24.382123+01:00,102.5,96.75,97.75,93.6,,103.175,94.55,102.775,103.2,98.475,100.375,94.75
2026-03-16T10:47:38.231403+01:00,102.5,96.7,97.7,93.525,,103.175,94.525,102.775,103.2,98.425,100.325,94.675
2026-03-16T12:01:15.051179+01:00,102.5,96.675,97.675,93.525,,103.175,94.575,102.775,103.2,98.4,100.3,94.675
2026-03-16T12:58:40.339760+01:00,102.95,96.98,97.943,93.75,,,94.715,103.05,104.1,98.685,102.45,94.947
2026-03-16T14:48:33.097612+01:00,102.95,96.825,97.825,93.7,,,94.675,103.05,104.1,98.55,100.55,94.85
2026-03-16T16:08:33.766790+01:00,102.5,96.85,97.85,93.725,,103.175,94.675,102.775,103.2,98.575,100.575,94.875
2026-03-16T17:17:16.396363+01:00,102.5,96.8,97.8,93.675,,103.175,94.625,102.775,103.2,98.525,100.525,94.825
2026-03-16T18:36:58.165252+01:00,102.5,96.8,97.8,93.675,,103.175,94.625,102.775,103.2,98.525,100.525,94.825
2026-03-17T08:13:56.966023+01:00,102.5,96.8,97.8,93.675,,103.175,94.625,102.775,103.2,98.525,100.525,94.825
2026-03-17T09:04:10.179790+01:00,102.45,96.8,97.8,93.675,,103.125,94.625,102.725,103.15,98.525,100.525,94.825
2026-03-17T10:09:01.046278+01:00,102.45,96.95,97.95,93.825,,103.125,94.675,102.725,103.15,98.675,100.675,94.975
2026-03-17T11:09:58.404157+01:00,102.45,97.0,98.0,93.875,,103.125,94.7,102.725,103.15,98.725,100.725,95.025
2026-03-17T12:09:51.365057+01:00,102.45,96.975,97.975,93.825,,103.125,94.675,102.725,103.15,98.7,100.7,94.975
2026-03-17T12:57:00.956401+01:00,102.475,97.075,98.075,93.95,,103.15,94.725,102.75,103.175,98.8,100.8,95.1
2026-03-17T14:44:29.669225+01:00,102.475,97.15,98.15,94.05,,103.15,94.75,102.75,103.175,98.875,100.675,95.2
2026-03-17T15:44:54.251024+01:00,102.475,97.15,98.15,94.025,,103.15,94.75,102.75,103.175,98.875,100.675,95.175
2026-03-17T16:47:21.711952+01:00,102.475,97.1,98.1,93.975,,103.15,94.7,102.75,103.175,98.825,100.625,95.125
2026-03-17T18:11:20.401189+01:00,102.475,97.1,98.1,93.975,,103.15,94.7,102.75,103.175,98.825,100.625,95.125
2026-03-18T08:11:51.631639+01:00,102.475,97.1,98.1,93.975,,103.15,94.7,102.75,103.175,98.825,100.625,95.125
2026-03-18T09:01:45.357321+01:00,102.475,97.225,98.225,94.1,,103.15,94.825,102.75,103.175,98.95,100.75,95.25
2026-03-18T10:08:42.800996+01:00,102.475,97.25,98.25,94.15,,103.15,94.825,102.75,103.175,98.975,100.775,95.3
2026-03-18T11:12:58.980210+01:00,102.475,97.3,98.3,94.2,,103.15,94.825,102.75,103.175,99.025,100.825,95.35
2026-03-18T12:11:49.950309+01:00,102.475,97.35,98.35,94.25,,103.15,94.85,102.75,103.175,99.075,100.875,95.4
2026-03-18T13:00:51.792802+01:00,102.475,97.275,98.275,94.175,,103.15,94.75,102.75,103.175,99.0,100.8,95.325
2026-03-18T14:55:00.709333+01:00,102.425,97.0,98.0,93.875,,103.1,94.6,102.7,103.125,98.725,100.525,95.025
2026-03-18T16:11:59.050958+01:00,102.35,96.825,97.85,93.725,,103.025,94.525,102.625,103.05,98.575,100.375,94.875
2026-03-18T17:18:47.681704+01:00,102.375,96.825,97.85,93.725,,103.05,94.525,102.65,103.075,98.575,100.375,94.875
2026-03-18T18:38:48.916402+01:00,102.375,96.825,97.85,93.725,,103.05,94.525,102.65,103.075,98.575,100.375,94.875
2026-03-19T08:06:35.848555+01:00,102.375,96.825,97.85,93.725,,103.05,94.525,102.65,103.075,98.575,100.375,94.875
2026-03-19T08:56:32.540565+01:00,102.375,96.825,97.85,93.725,,103.05,94.525,102.65,103.075,98.575,100.375,94.875
2026-03-19T09:55:51.139206+01:00,102.225,96.525,97.55,93.4,,102.9,94.375,102.5,102.925,98.275,100.075,94.55
2026-03-19T10:55:37.147100+01:00,102.225,96.55,97.575,93.425,,102.9,94.375,102.5,102.925,98.3,100.1,94.575
2026-03-19T11:51:59.416477+01:00,102.225,96.5,97.525,93.4,,102.9,94.375,102.5,102.925,98.275,100.075,94.55
2026-03-19T12:41:10.557473+01:00,102.225,96.475,97.5,93.375,,102.9,94.325,102.5,102.925,98.25,100.05,94.525
2026-03-19T13:27:17.648494+01:00,102.125,96.325,97.35,93.225,,102.8,94.25,102.4,102.825,98.1,99.9,94.375
2026-03-19T14:50:18.463123+01:00,102.15,96.55,97.575,93.5,,102.825,94.375,102.425,102.85,98.325,100.125,94.65
2026-03-19T15:55:55.300022+01:00,102.225,96.625,97.65,93.55,,102.9,94.475,102.5,102.925,98.4,100.2,94.7
2026-03-19T17:01:07.378463+01:00,102.175,96.575,97.6,93.55,,102.85,94.45,102.45,102.875,98.35,100.15,94.7
2026-03-19T18:16:19.705699+01:00,102.2,96.625,97.65,93.575,,102.875,94.475,102.475,102.9,98.4,100.2,94.725
2026-03-20T08:04:47.404523+01:00,102.2,96.625,97.65,93.575,,102.875,94.475,102.475,102.9,98.4,100.2,94.725
2026-03-20T08:56:05.271561+01:00,102.2,96.625,97.65,93.575,,102.875,94.475,102.475,102.9,98.4,100.2,94.725
2026-03-20T09:53:50.083345+01:00,102.225,96.65,97.675,93.625,,102.9,94.475,102.5,102.925,98.425,100.225,94.775
2026-03-20T10:52:14.575792+01:00,102.075,96.425,97.45,93.375,,102.75,94.275,102.35,102.775,98.2,100.0,94.525
2026-03-20T11:48:27.291490+01:00,102.05,96.35,97.375,93.3,,102.725,94.25,102.325,102.75,98.125,99.925,94.45
2026-03-20T12:37:27.523842+01:00,102.1,96.375,97.4,93.325,,102.775,94.3,102.375,102.8,98.15,99.95,94.475
2026-03-20T13:01:40.056721+01:00,102.075,96.475,97.5,93.45,,102.75,94.325,102.35,102.775,98.25,100.05,94.6
2026-03-20T14:35:20.438843+01:00,102.05,96.35,97.375,93.325,,102.725,94.275,102.325,102.75,98.125,99.925,94.475
2026-03-20T15:30:10.439873+01:00,101.975,96.025,97.05,92.95,,,94.05,102.25,102.675,97.8,99.8,94.1
2026-03-20T16:24:38.055243+01:00,101.975,95.9,96.925,92.825,,,94.05,102.25,102.675,97.675,99.675,93.975
2026-03-20T17:07:40.703645+01:00,101.975,95.925,96.95,92.875,,,94.075,102.25,102.675,97.7,99.7,94.025
2026-03-20T18:03:37.780292+01:00,101.975,95.9,96.925,92.85,,,94.05,102.25,102.675,97.675,99.675,94.0
2026-03-23T08:21:23.721329+01:00,101.975,95.9,96.925,93.744,,,94.05,102.25,102.675,97.675,99.675,94.0
2026-03-23T09:31:01.033974+01:00,101.45,95.05,96.075,92.0,,,93.6,101.725,102.15,96.825,98.825,93.15
2026-03-23T10:46:21.203049+01:00,101.525,95.125,96.225,92.125,,,93.55,101.8,102.225,96.975,98.975,93.275
2026-03-23T11:59:24.458331+01:00,101.625,95.0,96.175,92.05,,,93.525,101.9,102.325,96.925,98.925,93.25
2026-03-23T12:51:14.968163+01:00,101.75,95.325,96.475,92.35,,,93.85,102.025,102.45,97.225,99.225,93.55
2026-03-23T14:23:56.041779+01:00,101.95,95.625,96.8,92.65,,,94.125,102.225,102.65,97.55,99.55,93.85
2026-03-23T15:39:07.762773+01:00,102.0,96.05,97.225,93.1,,,94.225,102.275,102.7,97.975,100.05,94.3
2026-03-23T16:43:25.437084+01:00,102.025,96.0,97.225,93.1,,,94.25,102.3,102.725,97.975,100.05,94.3
2026-03-23T17:38:41.556745+01:00,101.875,95.75,96.975,92.85,,,,102.15,102.575,97.725,99.8,94.075
2026-03-23T18:38:11.606006+01:00,101.875,95.75,96.975,92.85,,,,102.15,102.575,97.725,99.8,94.075
2026-03-24T08:13:21.168540+01:00,101.875,95.75,96.975,92.85,,,,102.15,102.575,97.725,99.8,94.075
2026-03-24T09:03:15.484163+01:00,101.85,95.8,97.025,92.925,,,94.075,102.125,102.55,97.775,99.85,94.125
2026-03-24T10:09:47.204944+01:00,101.85,95.75,96.975,92.875,,,94.025,102.125,102.55,97.725,99.8,94.075
2026-03-24T11:10:12.622503+01:00,101.8,95.65,96.875,92.75,,,,102.075,102.5,97.625,99.7,93.95
2026-03-24T12:10:39.205828+01:00,101.825,95.7,96.925,92.8,,,,102.1,102.525,97.675,99.75,94.0
2026-03-24T12:58:09.036907+01:00,101.85,95.725,96.95,92.85,,,94.025,102.125,102.55,97.7,99.775,94.05
2026-03-24T14:44:19.251567+01:00,101.7,95.5,96.725,92.6,,,93.875,101.975,102.4,97.5,99.55,93.8
2026-03-24T15:46:25.692856+01:00,101.7,95.575,96.8,92.675,,,93.925,101.975,102.4,97.55,99.625,93.875
2026-03-24T17:11:17.653060+01:00,101.7,95.575,96.8,92.7,,,93.925,101.975,102.4,97.55,99.625,93.9
2026-03-24T18:15:28.767546+01:00,101.675,95.6,96.825,92.725,,,,101.95,102.375,97.575,99.65,93.925
2026-03-25T08:11:34.342866+01:00,101.675,95.6,96.825,92.725,,,,101.95,102.375,97.575,99.65,93.925
2026-03-25T09:02:22.935051+01:00,101.8,95.8,97.025,92.925,,,94.075,102.075,102.5,97.775,99.85,94.125
2026-03-25T10:10:07.824618+01:00,101.875,96.0,97.225,93.15,,,94.25,102.15,102.575,97.975,100.05,94.35
2026-03-25T11:10:33.139427+01:00,101.825,95.95,97.175,93.1,,,94.175,102.1,102.525,97.925,100.0,94.3
2026-03-25T12:09:21.615903+01:00,101.85,96.05,97.275,93.2,,,94.25,102.125,102.55,98.025,100.1,94.4
2026-03-25T12:58:15.308539+01:00,101.85,96.1,97.325,93.275,,,94.325,102.125,102.55,98.075,100.15,94.475
2026-03-25T14:43:56.564637+01:00,101.85,96.075,97.3,93.25,,,94.325,102.125,102.55,98.05,100.125,94.45
2026-03-25T15:47:28.503233+01:00,101.85,96.05,97.275,93.225,,,94.3,102.125,102.55,98.025,100.1,94.425
2026-03-25T17:16:30.267911+01:00,101.85,96.075,97.3,93.225,,,94.3,102.125,102.55,98.05,100.125,94.425
2026-03-25T18:36:01.966155+01:00,101.85,96.075,97.3,93.225,,,94.3,102.125,102.55,98.05,100.125,94.425
2026-03-26T08:19:50.036403+01:00,101.85,96.075,97.3,93.225,,,94.3,102.125,102.55,98.05,100.125,94.425
2026-03-26T09:11:21.189565+01:00,101.75,95.75,96.975,92.875,,,94.1,102.025,102.45,97.725,99.8,94.075
2026-03-26T10:15:21.582433+01:00,101.725,95.575,96.8,92.675,,,94.025,102.0,102.425,97.55,99.625,93.875
2026-03-26T11:15:26.669839+01:00,101.75,95.475,96.675,92.625,,,94.025,102.025,102.45,97.5,99.575,93.825
2026-03-26T12:15:14.571189+01:00,101.7,95.325,96.525,92.475,,,93.975,101.975,102.4,97.35,99.425,93.675
2026-03-26T13:03:50.818970+01:00,101.675,95.2,96.4,92.35,,,93.9,101.95,102.375,97.225,99.3,93.55
2026-03-26T15:00:15.380897+01:00,101.7,95.35,96.55,92.5,,,94.0,101.975,102.4,97.375,99.675,93.7
2026-03-26T16:21:57.892677+01:00,101.675,95.225,96.425,92.35,,,93.9,101.95,102.375,97.25,99.525,93.55
2026-03-26T17:41:25.929358+01:00,101.675,95.175,96.375,92.325,,,93.875,101.95,102.375,97.2,99.5,93.525
2026-03-26T18:45:04.209174+01:00,101.675,95.175,96.375,92.325,,,93.875,101.95,102.375,97.2,99.5,93.525
2026-03-27T08:18:39.338982+01:00,101.675,95.175,96.375,92.325,,,93.875,101.95,102.375,97.2,99.5,93.525
2026-03-27T09:09:09.638618+01:00,101.55,94.9,96.1,92.0,,,93.675,101.825,102.25,96.925,99.2,93.2
2026-03-27T10:08:42.461581+01:00,101.4,94.55,95.75,91.625,,,93.475,101.675,102.1,96.575,99.1,92.825
2026-03-27T11:07:32.136902+01:00,101.425,95.303,96.595,93.97,,102.125,93.975,101.675,102.1,97.471,99.84,
2026-03-27T12:08:15.987864+01:00,101.375,94.4,95.6,91.45,,,93.325,101.65,102.075,96.475,99.15,92.725
2026-03-27T12:57:41.575985+01:00,101.4,94.5,95.7,91.575,,102.1,93.35,101.65,102.075,96.575,99.25,92.85
2026-03-27T14:26:11.465776+01:00,101.35,94.1,95.575,91.425,,,93.1,101.625,102.05,96.45,99.05,92.7
2026-03-27T15:32:12.557279+01:00,101.3,94.075,95.55,91.4,,,93.05,101.575,102.0,96.425,98.95,92.675
2026-03-27T16:36:12.708071+01:00,101.325,94.1,95.575,91.425,,,93.075,101.6,102.025,96.45,99.05,92.7
2026-03-27T17:37:24.442008+01:00,101.3,94.05,95.525,91.375,,,93.05,101.575,102.0,96.4,99.025,92.65
2026-03-27T18:37:09.546656+01:00,101.3,94.05,95.525,91.375,,,93.05,101.575,102.0,96.4,99.025,92.65
2026-03-30T09:53:33.773412+02:00,101.25,94.1,95.575,91.45,,,93.05,101.525,101.95,96.45,99.05,92.725
2026-03-30T11:21:34.635441+02:00,101.275,94.275,95.75,91.625,,,93.075,101.55,101.975,96.625,99.175,92.9
2026-03-30T12:45:41.593694+02:00,101.275,94.375,95.85,91.775,,,93.1,101.55,101.975,96.725,99.2,93.05
2026-03-30T13:57:46.288596+02:00,101.3,94.575,96.05,92.0,,,93.175,101.575,102.0,96.925,99.325,93.275
2026-03-30T15:56:01.688851+02:00,101.35,94.8,96.275,92.225,,,93.325,101.625,102.05,97.15,99.525,93.5
2026-03-30T17:12:29.503153+02:00,101.375,94.85,96.325,92.3,,,93.375,101.65,102.075,97.2,99.6,93.575
2026-03-30T18:14:42.168962+02:00,101.375,94.85,96.325,92.3,,,93.375,101.65,102.075,97.2,99.6,93.575
2026-03-30T19:14:29.742844+02:00,101.375,94.85,96.325,92.3,,,93.375,101.65,102.075,97.2,99.6,93.575
2026-03-31T09:26:41.043230+02:00,101.35,94.725,96.225,92.15,,,93.3,101.625,102.05,97.1,99.525,93.425
2026-03-31T10:38:39.812742+02:00,101.425,94.925,96.4,92.4,,102.125,93.575,101.675,102.1,97.3,99.675,93.675
2026-03-31T11:47:42.828101+02:00,101.4,94.825,96.3,92.25,,,93.5,101.675,102.1,97.175,99.6,93.525
2026-03-31T13:01:23.998840+02:00,101.375,94.8,96.275,92.225,,,93.425,101.65,102.075,97.15,99.6,93.5
2026-03-31T14:01:17.549784+02:00,101.4,94.925,96.4,92.375,,,93.525,101.675,102.1,97.275,99.7,93.65
2026-03-31T16:02:56.066227+02:00,101.425,95.15,96.625,92.575,,,93.55,101.7,102.125,97.5,99.775,93.85
2026-03-31T17:37:25.282264+02:00,101.425,95.175,96.65,92.625,,,93.575,101.7,102.125,97.525,99.8,93.9
2026-03-31T18:41:40.998910+02:00,101.425,95.175,96.65,92.625,,,93.575,101.7,102.125,97.525,99.8,93.9
2026-03-31T19:42:09.616670+02:00,101.425,95.175,96.65,92.625,,,93.575,101.7,102.125,97.525,99.8,93.9
2026-04-01T09:43:59.397401+02:00,101.55,95.95,97.425,93.5,,,94.0,101.825,102.25,98.3,100.325,94.775
2026-04-01T10:48:42.725881+02:00,101.525,95.85,97.325,93.4,,,93.95,101.8,102.225,98.2,100.225,94.675
2026-04-01T12:10:59.674139+02:00,101.5,95.7,97.175,93.225,,,93.925,101.775,102.2,98.05,100.125,94.5
2026-04-01T13:15:04.866811+02:00,101.5,95.775,97.25,93.3,,,93.95,101.775,102.2,98.125,100.15,94.575
2026-04-01T14:04:39.007466+02:00,101.525,95.8,97.275,93.325,,,94.0,101.8,102.225,98.15,100.175,94.6
2026-04-01T16:06:11.174967+02:00,101.45,95.525,97.0,93.0,,,93.775,101.725,102.15,97.875,99.975,94.275
2026-04-01T17:43:54.717828+02:00,101.475,95.575,97.05,93.05,,,93.8,101.75,102.175,97.925,100.0,94.325
2026-04-01T18:40:03.746450+02:00,101.475,95.575,97.05,93.05,,,93.8,101.75,102.175,97.925,100.0,94.325
2026-04-01T19:37:35.301885+02:00,101.475,95.575,97.05,93.05,,,93.8,101.75,102.175,97.925,100.0,94.325
2026-04-02T09:23:11.136785+02:00,101.475,95.575,97.05,92.55,,,93.8,101.75,102.175,97.925,100.0,94.325
2026-04-02T10:34:25.718589+02:00,101.475,95.575,97.05,92.55,,,93.8,101.75,102.175,97.925,100.0,94.325
2026-04-02T11:45:00.720531+02:00,101.475,95.575,97.05,92.55,,,93.8,101.75,102.175,97.925,100.0,94.325
2026-04-02T12:38:47.886414+02:00,101.475,95.575,97.05,92.55,,,93.8,101.75,102.175,97.925,100.0,94.325
2026-04-02T13:33:46.990540+02:00,101.475,95.575,97.05,92.55,,,93.8,101.75,102.175,97.925,100.0,94.325
2026-04-02T14:38:28.110772+02:00,101.475,95.575,97.05,92.55,,,93.8,101.75,102.175,97.925,100.0,94.325
2026-04-02T16:10:01.800560+02:00,101.475,95.575,97.05,92.55,,,93.8,101.75,102.175,97.925,100.0,94.325
2026-04-02T17:17:15.810816+02:00,101.475,95.575,97.05,92.55,,,93.8,101.75,102.175,97.925,100.0,94.325
2026-04-02T18:31:42.370710+02:00,101.475,95.575,97.05,92.55,,,93.8,101.75,102.175,97.925,100.0,94.325
2026-04-02T19:36:40.285842+02:00,101.475,95.575,97.05,92.55,,,93.8,101.75,102.175,97.925,100.0,94.325
2026-04-03T09:20:11.431145+02:00,101.475,95.575,97.05,92.55,,,93.8,101.75,102.175,97.925,100.0,94.325
2026-04-03T10:11:18.462805+02:00,101.475,95.575,97.05,92.55,,,93.8,101.75,102.175,97.925,100.0,94.325
2026-04-03T11:11:10.803520+02:00,101.475,95.575,97.05,92.55,,,93.8,101.75,102.175,97.925,100.0,94.325
2026-04-03T12:04:48.688363+02:00,101.475,95.575,97.05,92.55,,,93.8,101.75,102.175,97.925,100.0,94.325
2026-04-03T13:04:21.062278+02:00,101.475,95.575,97.05,92.55,,,93.8,101.75,102.175,97.925,100.0,94.325
2026-04-03T13:54:47.001570+02:00,101.475,95.575,97.05,92.55,,,93.8,101.75,102.175,97.925,100.0,94.325
2026-04-03T15:18:55.456905+02:00,101.475,95.575,97.05,92.55,,,93.8,101.75,102.175,97.925,100.0,94.325
2026-04-03T16:23:30.402477+02:00,101.475,95.575,97.05,92.55,,,93.8,101.75,102.175,97.925,100.0,94.325
2026-04-03T17:10:46.446448+02:00,101.475,95.575,97.05,92.55,,,93.8,101.75,102.175,97.925,100.0,94.325
2026-04-03T17:55:29.914606+02:00,101.475,95.575,97.05,92.55,,,93.8,101.75,102.175,97.925,100.0,94.325
2026-04-03T18:50:43.761555+02:00,101.475,95.575,97.05,92.55,,,93.8,101.75,102.175,97.925,100.0,94.325
2026-04-06T09:55:13.612639+02:00,101.475,95.575,97.05,92.55,,,93.8,101.75,102.175,97.925,100.0,94.325
2026-04-06T11:16:58.218576+02:00,101.475,95.575,97.05,92.55,,,93.8,101.75,102.175,97.925,100.0,94.325
2026-04-06T12:37:58.091965+02:00,101.475,95.575,97.05,92.55,,,93.8,101.75,102.175,97.925,100.0,94.325
2026-04-06T13:35:48.789832+02:00,101.475,95.575,97.05,92.55,,,93.8,101.75,102.175,97.925,100.0,94.325
2026-04-06T14:37:48.568848+02:00,101.475,95.575,97.05,92.55,,,93.8,101.75,102.175,97.925,100.0,94.325
2026-04-06T16:00:25.671993+02:00,101.475,95.575,97.05,92.55,,,93.8,101.75,102.175,97.925,100.0,94.325
2026-04-06T17:03:08.109311+02:00,101.475,95.575,97.05,92.55,,,93.8,101.75,102.175,97.925,100.0,94.325
2026-04-06T18:02:33.597761+02:00,101.475,95.575,97.05,92.55,,,93.8,101.75,102.175,97.925,100.0,94.325
2026-04-06T19:08:00.325132+02:00,101.475,95.575,97.05,92.55,,,93.8,101.75,102.175,97.925,100.0,94.325
2026-04-07T09:42:19.143205+02:00,101.375,95.425,96.9,92.9,,,93.75,101.65,102.075,97.775,99.925,94.175
2026-04-07T10:46:05.432063+02:00,101.4,95.475,96.95,92.95,,,93.8,101.675,102.1,97.825,99.925,94.25
2026-04-07T12:11:46.051503+02:00,101.4,95.5,96.975,92.975,,,93.8,101.675,102.1,97.85,99.95,94.25
2026-04-07T13:15:51.038103+02:00,101.35,95.3,96.775,92.75,,,93.65,101.625,102.05,97.65,99.8,94.025
2026-04-07T14:08:49.062732+02:00,101.35,95.225,96.7,92.675,,,93.6,101.625,102.05,97.575,99.85,93.95
2026-04-07T16:02:08.333982+02:00,101.3,95.125,96.6,92.575,,,93.55,101.575,102.0,97.475,99.775,93.85
2026-04-07T17:45:29.310088+02:00,101.25,94.9,96.375,92.3,,,93.35,101.525,101.95,97.25,99.625,93.575
2026-04-07T18:41:42.856981+02:00,101.25,94.9,96.375,92.3,,,93.35,101.525,101.95,97.25,99.625,93.575
2026-04-07T19:43:04.457984+02:00,101.25,94.9,96.375,92.3,,,93.35,101.525,101.95,97.25,99.625,93.575
2026-04-08T09:45:31.867759+02:00,101.6,96.275,97.75,93.8,,,94.375,101.875,102.3,98.625,100.725,95.075
2026-04-08T11:11:50.244850+02:00,101.65,96.275,97.75,93.775,,,94.375,101.925,102.35,98.625,100.65,95.05
2026-04-08T12:18:33.455968+02:00,101.6,96.15,97.625,93.625,,102.3,94.3,101.875,102.5,98.5,100.575,94.9
2026-04-08T13:32:20.267618+02:00,101.675,96.3,97.775,93.8,,102.375,94.4,101.95,102.575,98.65,100.65,95.075
2026-04-08T14:44:12.016296+02:00,101.675,96.3,97.775,93.775,,102.375,94.5,101.95,102.575,98.65,100.65,95.05
2026-04-08T16:23:10.333657+02:00,101.675,96.35,97.825,93.725,,102.35,94.475,101.95,102.55,98.7,100.6,95.0
2026-04-08T17:59:48.540489+02:00,101.65,96.3,97.775,93.675,,102.35,94.45,101.925,102.55,98.65,100.575,94.95
2026-04-08T19:18:11.645659+02:00,101.65,96.3,97.775,93.675,,102.35,94.45,101.925,102.55,98.65,100.575,94.95
2026-04-09T09:47:57.475403+02:00,101.6,96.15,97.625,93.5,,102.3,94.325,101.875,102.5,98.5,100.475,94.775
2026-04-09T11:17:35.204180+02:00,101.55,96.05,97.525,93.45,,102.25,94.225,101.825,102.45,98.4,100.425,94.75
2026-04-09T12:41:28.510686+02:00,101.575,96.05,97.525,93.525,,102.275,94.275,101.85,102.475,98.4,100.45,94.825
2026-04-09T13:39:39.734727+02:00,101.6,96.025,97.5,93.525,,102.3,94.275,101.875,102.5,98.375,100.45,94.825
2026-04-09T14:48:03.101156+02:00,101.55,95.9,97.375,93.375,,102.25,94.175,101.825,102.45,98.25,100.375,94.675
2026-04-09T16:57:13.240115+02:00,101.525,95.725,97.2,93.175,,102.225,94.2,101.8,102.425,98.075,100.275,94.475
2026-04-09T18:22:24.690999+02:00,101.525,95.725,97.2,93.175,,102.225,94.175,101.8,102.425,98.075,100.275,94.475
2026-04-09T19:39:33.396884+02:00,101.525,95.725,97.2,93.175,,102.225,94.175,101.8,102.425,98.075,100.275,94.475
2026-04-10T09:51:47.063868+02:00,101.525,95.75,97.225,93.225,,102.225,94.25,101.8,102.425,98.1,100.3,94.525
2026-04-10T11:18:13.530820+02:00,101.5,95.65,97.125,93.075,,102.2,94.175,101.775,102.4,98.0,100.2,94.375
2026-04-10T12:34:08.974099+02:00,101.525,95.65,97.125,93.125,,102.225,94.225,101.8,102.425,98.0,100.25,94.425
2026-04-10T13:35:33.374570+02:00,101.525,95.6,97.075,93.075,,102.225,94.2,101.8,102.425,97.95,100.225,94.375
2026-04-10T14:36:21.090593+02:00,101.525,95.625,97.1,93.1,,102.225,94.225,101.8,102.425,97.975,100.25,94.4
2026-04-10T16:05:11.692666+02:00,101.475,95.55,97.025,93.0,,102.175,94.125,101.75,102.375,97.9,100.175,94.3
2026-04-10T17:08:12.814453+02:00,101.475,95.525,97.0,92.975,,102.175,94.125,101.75,102.375,97.875,100.15,94.275
2026-04-10T18:09:23.858098+02:00,101.475,95.525,97.0,92.975,,102.175,94.125,101.75,102.375,97.875,100.15,94.275
2026-04-10T19:08:30.793193+02:00,101.475,95.525,97.0,92.975,,102.175,94.125,101.75,102.375,97.875,100.15,94.275
2026-04-13T10:14:41.070999+02:00,101.425,95.475,96.95,92.925,,102.125,94.075,101.7,102.325,97.825,100.1,94.225
2026-04-13T12:08:04.853108+02:00,101.4,95.425,96.9,92.875,,102.1,94.025,101.675,102.3,97.775,100.075,94.175
2026-04-13T13:42:30.559229+02:00,101.4,95.375,96.85,92.8,,102.1,93.975,101.675,102.3,97.725,100.05,94.1
2026-04-13T14:48:12.062901+02:00,101.375,95.35,96.825,92.775,,102.075,93.95,101.65,102.275,97.7,100.025,94.075
2026-04-13T16:53:40.722480+02:00,101.375,95.375,96.85,92.8,,102.075,93.975,101.65,102.275,97.725,100.05,94.1
2026-04-13T18:19:32.124603+02:00,101.375,95.325,96.8,92.75,,102.075,93.925,101.65,102.275,97.675,100.0,94.05
2026-04-13T19:38:48.313221+02:00,101.375,95.325,96.8,92.75,,102.075,93.925,101.65,102.275,97.675,100.0,94.05
2026-04-14T09:57:22.848277+02:00,101.45,95.575,97.05,93.025,,102.15,94.125,101.725,102.35,97.925,100.2,94.325
2026-04-14T11:43:38.010509+02:00,101.45,95.575,97.05,93.0,,102.15,94.075,101.725,102.35,97.925,100.2,94.3
2026-04-14T12:52:00.380642+02:00,101.45,95.525,97.0,92.95,,102.15,94.05,101.725,102.35,97.875,100.175,94.25
2026-04-14T14:01:50.508308+02:00,101.45,95.6,97.075,93.025,,102.15,94.125,101.725,102.35,97.95,100.225,94.3
2026-04-14T16:14:21.578796+02:00,101.45,95.625,97.1,93.075,,102.15,94.15,101.725,102.35,97.975,100.275,94.375
2026-04-14T17:43:42.666537+02:00,101.5,95.775,97.25,93.225,,102.2,94.275,101.775,102.4,98.125,100.375,94.525
2026-04-14T18:48:54.453573+02:00,101.5,95.775,97.25,93.225,,102.2,94.275,101.775,102.4,98.125,100.375,94.525
2026-04-15T09:58:33.140333+02:00,101.55,95.9,97.375,93.35,,102.25,94.375,101.825,102.45,98.25,100.475,94.65
2026-04-15T11:44:57.038564+02:00,101.525,95.825,97.3,93.275,,102.225,94.3,101.8,102.425,98.175,100.4,94.55
2026-04-15T12:47:55.512140+02:00,101.525,95.85,97.325,93.275,,102.225,94.3,101.8,102.425,98.2,100.4,94.575
2026-04-15T13:59:56.420385+02:00,101.5,95.75,97.225,93.15,,102.2,94.225,101.775,102.4,98.1,100.325,94.45
2026-04-15T15:59:58.194017+02:00,101.525,95.85,97.325,93.275,,102.225,94.325,101.8,102.425,98.2,100.425,94.575
2026-04-15T17:17:20.553675+02:00,101.5,95.8,97.275,93.225,,102.2,94.275,101.775,102.4,98.15,100.375,94.525
2026-04-15T18:36:32.921754+02:00,101.5,95.8,97.275,93.225,,102.2,94.275,101.775,102.4,98.15,100.375,94.525
2026-04-15T19:48:31.085762+02:00,101.5,95.8,97.275,93.225,,102.2,94.275,101.775,102.4,98.15,100.375,94.525
2026-04-16T09:58:24.932079+02:00,101.575,95.975,97.45,93.425,,102.275,94.475,101.85,102.475,98.325,100.525,94.725
2026-04-16T11:43:10.734290+02:00,101.55,95.9,97.375,93.325,,102.25,94.4,101.825,102.45,98.25,100.475,94.625
2026-04-16T12:49:58.810970+02:00,101.55,95.95,97.425,93.375,,102.25,94.425,101.825,102.45,98.3,100.5,94.675
2026-04-16T14:02:11.329676+02:00,101.6,96.1,97.575,93.55,,102.3,94.525,101.875,102.5,98.45,100.575,94.85
2026-04-16T16:16:09.108550+02:00,101.55,95.95,97.425,93.375,,102.25,94.4,101.825,102.45,98.3,100.475,94.675
2026-04-16T18:06:51.307746+02:00,101.525,95.875,97.35,93.3,,102.225,94.35,101.8,102.425,98.225,100.425,94.6
2026-04-16T19:45:39.615911+02:00,101.525,95.875,97.35,93.3,,102.225,94.35,101.8,102.425,98.225,100.425,94.6
2026-04-17T09:59:15.002085+02:00,101.525,95.85,97.325,93.25,,102.225,94.325,101.8,102.425,98.2,100.4,94.55
2026-04-17T11:42:27.605699+02:00,101.55,95.925,97.4,93.35,,102.25,94.4,101.825,102.45,98.275,100.475,94.65
2026-04-17T12:42:40.729272+02:00,101.575,95.95,97.425,93.35,,102.275,94.4,101.85,102.475,98.3,100.475,94.65
2026-04-17T13:38:35.868733+02:00,101.55,95.875,97.35,93.275,,102.25,94.35,101.825,102.45,98.225,100.425,94.575
2026-04-17T14:44:43.384839+02:00,101.575,95.95,97.425,93.375,,102.275,94.425,101.85,102.475,98.3,100.5,94.675
2026-04-17T16:11:42.105537+02:00,101.675,96.325,97.8,93.8,,102.375,94.7,101.95,102.575,98.675,100.75,95.1
2026-04-17T17:18:15.768480+02:00,101.775,96.375,97.85,93.825,,102.475,94.75,102.05,102.675,98.725,100.775,95.125
2026-04-17T18:30:42.013508+02:00,101.775,96.375,97.85,93.825,,102.475,94.75,102.05,102.675,98.725,100.775,95.125
2026-04-17T19:35:10.810847+02:00,101.775,96.375,97.85,93.825,,102.475,94.75,102.05,102.675,98.725,100.775,95.125
2026-04-20T10:20:37.011415+02:00,101.6,96.1,97.575,93.525,,102.3,94.525,101.875,102.5,98.45,100.6,94.825
2026-04-20T12:17:07.887889+02:00,101.625,96.175,97.65,93.625,,102.325,94.6,101.9,102.525,98.525,100.65,94.925
2026-04-20T13:53:00.041677+02:00,101.65,96.225,97.7,93.675,,102.35,94.625,101.925,102.55,98.575,100.7,94.975
2026-04-20T16:00:10.374111+02:00,101.675,96.3,97.775,93.75,,102.375,94.675,101.95,102.575,98.65,100.75,95.05
2026-04-20T17:25:17.528749+02:00,101.625,96.225,97.7,93.675,,102.325,94.6,101.9,102.525,98.575,100.7,94.975
2026-04-20T18:42:10.062158+02:00,101.625,96.225,97.7,93.675,,102.325,94.6,101.9,102.525,98.575,100.7,94.975
2026-04-20T19:43:49.846902+02:00,101.625,96.225,97.7,93.675,,102.325,94.6,101.9,102.525,98.575,100.7,94.975
2026-04-21T10:03:16.108423+02:00,101.675,96.35,97.825,93.825,,102.375,94.7,101.95,102.575,98.7,100.75,95.125
2026-04-21T11:52:54.197461+02:00,101.65,96.275,97.75,93.775,,102.35,94.7,101.925,102.55,98.625,100.725,95.075
2026-04-21T13:14:31.835745+02:00,101.65,96.175,97.65,93.675,,102.35,94.675,101.925,102.55,98.525,100.65,94.975
2026-04-21T14:10:38.835860+02:00,101.65,96.15,97.625,93.65,,102.35,94.675,101.925,102.55,98.5,100.6,94.95
2026-04-21T16:10:02.841453+02:00,101.625,96.175,97.65,93.675,,102.325,94.65,101.9,102.525,98.525,100.65,94.975
2026-04-21T17:44:07.602437+02:00,101.55,95.95,97.425,93.4,,102.25,94.475,101.825,102.45,98.3,100.5,94.7
2026-04-21T18:43:26.718263+02:00,101.55,95.95,97.425,93.4,,102.25,94.475,101.825,102.45,98.3,100.5,94.7
2026-04-21T19:45:22.965012+02:00,101.55,95.95,97.425,93.4,,102.25,94.475,101.825,102.45,98.3,100.5,94.7
2026-04-22T09:59:45.278241+02:00,101.6,96.025,97.5,93.475,,102.3,94.525,101.875,102.5,98.375,100.525,94.775
2026-04-22T11:46:18.965398+02:00,101.575,95.95,97.425,93.425,,102.275,94.525,101.85,102.475,98.3,100.5,94.725
2026-04-22T13:13:19.920093+02:00,101.55,95.925,97.4,93.4,,102.25,94.5,101.825,102.45,98.275,100.475,94.7
2026-04-22T14:10:22.111805+02:00,101.575,95.925,97.4,93.4,,102.275,94.55,101.85,102.475,98.275,100.45,94.7
2026-04-22T16:10:34.786017+02:00,101.55,95.9,97.375,93.375,,102.25,94.5,101.825,102.45,98.25,100.425,94.675
2026-04-22T17:41:52.484721+02:00,101.525,95.825,97.3,93.3,,102.225,94.45,101.8,102.425,98.175,100.375,94.6
2026-04-22T18:44:18.147457+02:00,101.525,95.825,97.3,93.3,,102.225,94.45,101.8,102.425,98.175,100.375,94.6
2026-04-22T19:46:17.219649+02:00,101.525,95.825,97.3,93.3,,102.225,94.45,101.8,102.425,98.175,100.375,94.6
2026-04-23T10:05:31.778118+02:00,101.475,95.725,97.2,93.175,,102.175,94.375,101.75,102.375,98.075,100.3,94.475
2026-04-23T11:57:49.889119+02:00,101.45,95.675,97.15,93.125,,102.15,94.325,101.725,102.35,98.025,100.25,94.425
2026-04-23T13:17:59.202330+02:00,101.45,95.65,97.125,93.1,,102.15,94.3,101.725,102.35,98.0,100.225,94.4
2026-04-23T14:40:59.415206+02:00,101.5,95.75,97.225,93.2,,102.2,94.4,101.775,102.4,98.1,100.3,94.5
2026-04-23T16:57:42.427648+02:00,101.475,95.7,97.175,93.175,,102.175,94.35,101.75,102.375,98.05,100.275,94.475
2026-04-23T18:50:10.827730+02:00,101.475,95.75,97.225,93.2,,102.175,94.375,101.75,102.375,98.1,100.3,94.5
2026-04-24T10:14:28.611717+02:00,101.4,95.55,97.025,93.025,,102.1,94.225,101.675,102.3,97.9,100.15,94.325
2026-04-24T11:56:34.804472+02:00,101.4,95.525,97.0,92.975,,102.1,94.225,101.675,102.3,97.875,100.1,94.275
2026-04-24T13:15:05.240445+02:00,101.425,95.6,97.075,93.075,,102.125,94.3,101.7,102.325,97.95,100.15,94.375
2026-04-24T14:09:37.169100+02:00,101.45,95.65,97.125,93.15,,102.15,94.35,101.725,102.35,98.0,100.2,94.45
2026-04-24T16:08:46.244675+02:00,101.425,95.625,97.1,93.1,,102.125,94.175,101.7,102.325,97.975,100.175,94.4
2026-04-24T17:39:14.825072+02:00,101.475,95.7,97.175,93.175,,102.175,94.225,101.75,102.375,98.05,100.225,94.475
2026-04-24T18:40:24.519683+02:00,101.475,95.7,97.175,93.175,,102.175,94.225,101.75,102.375,98.05,100.225,94.475
2026-04-24T19:38:34.381381+02:00,101.475,95.7,97.175,93.175,,102.175,94.225,101.75,102.375,98.05,100.225,94.475
2026-04-27T10:36:15.478710+02:00,101.45,95.7,97.175,93.15,,102.15,94.175,101.725,102.35,98.05,100.2,94.45
2026-04-27T12:49:00.360055+02:00,101.5,95.85,97.325,93.3,,102.2,94.25,101.775,102.4,98.2,100.35,94.6
2026-04-27T14:21:57.936688+02:00,101.525,95.825,97.3,93.275,,102.225,94.225,101.8,102.425,98.175,100.325,94.575
2026-04-27T16:35:01.800348+02:00,101.5,95.75,97.225,93.175,,102.2,94.15,101.775,102.4,98.1,100.25,94.475
2026-04-27T18:13:53.818596+02:00,101.475,95.675,97.15,93.075,,102.175,94.075,101.75,102.375,98.025,100.2,94.375
2026-04-27T19:44:24.653542+02:00,101.475,95.675,97.15,93.075,,102.175,94.075,101.75,102.375,98.025,100.2,94.375
2026-04-28T10:34:31.780780+02:00,101.425,95.55,97.025,92.925,,102.125,93.95,101.7,102.325,97.9,100.1,94.25
2026-04-28T12:49:30.562225+02:00,101.425,95.6,97.075,93.0,,102.125,93.975,101.7,102.325,97.95,100.1,94.3
2026-04-28T14:26:04.595792+02:00,101.375,95.525,97.0,92.9,,102.075,93.875,101.65,102.275,97.875,100.05,94.2
2026-04-28T17:05:35.823910+02:00,101.4,95.525,97.0,92.9,,102.1,93.925,101.675,102.3,97.875,100.075,94.2
2026-04-28T19:02:59.865531+02:00,101.4,95.525,97.0,92.9,,102.1,93.925,101.675,102.3,97.875,100.075,94.2
2026-04-29T10:28:05.023413+02:00,101.35,95.4,96.875,92.8,,102.05,93.825,101.625,102.25,97.75,99.975,94.1
2026-04-29T12:27:53.016604+02:00,101.3,95.325,96.8,92.725,,102.0,93.775,101.575,102.2,97.675,99.925,94.025
2026-04-29T14:05:43.673962+02:00,101.325,95.475,96.95,92.85,,102.025,93.825,101.6,102.225,97.825,99.975,94.15
2026-04-29T16:31:34.055437+02:00,101.3,95.325,96.8,92.7,,102.0,93.775,101.575,102.2,97.675,99.925,94.0
2026-04-29T18:19:58.361960+02:00,101.275,95.3,96.775,92.65,,101.975,93.725,101.55,102.175,97.65,99.875,93.95
2026-04-29T19:58:27.182447+02:00,101.275,95.3,96.775,92.65,,101.975,93.725,101.55,102.175,97.65,99.875,93.95
2026-04-30T10:30:57.739950+02:00,101.25,95.125,96.6,92.5,,101.95,93.675,101.525,102.15,97.475,99.775,93.8
2026-04-30T12:29:35.608352+02:00,101.275,95.225,96.7,92.625,,101.975,93.725,101.55,102.175,97.575,99.825,93.925
2026-04-30T14:03:05.637294+02:00,101.325,95.3,96.775,92.725,,102.025,93.85,101.6,102.225,97.65,99.875,94.025
2026-04-30T16:25:02.300866+02:00,101.35,95.4,96.875,92.825,,102.05,93.925,101.625,102.25,97.75,99.95,94.125
2026-04-30T18:04:05.918461+02:00,101.375,95.5,96.975,92.95,,102.075,94.0,101.65,102.275,97.85,100.0,94.225
2026-04-30T19:46:27.606409+02:00,101.375,95.5,96.975,92.95,,102.075,94.0,101.65,102.275,97.85,100.0,94.225
2026-05-01T10:21:09.480930+02:00,101.35,95.4,96.875,92.825,,102.05,93.925,101.625,102.25,97.75,99.95,94.125
2026-05-01T12:06:53.157394+02:00,101.350,95.475,96.950,92.875,,102.050,93.950,101.625,102.250,97.825,99.975,94.175
